# milob MNI152 scalp surface
# Source: ICBM152 non-linear asymmetric 2009a T1 (1 mm, MNI152 space).
# Outer-skin isosurface by star-shaped ray-cast; see
# scripts/make_scalp_mesh.py for the exact reproduction recipe.
# 9362 vertices, 18720 faces. Units: mm, MNI152 RAS.
v 0.0 -18.0 100.6
v 3.4 -18.0 100.4
v 3.4 -17.8 100.4
v 3.4 -17.6 100.4
v 3.4 -17.5 100.4
v 3.3 -17.3 100.4
v 3.3 -17.1 100.4
v 3.2 -16.9 100.4
v 3.2 -16.8 100.4
v 3.1 -16.6 100.4
v 3.0 -16.5 100.4
v 2.9 -16.3 100.4
v 2.8 -16.2 100.4
v 2.7 -16.0 100.4
v 2.6 -15.9 100.4
v 2.5 -15.7 100.4
v 2.4 -15.6 100.4
v 2.3 -15.5 100.4
v 2.1 -15.4 100.4
v 2.0 -15.3 100.4
v 1.8 -15.2 100.4
v 1.7 -15.1 100.4
v 1.5 -15.0 100.4
v 1.4 -14.9 100.4
v 1.2 -14.8 100.4
v 1.0 -14.8 100.4
v 0.9 -14.7 100.4
v 0.7 -14.7 100.4
v 0.5 -14.6 100.4
v 0.4 -14.6 100.3
v 0.2 -14.6 100.3
v 0.0 -14.6 100.4
v -0.2 -14.6 100.4
v -0.4 -14.6 100.4
v -0.5 -14.6 100.3
v -0.7 -14.7 100.3
v -0.9 -14.7 100.4
v -1.0 -14.8 100.4
v -1.2 -14.8 100.4
v -1.4 -14.9 100.4
v -1.5 -15.0 100.4
v -1.7 -15.1 100.4
v -1.9 -15.1 100.4
v -2.0 -15.3 100.4
v -2.1 -15.4 100.4
v -2.3 -15.5 100.4
v -2.4 -15.6 100.4
v -2.5 -15.7 100.4
v -2.6 -15.9 100.4
v -2.7 -16.0 100.4
v -2.9 -16.1 100.4
v -2.9 -16.3 100.4
v -3.0 -16.5 100.4
v -3.1 -16.6 100.4
v -3.2 -16.8 100.4
v -3.2 -16.9 100.4
v -3.3 -17.1 100.4
v -3.3 -17.3 100.4
v -3.4 -17.5 100.4
v -3.4 -17.6 100.5
v -3.4 -17.8 100.5
v -3.4 -18.0 100.5
v -3.4 -18.2 100.5
v -3.4 -18.4 100.5
v -3.4 -18.5 100.5
v -3.3 -18.7 100.6
v -3.3 -18.9 101.2
v -3.3 -19.1 101.3
v -3.2 -19.2 101.3
v -3.1 -19.4 101.3
v -3.1 -19.6 101.3
v -3.0 -19.7 101.3
v -2.9 -19.9 101.3
v -2.8 -20.0 101.3
v -2.7 -20.2 101.3
v -2.6 -20.3 101.3
v -2.4 -20.4 101.3
v -2.3 -20.6 101.3
v -2.2 -20.7 101.3
v -2.0 -20.8 101.3
v -1.9 -20.9 101.3
v -1.7 -21.0 101.3
v -1.6 -21.1 101.3
v -1.4 -21.1 101.3
v -1.2 -21.2 101.3
v -1.1 -21.3 101.3
v -0.9 -21.3 101.3
v -0.7 -21.4 101.3
v -0.5 -21.4 101.3
v -0.4 -21.4 101.3
v -0.2 -21.4 101.3
v -0.0 -21.4 101.3
v 0.2 -21.4 101.3
v 0.4 -21.4 101.3
v 0.5 -21.4 101.3
v 0.7 -21.4 101.3
v 0.9 -21.3 101.3
v 1.1 -21.3 101.3
v 1.2 -21.2 101.3
v 1.4 -21.1 101.3
v 1.6 -21.1 101.3
v 1.7 -21.0 101.3
v 1.9 -20.9 101.3
v 2.0 -20.8 101.3
v 2.2 -20.7 101.3
v 2.3 -20.6 101.3
v 2.4 -20.4 101.3
v 2.6 -20.3 101.3
v 2.7 -20.2 101.3
v 2.8 -20.0 101.3
v 2.9 -19.9 101.3
v 3.0 -19.7 101.3
v 3.1 -19.6 101.3
v 3.1 -19.4 101.3
v 3.2 -19.2 101.2
v 3.2 -19.1 100.9
v 3.3 -18.9 100.6
v 3.3 -18.7 100.5
v 3.4 -18.5 100.5
v 3.4 -18.4 100.4
v 3.4 -18.2 100.4
v 6.8 -18.0 100.2
v 6.8 -17.6 100.2
v 6.8 -17.3 100.2
v 6.7 -16.9 100.2
v 6.6 -16.6 100.2
v 6.6 -16.2 100.2
v 6.5 -15.9 100.2
v 6.3 -15.6 100.2
v 6.2 -15.2 100.2
v 6.0 -14.9 100.2
v 5.9 -14.6 100.1
v 5.7 -14.3 99.8
v 5.5 -14.0 99.7
v 5.2 -13.8 99.7
v 5.0 -13.5 99.7
v 4.8 -13.2 99.7
v 4.5 -13.0 99.8
v 4.3 -12.7 100.1
v 4.0 -12.5 100.1
v 3.7 -12.3 99.8
v 3.4 -12.2 99.7
v 3.1 -12.0 99.7
v 2.7 -11.8 99.7
v 2.4 -11.7 99.7
v 2.1 -11.6 99.7
v 1.7 -11.5 99.7
v 1.4 -11.4 99.7
v 1.1 -11.3 99.7
v 0.7 -11.3 99.4
v 0.4 -11.3 99.4
v 0.0 -11.3 99.7
v -0.4 -11.3 99.7
v -0.7 -11.3 99.7
v -1.1 -11.4 99.4
v -1.4 -11.4 99.4
v -1.7 -11.5 99.7
v -2.1 -11.6 99.7
v -2.4 -11.7 99.8
v -2.8 -11.8 100.1
v -3.1 -12.0 100.2
v -3.4 -12.1 100.2
v -3.7 -12.3 100.2
v -4.0 -12.5 100.2
v -4.3 -12.7 100.2
v -4.5 -13.0 100.2
v -4.8 -13.2 100.2
v -5.0 -13.5 100.2
v -5.3 -13.7 100.2
v -5.5 -14.0 100.2
v -5.7 -14.3 100.2
v -5.9 -14.6 100.2
v -6.0 -14.9 100.2
v -6.2 -15.2 100.2
v -6.3 -15.6 100.2
v -6.5 -15.9 100.2
v -6.6 -16.2 100.2
v -6.6 -16.6 100.2
v -6.7 -16.9 100.3
v -6.8 -17.3 100.5
v -6.8 -17.6 100.6
v -6.8 -18.0 100.6
v -6.8 -18.4 100.6
v -6.8 -18.7 100.6
v -6.7 -19.1 100.7
v -6.7 -19.4 100.7
v -6.6 -19.8 101.2
v -6.5 -20.1 101.2
v -6.4 -20.5 101.2
v -6.3 -20.8 101.2
v -6.1 -21.1 101.3
v -6.0 -21.4 101.3
v -5.8 -21.7 101.3
v -5.6 -22.0 101.3
v -5.3 -22.3 101.3
v -5.1 -22.6 101.3
v -4.9 -22.9 101.3
v -4.6 -23.1 101.3
v -4.3 -23.3 101.3
v -4.0 -23.6 101.3
v -3.7 -23.8 101.3
v -3.4 -24.0 101.3
v -3.1 -24.1 101.3
v -2.8 -24.3 101.4
v -2.5 -24.4 101.4
v -2.1 -24.6 101.4
v -1.8 -24.7 101.4
v -1.4 -24.7 101.4
v -1.1 -24.8 101.4
v -0.7 -24.8 101.4
v -0.4 -24.9 101.4
v -0.0 -24.9 101.4
v 0.4 -24.9 101.4
v 0.7 -24.8 101.4
v 1.1 -24.8 101.3
v 1.4 -24.7 101.3
v 1.8 -24.7 101.4
v 2.1 -24.6 101.4
v 2.5 -24.4 101.4
v 2.8 -24.3 101.4
v 3.1 -24.1 101.3
v 3.4 -24.0 101.3
v 3.7 -23.8 101.3
v 4.0 -23.6 101.3
v 4.3 -23.3 101.3
v 4.6 -23.1 101.3
v 4.9 -22.9 101.3
v 5.1 -22.6 101.3
v 5.3 -22.3 101.3
v 5.6 -22.0 101.3
v 5.8 -21.7 101.2
v 6.0 -21.4 101.2
v 6.1 -21.1 101.2
v 6.3 -20.8 101.2
v 6.4 -20.5 101.2
v 6.5 -20.1 100.8
v 6.6 -19.8 100.7
v 6.7 -19.4 100.7
v 6.7 -19.1 100.5
v 6.8 -18.7 100.3
v 6.8 -18.4 100.2
v 10.2 -18.0 99.9
v 10.2 -17.5 99.9
v 10.1 -16.9 99.9
v 10.0 -16.4 99.8
v 9.9 -15.9 99.8
v 9.8 -15.4 99.8
v 9.7 -14.9 99.8
v 9.5 -14.4 99.5
v 9.2 -13.9 99.4
v 9.0 -13.4 99.4
v 8.8 -12.9 99.3
v 8.4 -12.5 99.0
v 8.1 -12.1 99.0
v 7.8 -11.7 99.0
v 7.5 -11.3 99.0
v 7.1 -10.9 99.0
v 6.7 -10.5 99.0
v 6.4 -10.1 99.3
v 5.9 -9.8 99.3
v 5.5 -9.6 99.0
v 5.0 -9.3 99.0
v 4.6 -9.0 99.0
v 4.1 -8.8 99.0
v 3.6 -8.6 99.0
v 3.1 -8.4 99.0
v 2.6 -8.3 99.0
v 2.1 -8.2 99.0
v 1.6 -8.1 99.0
v 1.1 -8.0 98.8
v 0.5 -8.0 98.8
v 0.0 -7.9 99.0
v -0.5 -7.9 99.0
v -1.1 -8.0 99.0
v -1.6 -8.1 98.8
v -2.1 -8.2 98.8
v -2.6 -8.3 99.0
v -3.1 -8.4 99.0
v -3.6 -8.6 99.0
v -4.1 -8.8 99.3
v -4.6 -9.0 99.4
v -5.1 -9.2 99.4
v -5.5 -9.5 99.4
v -5.9 -9.8 99.4
v -6.4 -10.1 99.4
v -6.8 -10.5 99.4
v -7.2 -10.8 99.4
v -7.5 -11.2 99.4
v -7.9 -11.6 99.4
v -8.2 -12.1 99.4
v -8.5 -12.5 99.4
v -8.8 -12.9 99.5
v -9.0 -13.4 99.5
v -9.2 -13.9 99.5
v -9.5 -14.4 99.5
v -9.7 -14.9 99.8
v -9.8 -15.4 99.8
v -10.0 -15.9 99.9
v -10.1 -16.4 99.9
v -10.1 -16.9 100.0
v -10.2 -17.5 100.0
v -10.2 -18.0 100.0
v -10.2 -18.5 100.0
v -10.1 -19.1 100.1
v -10.1 -19.6 100.3
v -10.0 -20.1 100.5
v -9.9 -20.7 100.8
v -9.8 -21.2 100.8
v -9.6 -21.7 100.9
v -9.4 -22.2 101.0
v -9.2 -22.7 101.3
v -9.0 -23.2 101.3
v -8.7 -23.6 101.3
v -8.4 -24.1 101.4
v -8.0 -24.5 101.4
v -7.7 -24.9 101.4
v -7.3 -25.3 101.4
v -6.9 -25.7 101.4
v -6.5 -26.0 101.4
v -6.1 -26.4 101.4
v -5.6 -26.7 101.4
v -5.2 -27.0 101.4
v -4.7 -27.2 101.6
v -4.2 -27.5 102.1
v -3.7 -27.8 102.3
v -3.2 -27.9 102.3
v -2.7 -28.1 102.3
v -2.2 -28.2 102.3
v -1.6 -28.3 102.3
v -1.1 -28.4 102.3
v -0.5 -28.4 102.3
v -0.0 -28.5 102.3
v 0.5 -28.4 102.3
v 1.1 -28.4 102.1
v 1.6 -28.3 101.6
v 2.2 -28.2 101.6
v 2.7 -28.1 102.1
v 3.2 -27.9 102.3
v 3.7 -27.8 102.3
v 4.2 -27.5 102.1
v 4.7 -27.2 101.6
v 5.2 -27.0 101.4
v 5.6 -26.7 101.4
v 6.1 -26.4 101.4
v 6.5 -26.0 101.4
v 6.9 -25.7 101.4
v 7.3 -25.3 101.4
v 7.7 -24.9 101.3
v 8.0 -24.5 101.3
v 8.4 -24.1 101.3
v 8.6 -23.6 101.0
v 8.9 -23.2 100.9
v 9.2 -22.7 100.9
v 9.4 -22.2 100.9
v 9.6 -21.7 100.8
v 9.7 -21.2 100.5
v 9.9 -20.6 100.4
v 10.0 -20.1 100.3
v 10.1 -19.6 100.1
v 10.1 -19.1 100.0
v 10.2 -18.5 99.9
v 13.5 -18.0 99.4
v 13.5 -17.3 99.4
v 13.4 -16.6 99.3
v 13.3 -15.9 99.1
v 13.2 -15.2 99.0
v 13.0 -14.5 99.0
v 12.8 -13.8 98.9
v 12.6 -13.2 98.8
v 12.2 -12.6 98.5
v 11.9 -11.9 98.4
v 11.6 -11.3 98.4
v 11.2 -10.7 98.4
v 10.8 -10.1 98.4
v 10.4 -9.6 98.4
v 9.9 -9.1 98.4
v 9.5 -8.5 98.4
v 8.9 -8.1 98.4
v 8.4 -7.6 98.4
v 7.9 -7.2 98.4
v 7.3 -6.8 98.4
v 6.7 -6.4 98.4
v 6.1 -6.1 98.4
v 5.4 -5.8 98.4
v 4.8 -5.5 98.4
v 4.1 -5.3 98.4
v 3.5 -5.1 98.4
v 2.8 -4.9 98.4
v 2.1 -4.8 98.3
v 1.4 -4.7 98.1
v 0.7 -4.7 98.1
v 0.0 -4.6 98.3
v -0.7 -4.6 98.4
v -1.4 -4.7 98.3
v -2.1 -4.8 98.1
v -2.8 -5.0 98.1
v -3.5 -5.1 98.3
v -4.1 -5.3 98.4
v -4.8 -5.5 98.4
v -5.4 -5.8 98.4
v -6.1 -6.1 98.4
v -6.7 -6.4 98.4
v -7.3 -6.8 98.4
v -7.9 -7.2 98.4
v -8.4 -7.6 98.4
v -9.0 -8.1 98.4
v -9.5 -8.5 98.4
v -9.9 -9.0 98.4
v -10.4 -9.6 98.4
v -10.8 -10.1 98.4
v -11.2 -10.7 98.6
v -11.6 -11.3 98.8
v -12.0 -11.9 98.9
v -12.3 -12.5 98.9
v -12.6 -13.2 98.9
v -12.8 -13.8 99.0
v -13.0 -14.5 99.1
v -13.2 -15.2 99.3
v -13.4 -15.9 99.4
v -13.5 -16.6 99.4
v -13.5 -17.3 99.4
v -13.6 -18.0 99.5
v -13.6 -18.7 99.7
v -13.5 -19.4 99.8
v -13.5 -20.1 99.9
v -13.3 -20.8 99.9
v -13.2 -21.5 100.0
v -13.0 -22.2 100.1
v -12.8 -22.9 100.4
v -12.6 -23.6 100.7
v -12.3 -24.3 100.9
v -11.9 -24.9 100.9
v -11.6 -25.5 101.0
v -11.2 -26.1 101.3
v -10.8 -26.7 101.3
v -10.3 -27.3 101.3
v -9.8 -27.8 101.3
v -9.3 -28.3 101.4
v -8.7 -28.8 101.4
v -8.1 -29.2 101.4
v -7.5 -29.6 101.4
v -6.9 -30.0 101.5
v -6.3 -30.4 101.8
v -5.7 -30.8 102.3
v -5.0 -31.1 102.4
v -4.3 -31.3 102.4
v -3.6 -31.5 102.4
v -2.9 -31.7 102.4
v -2.2 -31.8 102.4
v -1.5 -31.9 102.4
v -0.7 -32.0 102.4
v -0.0 -32.0 102.4
v 0.7 -32.0 102.4
v 1.5 -31.9 102.4
v 2.2 -31.8 102.3
v 2.9 -31.7 102.3
v 3.6 -31.5 102.4
v 4.3 -31.3 102.4
v 5.0 -31.1 102.4
v 5.7 -30.8 102.3
v 6.3 -30.4 101.8
v 6.9 -30.0 101.5
v 7.5 -29.6 101.4
v 8.1 -29.2 101.4
v 8.7 -28.8 101.4
v 9.3 -28.3 101.3
v 9.8 -27.8 101.3
v 10.3 -27.2 101.0
v 10.7 -26.7 101.0
v 11.2 -26.1 101.0
v 11.5 -25.5 100.8
v 11.9 -24.9 100.7
v 12.2 -24.2 100.5
v 12.5 -23.6 100.3
v 12.7 -22.9 100.1
v 13.0 -22.2 100.0
v 13.2 -21.5 99.9
v 13.3 -20.8 99.9
v 13.4 -20.1 99.8
v 13.5 -19.4 99.7
v 13.5 -18.7 99.5
v 16.8 -18.0 98.4
v 16.8 -17.1 98.3
v 16.7 -16.2 98.3
v 16.6 -15.4 98.3
v 16.4 -14.5 98.3
v 16.2 -13.7 98.2
v 15.9 -12.8 98.0
v 15.6 -12.0 97.7
v 15.2 -11.2 97.4
v 14.8 -10.5 97.3
v 14.4 -9.7 97.3
v 13.9 -9.0 97.3
v 13.4 -8.2 97.3
v 12.9 -7.6 97.3
v 12.3 -6.9 97.3
v 11.7 -6.3 97.3
v 11.1 -5.7 97.3
v 10.4 -5.1 97.3
v 9.8 -4.6 97.3
v 9.0 -4.1 97.3
v 8.3 -3.6 97.3
v 7.5 -3.2 97.3
v 6.7 -2.8 97.3
v 5.9 -2.5 97.3
v 5.1 -2.2 97.3
v 4.3 -2.0 97.3
v 3.4 -1.8 97.3
v 2.6 -1.6 97.3
v 1.7 -1.5 97.3
v 0.9 -1.4 97.3
v 0.0 -1.4 97.3
v -0.9 -1.4 97.3
v -1.7 -1.5 97.3
v -2.6 -1.6 97.3
v -3.4 -1.8 97.3
v -4.3 -2.0 97.3
v -5.1 -2.2 97.3
v -5.9 -2.5 97.3
v -6.7 -2.8 97.3
v -7.5 -3.2 97.3
v -8.3 -3.6 97.3
v -9.0 -4.1 97.3
v -9.8 -4.6 97.3
v -10.4 -5.1 97.3
v -11.1 -5.7 97.3
v -11.7 -6.3 97.3
v -12.3 -6.9 97.3
v -12.9 -7.6 97.3
v -13.4 -8.2 97.4
v -14.0 -8.9 97.7
v -14.4 -9.7 97.8
v -14.9 -10.4 97.9
v -15.3 -11.2 98.0
v -15.7 -12.0 98.2
v -16.0 -12.8 98.3
v -16.2 -13.7 98.3
v -16.4 -14.5 98.3
v -16.6 -15.4 98.3
v -16.7 -16.2 98.4
v -16.8 -17.1 98.7
v -16.9 -18.0 98.8
v -16.9 -18.9 98.9
v -16.8 -19.8 98.9
v -16.8 -20.7 99.2
v -16.6 -21.5 99.2
v -16.4 -22.4 99.4
v -16.2 -23.3 99.7
v -16.0 -24.1 99.8
v -15.6 -25.0 99.9
v -15.3 -25.8 100.2
v -14.9 -26.6 100.3
v -14.5 -27.4 100.7
v -14.0 -28.2 100.8
v -13.4 -28.9 100.8
v -12.9 -29.6 100.8
v -12.2 -30.2 100.9
v -11.6 -30.9 101.1
v -10.9 -31.5 101.3
v -10.2 -32.1 101.3
v -9.5 -32.6 101.3
v -8.7 -33.1 101.4
v -7.9 -33.6 101.8
v -7.1 -34.0 102.1
v -6.3 -34.4 102.2
v -5.4 -34.7 102.2
v -4.5 -35.0 102.2
v -3.7 -35.2 102.2
v -2.7 -35.4 102.2
v -1.8 -35.5 102.2
v -0.9 -35.5 102.2
v -0.0 -35.6 102.2
v 0.9 -35.6 102.2
v 1.8 -35.5 102.2
v 2.7 -35.4 102.2
v 3.7 -35.2 102.2
v 4.5 -35.0 102.2
v 5.4 -34.7 102.2
v 6.3 -34.4 102.2
v 7.1 -34.0 102.1
v 7.9 -33.6 101.8
v 8.7 -33.1 101.4
v 9.5 -32.6 101.3
v 10.2 -32.1 101.3
v 10.9 -31.5 101.2
v 11.6 -30.9 100.9
v 12.2 -30.2 100.8
v 12.8 -29.6 100.7
v 13.4 -28.9 100.7
v 14.0 -28.1 100.7
v 14.4 -27.4 100.3
v 14.8 -26.6 100.0
v 15.2 -25.8 99.8
v 15.6 -24.9 99.8
v 15.9 -24.1 99.7
v 16.2 -23.3 99.6
v 16.4 -22.4 99.4
v 16.6 -21.5 99.2
v 16.7 -20.6 98.9
v 16.8 -19.8 98.9
v 16.9 -18.9 98.8
v 20.1 -18.0 97.5
v 20.0 -17.0 97.2
v 19.9 -15.9 97.2
v 19.7 -14.9 97.2
v 19.5 -13.8 97.2
v 19.3 -12.8 97.2
v 18.9 -11.8 96.9
v 18.5 -10.9 96.4
v 18.0 -10.0 96.2
v 17.6 -9.0 96.2
v 17.1 -8.1 96.2
v 16.6 -7.2 96.2
v 16.0 -6.4 96.2
v 15.3 -5.6 96.2
v 14.7 -4.8 96.2
v 14.0 -4.0 96.2
v 13.2 -3.3 96.2
v 12.4 -2.7 96.2
v 11.6 -2.0 96.2
v 10.8 -1.4 96.2
v 9.9 -0.9 96.1
v 9.0 -0.4 96.2
v 8.0 0.0 96.2
v 7.1 0.4 96.2
v 6.1 0.8 96.2
v 5.1 1.1 96.2
v 4.1 1.3 96.2
v 3.1 1.5 96.2
v 2.1 1.6 96.2
v 1.0 1.7 96.2
v 0.0 1.7 96.2
v -1.0 1.7 96.2
v -2.1 1.6 96.2
v -3.1 1.5 96.2
v -4.1 1.3 96.2
v -5.1 1.1 96.2
v -6.1 0.8 96.2
v -7.1 0.4 96.2
v -8.0 0.0 96.2
v -9.0 -0.4 96.2
v -9.9 -0.9 96.2
v -10.8 -1.4 96.2
v -11.6 -2.0 96.2
v -12.4 -2.7 96.2
v -13.2 -3.3 96.2
v -14.0 -4.0 96.2
v -14.7 -4.8 96.2
v -15.3 -5.6 96.2
v -16.0 -6.4 96.2
v -16.6 -7.2 96.3
v -17.1 -8.1 96.4
v -17.7 -9.0 96.9
v -18.2 -9.9 97.0
v -18.7 -10.8 97.2
v -19.0 -11.8 97.2
v -19.3 -12.8 97.2
v -19.5 -13.8 97.2
v -19.7 -14.9 97.2
v -19.9 -15.9 97.2
v -20.1 -16.9 97.6
v -20.2 -18.0 98.0
v -20.2 -19.1 98.1
v -20.1 -20.1 98.1
v -20.0 -21.2 98.1
v -19.8 -22.2 98.2
v -19.6 -23.3 98.5
v -19.4 -24.3 99.0
v -19.1 -25.3 99.0
v -18.7 -26.3 99.0
v -18.2 -27.3 99.2
v -17.8 -28.3 99.6
v -17.3 -29.3 100.0
v -16.7 -30.2 100.0
v -16.1 -31.0 100.1
v -15.4 -31.9 100.3
v -14.7 -32.7 100.5
v -13.9 -33.5 100.6
v -13.1 -34.2 100.9
v -12.3 -34.9 101.0
v -11.4 -35.6 101.1
v -10.5 -36.2 101.4
v -9.5 -36.7 101.5
v -8.6 -37.2 101.5
v -7.5 -37.7 101.5
v -6.5 -38.0 101.5
v -5.4 -38.3 101.5
v -4.4 -38.6 101.5
v -3.3 -38.8 101.5
v -2.2 -38.9 101.5
v -1.1 -39.0 101.6
v -0.0 -39.1 101.9
v 1.1 -39.1 102.0
v 2.2 -39.0 101.9
v 3.3 -38.8 101.6
v 4.4 -38.6 101.5
v 5.4 -38.3 101.5
v 6.5 -38.0 101.5
v 7.5 -37.7 101.5
v 8.6 -37.2 101.5
v 9.5 -36.7 101.5
v 10.5 -36.2 101.4
v 11.4 -35.6 101.1
v 12.3 -34.9 101.0
v 13.1 -34.2 100.9
v 13.9 -33.5 100.5
v 14.6 -32.6 100.1
v 15.4 -31.8 100.0
v 16.1 -31.0 100.0
v 16.7 -30.2 100.0
v 17.3 -29.2 99.9
v 17.8 -28.3 99.4
v 18.2 -27.3 99.1
v 18.7 -26.3 99.0
v 19.1 -25.3 99.0
v 19.4 -24.3 98.7
v 19.6 -23.3 98.4
v 19.8 -22.2 98.2
v 20.0 -21.2 98.1
v 20.1 -20.1 98.1
v 20.2 -19.1 98.0
v 23.3 -18.0 96.4
v 23.2 -16.8 96.2
v 23.1 -15.6 96.2
v 22.9 -14.4 96.2
v 22.7 -13.2 96.2
v 22.4 -12.0 96.0
v 21.9 -10.9 95.5
v 21.4 -9.8 95.3
v 21.0 -8.7 95.3
v 20.4 -7.6 95.3
v 19.9 -6.5 95.3
v 19.2 -5.5 95.3
v 18.6 -4.5 95.3
v 17.8 -3.6 95.3
v 17.1 -2.6 95.3
v 16.2 -1.8 95.3
v 15.4 -0.9 95.3
v 14.4 -0.2 95.2
v 13.5 0.5 95.2
v 12.5 1.2 95.1
v 11.4 1.8 94.9
v 10.4 2.4 95.1
v 9.3 2.9 95.2
v 8.2 3.4 95.2
v 7.1 3.8 95.2
v 5.9 4.1 95.2
v 4.8 4.4 95.3
v 3.6 4.7 95.3
v 2.4 4.8 95.3
v 1.2 4.9 95.3
v 0.0 4.9 95.3
v -1.2 4.9 95.3
v -2.4 4.8 95.3
v -3.6 4.7 95.3
v -4.8 4.4 95.3
v -5.9 4.2 95.3
v -7.1 3.8 95.3
v -8.2 3.4 95.3
v -9.3 3.0 95.3
v -10.4 2.4 95.3
v -11.5 1.9 95.3
v -12.5 1.2 95.3
v -13.5 0.6 95.3
v -14.4 -0.2 95.3
v -15.4 -0.9 95.3
v -16.2 -1.8 95.3
v -17.1 -2.6 95.3
v -17.8 -3.6 95.3
v -18.6 -4.5 95.3
v -19.2 -5.5 95.3
v -19.9 -6.5 95.3
v -20.5 -7.6 95.4
v -21.0 -8.6 95.5
v -21.6 -9.7 96.0
v -22.1 -10.8 96.2
v -22.4 -12.0 96.2
v -22.7 -13.2 96.2
v -22.9 -14.4 96.2
v -23.1 -15.6 96.2
v -23.2 -16.8 96.4
v -23.4 -18.0 97.0
v -23.4 -19.2 97.1
v -23.4 -20.5 97.2
v -23.2 -21.7 97.2
v -23.0 -22.9 97.2
v -22.7 -24.1 97.4
v -22.6 -25.3 98.0
v -22.2 -26.5 98.2
v -21.7 -27.7 98.2
v -21.2 -28.8 98.4
v -20.8 -30.0 99.0
v -20.2 -31.1 99.1
v -19.5 -32.1 99.1
v -18.7 -33.1 99.2
v -17.9 -34.1 99.4
v -17.2 -35.2 99.9
v -16.3 -36.1 100.0
v -15.3 -36.9 100.2
v -14.4 -37.8 100.5
v -13.3 -38.5 100.7
v -12.3 -39.3 101.0
v -11.2 -39.9 101.1
v -10.0 -40.5 101.1
v -8.8 -41.0 101.1
v -7.6 -41.4 101.1
v -6.4 -41.8 101.1
v -5.1 -42.1 101.1
v -3.8 -42.3 101.1
v -2.6 -42.5 101.1
v -1.3 -42.6 101.1
v -0.0 -42.7 101.4
v 1.3 -42.7 101.5
v 2.6 -42.6 101.4
v 3.8 -42.3 101.1
v 5.1 -42.1 101.1
v 6.4 -41.8 101.1
v 7.6 -41.4 101.1
v 8.8 -41.0 101.1
v 10.0 -40.5 101.1
v 11.2 -39.9 101.1
v 12.3 -39.3 101.0
v 13.3 -38.5 100.6
v 14.4 -37.8 100.5
v 15.3 -36.9 100.2
v 16.2 -36.0 100.0
v 17.1 -35.1 99.6
v 17.9 -34.1 99.3
v 18.7 -33.1 99.1
v 19.5 -32.1 99.1
v 20.1 -31.1 99.0
v 20.6 -29.9 98.4
v 21.2 -28.8 98.2
v 21.7 -27.7 98.2
v 22.2 -26.5 98.2
v 22.6 -25.3 98.0
v 22.7 -24.1 97.4
v 23.0 -22.9 97.2
v 23.2 -21.7 97.2
v 23.4 -20.5 97.2
v 23.4 -19.2 97.0
v 26.4 -18.0 95.3
v 26.4 -16.6 95.3
v 26.3 -15.2 95.3
v 26.1 -13.9 95.2
v 25.8 -12.5 95.1
v 25.3 -11.2 94.5
v 24.8 -9.9 94.3
v 24.4 -8.6 94.3
v 23.8 -7.4 94.2
v 23.2 -6.2 94.2
v 22.6 -5.0 94.2
v 21.9 -3.8 94.2
v 21.1 -2.7 94.2
v 20.3 -1.6 94.2
v 19.4 -0.5 94.2
v 18.4 0.4 94.2
v 17.4 1.4 94.1
v 16.3 2.1 93.6
v 15.2 2.9 93.5
v 14.1 3.7 93.5
v 12.9 4.4 93.4
v 11.7 5.0 93.5
v 10.5 5.6 93.5
v 9.3 6.1 93.5
v 8.0 6.6 93.5
v 6.7 7.1 93.8
v 5.4 7.5 94.2
v 4.1 7.8 94.3
v 2.7 8.0 94.3
v 1.4 8.1 94.3
v 0.0 8.1 94.3
v -1.4 8.1 94.3
v -2.7 8.0 94.3
v -4.1 7.8 94.3
v -5.4 7.5 94.3
v -6.8 7.2 94.3
v -8.1 6.8 94.3
v -9.3 6.3 94.2
v -10.6 5.8 94.2
v -11.8 5.2 94.2
v -13.0 4.6 94.2
v -14.2 3.9 94.2
v -15.3 3.1 94.2
v -16.4 2.3 94.2
v -17.5 1.4 94.2
v -18.4 0.4 94.2
v -19.4 -0.5 94.2
v -20.3 -1.6 94.2
v -21.1 -2.7 94.2
v -21.9 -3.8 94.2
v -22.6 -5.0 94.3
v -23.3 -6.1 94.3
v -23.9 -7.4 94.3
v -24.4 -8.6 94.5
v -25.0 -9.9 94.8
v -25.5 -11.2 95.1
v -25.8 -12.5 95.2
v -26.1 -13.9 95.3
v -26.3 -15.2 95.3
v -26.4 -16.6 95.3
v -26.5 -18.0 95.4
v -26.5 -19.4 95.5
v -26.5 -20.8 96.0
v -26.4 -22.2 96.2
v -26.2 -23.6 96.2
v -25.9 -24.9 96.3
v -25.7 -26.3 97.0
v -25.3 -27.7 97.2
v -24.8 -29.0 97.3
v -24.2 -30.3 97.6
v -23.7 -31.7 98.0
v -23.0 -32.9 98.1
v -22.2 -34.1 98.2
v -21.4 -35.3 98.5
v -20.5 -36.5 98.9
v -19.6 -37.6 99.1
v -18.5 -38.6 99.1
v -17.4 -39.5 99.2
v -16.4 -40.6 99.7
v -15.3 -41.5 100.2
v -14.1 -42.4 100.4
v -12.8 -43.1 100.4
v -11.4 -43.7 100.4
v -10.1 -44.3 100.4
v -8.7 -44.8 100.4
v -7.3 -45.2 100.4
v -5.8 -45.5 100.4
v -4.4 -45.8 100.5
v -2.9 -46.0 100.5
v -1.5 -46.1 100.4
v -0.0 -46.2 100.5
v 1.5 -46.2 100.6
v 2.9 -46.0 100.6
v 4.4 -45.8 100.5
v 5.9 -45.6 100.5
v 7.3 -45.2 100.5
v 8.7 -44.8 100.5
v 10.1 -44.3 100.4
v 11.4 -43.7 100.4
v 12.8 -43.1 100.4
v 14.1 -42.3 100.4
v 15.2 -41.5 100.0
v 16.4 -40.5 99.6
v 17.4 -39.5 99.2
v 18.5 -38.6 99.1
v 19.6 -37.6 99.0
v 20.4 -36.4 98.5
v 21.3 -35.2 98.2
v 22.2 -34.1 98.2
v 22.9 -32.9 98.0
v 23.6 -31.6 97.6
v 24.1 -30.3 97.3
v 24.7 -29.0 97.2
v 25.3 -27.7 97.2
v 25.7 -26.3 97.0
v 25.9 -24.9 96.4
v 26.2 -23.6 96.2
v 26.4 -22.2 96.2
v 26.5 -20.8 96.0
v 26.5 -19.4 95.5
v 29.6 -18.0 94.1
v 29.5 -16.5 94.1
v 29.4 -14.9 94.0
v 29.1 -13.4 93.8
v 28.8 -11.9 93.6
v 28.3 -10.4 93.3
v 27.8 -9.0 93.2
v 27.2 -7.5 93.0
v 26.5 -6.2 92.5
v 25.8 -4.9 92.4
v 25.1 -3.5 92.4
v 24.3 -2.2 92.4
v 23.4 -1.0 92.4
v 22.5 0.2 92.4
v 21.5 1.4 92.4
v 20.5 2.5 92.4
v 19.4 3.5 92.4
v 18.2 4.5 92.3
v 17.0 5.4 92.3
v 15.7 6.2 92.3
v 14.5 7.0 92.3
v 13.1 7.8 92.3
v 11.8 8.4 92.3
v 10.4 9.0 92.3
v 8.9 9.5 92.3
v 7.5 10.0 92.4
v 6.0 10.4 92.7
v 4.6 10.8 92.9
v 3.1 11.0 93.1
v 1.5 11.2 93.2
v 0.0 11.3 93.2
v -1.5 11.2 93.2
v -3.1 11.1 93.2
v -4.6 10.9 93.2
v -6.1 10.6 93.2
v -7.6 10.2 93.2
v -9.0 9.8 93.0
v -10.4 9.1 92.5
v -11.8 8.4 92.4
v -13.1 7.8 92.4
v -14.5 7.1 92.4
v -15.8 6.3 92.4
v -17.0 5.4 92.4
v -18.2 4.5 92.4
v -19.4 3.5 92.4
v -20.5 2.5 92.4
v -21.5 1.4 92.4
v -22.5 0.2 92.4
v -23.4 -1.0 92.4
v -24.3 -2.2 92.4
v -25.2 -3.5 92.8
v -26.0 -4.7 93.1
v -26.7 -6.1 93.2
v -27.3 -7.5 93.2
v -27.9 -8.9 93.3
v -28.4 -10.4 93.7
v -28.8 -11.9 93.8
v -29.2 -13.4 94.0
v -29.4 -14.9 94.1
v -29.6 -16.5 94.1
v -29.6 -18.0 94.1
v -29.6 -19.6 94.3
v -29.6 -21.1 94.7
v -29.6 -22.7 95.0
v -29.3 -24.2 95.1
v -29.0 -25.8 95.2
v -28.7 -27.3 95.7
v -28.3 -28.9 96.1
v -27.8 -30.4 96.4
v -27.2 -31.8 96.5
v -26.5 -33.3 96.9
v -25.7 -34.7 97.1
v -24.9 -36.1 97.3
v -24.0 -37.4 97.5
v -23.1 -38.8 98.0
v -22.0 -40.0 98.2
v -20.8 -41.2 98.3
v -19.7 -42.3 98.5
v -18.5 -43.5 99.1
v -17.2 -44.5 99.4
v -15.8 -45.3 99.4
v -14.3 -46.1 99.4
v -12.8 -46.8 99.4
v -11.3 -47.5 99.4
v -9.8 -48.0 99.4
v -8.2 -48.5 99.5
v -6.6 -48.9 99.6
v -5.0 -49.4 100.1
v -3.3 -49.6 100.1
v -1.7 -49.6 99.6
v -0.0 -49.6 99.6
v 1.7 -49.8 100.1
v 3.3 -49.7 100.2
v 5.0 -49.5 100.2
v 6.6 -49.2 100.2
v 8.2 -48.7 100.1
v 9.8 -48.2 99.8
v 11.3 -47.5 99.4
v 12.8 -46.8 99.4
v 14.3 -46.1 99.4
v 15.8 -45.3 99.4
v 17.1 -44.4 99.2
v 18.4 -43.4 98.8
v 19.6 -42.2 98.4
v 20.8 -41.2 98.3
v 22.0 -40.0 98.2
v 23.0 -38.7 97.7
v 24.0 -37.4 97.4
v 24.9 -36.1 97.3
v 25.7 -34.7 97.0
v 26.4 -33.3 96.6
v 27.1 -31.8 96.4
v 27.8 -30.4 96.4
v 28.4 -28.9 96.4
v 28.8 -27.4 96.1
v 29.1 -25.8 95.6
v 29.3 -24.2 95.2
v 29.6 -22.7 95.0
v 29.7 -21.1 94.7
v 29.6 -19.6 94.3
v 32.7 -18.0 92.9
v 32.5 -16.3 92.6
v 32.4 -14.6 92.5
v 32.1 -12.9 92.4
v 31.7 -11.3 92.1
v 31.2 -9.6 91.9
v 30.6 -8.1 91.6
v 30.0 -6.5 91.5
v 29.2 -5.0 91.1
v 28.5 -3.5 91.1
v 27.7 -2.0 91.1
v 26.8 -0.6 91.0
v 25.8 0.8 91.0
v 24.8 2.1 91.1
v 23.7 3.4 91.0
v 22.6 4.6 91.0
v 21.4 5.7 91.0
v 20.1 6.8 91.1
v 18.8 7.8 91.1
v 17.4 8.8 91.1
v 16.0 9.7 91.1
v 14.5 10.5 91.1
v 13.0 11.2 91.1
v 11.4 11.8 91.1
v 9.9 12.4 91.2
v 8.3 13.0 91.4
v 6.7 13.4 91.5
v 5.0 13.7 91.5
v 3.4 14.0 91.6
v 1.7 14.3 91.9
v 0.0 14.3 92.0
v -1.7 14.3 92.0
v -3.4 14.1 91.9
v -5.0 13.8 91.7
v -6.7 13.5 91.6
v -8.3 13.1 91.6
v -9.9 12.6 91.5
v -11.5 11.9 91.2
v -13.0 11.2 91.1
v -14.5 10.5 91.1
v -16.0 9.7 91.1
v -17.4 8.8 91.1
v -18.8 7.8 91.1
v -20.1 6.8 91.1
v -21.4 5.7 91.1
v -22.6 4.6 91.1
v -23.7 3.4 91.1
v -24.8 2.1 91.1
v -25.8 0.8 91.1
v -26.8 -0.6 91.1
v -27.8 -2.0 91.4
v -28.6 -3.4 91.5
v -29.4 -4.9 91.5
v -30.1 -6.5 91.6
v -30.8 -8.0 92.0
v -31.4 -9.6 92.4
v -31.8 -11.2 92.4
v -32.2 -12.9 92.5
v -32.4 -14.6 92.6
v -32.6 -16.3 92.8
v -32.7 -18.0 93.0
v -32.8 -19.7 93.3
v -32.8 -21.4 93.5
v -32.7 -23.2 93.8
v -32.4 -24.9 93.9
v -32.1 -26.6 94.2
v -31.8 -28.3 94.7
v -31.4 -30.1 95.1
v -30.8 -31.7 95.2
v -30.1 -33.3 95.3
v -29.4 -35.0 95.7
v -28.5 -36.5 96.0
v -27.6 -38.1 96.2
v -26.6 -39.6 96.6
v -25.6 -41.0 96.9
v -24.4 -42.4 97.1
v -23.1 -43.7 97.3
v -21.9 -45.0 97.9
v -20.6 -46.3 98.4
v -19.1 -47.4 98.4
v -17.5 -48.4 98.4
v -15.9 -49.2 98.4
v -14.3 -50.1 98.6
v -12.6 -50.9 98.8
v -10.9 -51.5 98.9
v -9.1 -52.1 99.1
v -7.4 -52.6 99.2
v -5.5 -53.0 99.3
v -3.7 -53.2 99.3
v -1.9 -53.3 99.2
v -0.0 -53.4 99.2
v 1.9 -53.4 99.3
v 3.7 -53.2 99.3
v 5.5 -53.0 99.3
v 7.4 -52.6 99.2
v 9.1 -52.1 99.0
v 10.9 -51.5 98.8
v 12.6 -50.7 98.5
v 14.3 -50.0 98.4
v 15.9 -49.2 98.4
v 17.5 -48.3 98.4
v 19.0 -47.3 98.1
v 20.5 -46.2 97.9
v 21.8 -44.9 97.5
v 23.1 -43.7 97.2
v 24.4 -42.4 97.1
v 25.6 -41.0 96.9
v 26.6 -39.6 96.5
v 27.6 -38.1 96.2
v 28.5 -36.5 96.0
v 29.3 -34.9 95.7
v 30.1 -33.3 95.3
v 30.8 -31.7 95.2
v 31.5 -30.1 95.2
v 32.0 -28.4 95.0
v 32.3 -26.7 94.7
v 32.6 -24.9 94.2
v 32.8 -23.2 93.9
v 32.9 -21.5 93.7
v 32.8 -19.7 93.3
v 35.8 -18.0 91.5
v 35.6 -16.1 91.1
v 35.4 -14.3 91.1
v 35.1 -12.4 91.0
v 34.6 -10.7 90.6
v 34.0 -8.9 90.3
v 33.4 -7.2 90.1
v 32.7 -5.5 89.8
v 31.9 -3.8 89.7
v 31.1 -2.1 89.7
v 30.2 -0.6 89.6
v 29.2 0.9 89.4
v 28.1 2.4 89.4
v 27.1 3.9 89.6
v 25.9 5.3 89.4
v 24.6 6.6 89.3
v 23.3 7.9 89.4
v 22.0 9.1 89.6
v 20.5 10.3 89.7
v 19.0 11.3 89.7
v 17.5 12.3 89.8
v 15.9 13.2 89.8
v 14.2 14.0 89.8
v 12.5 14.7 89.8
v 10.8 15.4 90.1
v 9.1 16.0 90.2
v 7.3 16.4 90.2
v 5.5 16.8 90.2
v 3.7 17.0 90.3
v 1.8 17.3 90.6
v 0.0 17.4 90.6
v -1.9 17.3 90.6
v -3.7 17.2 90.6
v -5.5 16.9 90.6
v -7.3 16.5 90.5
v -9.1 16.0 90.3
v -10.9 15.5 90.2
v -12.6 14.8 90.1
v -14.3 14.1 90.1
v -15.9 13.3 90.1
v -17.5 12.3 89.8
v -19.0 11.3 89.8
v -20.6 10.3 89.8
v -22.0 9.2 89.7
v -23.4 8.0 89.7
v -24.7 6.7 89.7
v -26.0 5.4 89.7
v -27.1 4.0 89.7
v -28.3 2.5 89.7
v -29.3 1.0 89.7
v -30.3 -0.5 89.8
v -31.2 -2.1 89.8
v -32.0 -3.8 89.8
v -32.8 -5.4 90.2
v -33.6 -7.1 90.6
v -34.3 -8.8 91.0
v -34.8 -10.6 91.0
v -35.1 -12.4 91.1
v -35.4 -14.3 91.1
v -35.6 -16.1 91.3
v -35.8 -18.0 91.5
v -36.0 -19.9 92.1
v -36.0 -21.8 92.3
v -35.8 -23.7 92.5
v -35.6 -25.6 92.8
v -35.2 -27.4 93.0
v -34.8 -29.3 93.4
v -34.4 -31.2 93.8
v -33.7 -33.0 93.9
v -33.0 -34.8 94.2
v -32.2 -36.6 94.6
v -31.3 -38.3 94.9
v -30.3 -40.0 95.2
v -29.3 -41.7 95.5
v -28.1 -43.3 95.7
v -26.8 -44.8 96.1
v -25.6 -46.4 96.7
v -24.1 -47.8 97.0
v -22.6 -49.1 97.3
v -21.0 -50.3 97.4
v -19.3 -51.4 97.4
v -17.5 -52.4 97.5
v -15.7 -53.4 97.8
v -13.9 -54.2 97.9
v -12.0 -54.9 97.9
v -10.0 -55.5 97.9
v -8.1 -55.9 97.9
v -6.1 -56.3 97.9
v -4.1 -56.6 97.9
v -2.0 -56.7 97.9
v -0.0 -56.8 97.9
v 2.0 -56.7 97.9
v 4.1 -56.6 97.9
v 6.1 -56.3 97.9
v 8.1 -55.9 97.9
v 10.0 -55.4 97.9
v 12.0 -54.8 97.8
v 13.8 -54.0 97.5
v 15.7 -53.2 97.4
v 17.5 -52.3 97.4
v 19.2 -51.3 97.3
v 20.9 -50.2 97.0
v 22.5 -49.0 96.9
v 24.0 -47.6 96.5
v 25.4 -46.2 96.2
v 26.8 -44.8 96.0
v 28.0 -43.2 95.7
v 29.2 -41.6 95.3
v 30.3 -40.0 95.1
v 31.3 -38.3 94.8
v 32.2 -36.6 94.6
v 33.0 -34.8 94.2
v 33.7 -33.0 93.9
v 34.4 -31.2 93.8
v 34.9 -29.3 93.5
v 35.4 -27.5 93.3
v 35.7 -25.6 93.0
v 35.9 -23.7 92.8
v 36.0 -21.8 92.4
v 36.0 -19.9 92.1
v 38.8 -18.0 90.1
v 38.6 -16.0 89.7
v 38.3 -14.0 89.6
v 37.9 -12.0 89.2
v 37.3 -10.1 88.8
v 36.8 -8.1 88.7
v 36.1 -6.3 88.4
v 35.3 -4.4 88.2
v 34.6 -2.6 88.2
v 33.6 -0.9 88.0
v 32.6 0.8 87.8
v 31.6 2.5 87.8
v 30.5 4.1 87.8
v 29.3 5.7 87.9
v 28.0 7.2 87.8
v 26.6 8.6 87.8
v 25.2 10.0 87.8
v 23.8 11.3 88.0
v 22.3 12.7 88.3
v 20.7 13.8 88.4
v 19.0 15.0 88.6
v 17.3 15.9 88.7
v 15.5 16.8 88.7
v 13.7 17.6 88.7
v 11.8 18.3 88.9
v 9.9 19.0 89.1
v 8.0 19.5 89.2
v 6.0 19.9 89.2
v 4.0 20.1 89.2
v 2.0 20.3 89.2
v 0.0 20.4 89.2
v -2.0 20.3 89.2
v -4.0 20.2 89.2
v -6.0 19.9 89.2
v -8.0 19.5 89.2
v -9.9 19.0 89.2
v -11.8 18.4 89.1
v -13.7 17.6 88.8
v -15.5 16.9 88.8
v -17.3 16.0 88.7
v -19.0 15.0 88.7
v -20.7 13.9 88.7
v -22.4 12.8 88.6
v -23.8 11.4 88.3
v -25.3 10.1 88.0
v -26.7 8.7 88.0
v -28.0 7.2 87.9
v -29.3 5.7 87.9
v -30.5 4.2 88.0
v -31.7 2.6 88.2
v -32.8 0.9 88.2
v -33.7 -0.8 88.2
v -34.6 -2.6 88.3
v -35.5 -4.4 88.6
v -36.3 -6.2 88.8
v -37.0 -8.1 89.1
v -37.5 -10.0 89.2
v -38.0 -12.0 89.5
v -38.4 -14.0 89.7
v -38.7 -16.0 89.9
v -38.9 -18.0 90.2
v -39.1 -20.0 90.7
v -39.1 -22.1 90.9
v -38.8 -24.2 91.1
v -38.7 -26.2 91.4
v -38.3 -28.3 91.7
v -37.8 -30.3 91.9
v -37.3 -32.3 92.3
v -36.7 -34.3 92.6
v -35.9 -36.3 92.8
v -35.1 -38.2 93.3
v -34.2 -40.2 93.8
v -33.0 -42.0 94.0
v -31.8 -43.8 94.2
v -30.5 -45.5 94.5
v -29.2 -47.2 94.9
v -27.8 -48.9 95.4
v -26.3 -50.4 95.7
v -24.6 -51.8 95.8
v -22.8 -53.1 95.9
v -21.0 -54.4 96.2
v -19.1 -55.5 96.3
v -17.2 -56.5 96.6
v -15.1 -57.4 96.7
v -13.0 -58.2 96.7
v -10.9 -58.8 96.7
v -8.8 -59.3 96.7
v -6.6 -59.7 96.7
v -4.4 -60.0 96.7
v -2.2 -60.2 96.7
v -0.0 -60.2 96.7
v 2.2 -60.2 96.7
v 4.4 -60.0 96.7
v 6.6 -59.7 96.7
v 8.8 -59.3 96.7
v 10.9 -58.8 96.7
v 13.0 -58.1 96.4
v 15.1 -57.2 96.3
v 17.1 -56.4 96.3
v 19.1 -55.4 96.2
v 20.9 -54.2 95.9
v 22.8 -53.1 95.8
v 24.5 -51.8 95.7
v 26.2 -50.3 95.4
v 27.8 -48.8 95.3
v 29.2 -47.2 94.9
v 30.5 -45.5 94.5
v 31.8 -43.7 94.1
v 33.0 -42.0 93.9
v 34.1 -40.1 93.6
v 35.0 -38.2 93.2
v 35.9 -36.3 92.8
v 36.7 -34.3 92.6
v 37.3 -32.3 92.3
v 37.8 -30.3 91.9
v 38.4 -28.3 91.8
v 38.8 -26.2 91.7
v 39.0 -24.2 91.4
v 39.1 -22.1 91.0
v 39.1 -20.0 90.7
v 41.8 -18.0 88.5
v 41.5 -15.8 88.1
v 41.2 -13.7 87.9
v 40.6 -11.6 87.3
v 40.1 -9.5 87.2
v 39.6 -7.4 87.0
v 38.8 -5.4 86.7
v 37.9 -3.5 86.4
v 37.1 -1.5 86.3
v 36.1 0.4 86.2
v 34.9 2.2 86.0
v 33.8 4.0 86.0
v 32.8 5.8 86.2
v 31.5 7.5 86.3
v 30.1 9.1 86.3
v 28.7 10.7 86.3
v 27.2 12.2 86.4
v 25.6 13.7 86.7
v 24.1 15.1 87.0
v 22.3 16.4 87.1
v 20.5 17.5 87.2
v 18.6 18.6 87.2
v 16.7 19.6 87.3
v 14.8 20.5 87.6
v 12.8 21.4 87.9
v 10.7 22.1 88.0
v 8.6 22.6 88.0
v 6.5 23.0 88.0
v 4.3 23.3 88.0
v 2.2 23.5 88.0
v 0.0 23.5 88.0
v -2.2 23.5 88.0
v -4.3 23.3 88.0
v -6.5 23.0 88.0
v -8.6 22.6 88.0
v -10.7 22.1 88.0
v -12.8 21.4 87.9
v -14.8 20.6 87.6
v -16.8 19.6 87.5
v -18.7 18.6 87.3
v -20.5 17.5 87.2
v -22.3 16.4 87.1
v -24.0 15.1 86.9
v -25.7 13.7 86.7
v -27.2 12.3 86.6
v -28.8 10.8 86.6
v -30.1 9.1 86.3
v -31.5 7.5 86.3
v -32.8 5.8 86.3
v -34.0 4.1 86.3
v -35.1 2.3 86.3
v -36.1 0.4 86.3
v -37.1 -1.5 86.4
v -38.1 -3.4 86.8
v -39.0 -5.3 87.0
v -39.7 -7.4 87.2
v -40.2 -9.5 87.3
v -40.8 -11.5 87.6
v -41.3 -13.7 88.0
v -41.5 -15.8 88.1
v -41.8 -18.0 88.5
v -42.0 -20.2 88.9
v -42.0 -22.4 89.3
v -42.0 -24.6 89.7
v -41.8 -26.9 90.1
v -41.3 -29.1 90.3
v -40.9 -31.3 90.6
v -40.3 -33.5 91.0
v -39.6 -35.6 91.2
v -38.8 -37.7 91.5
v -37.9 -39.9 91.9
v -36.9 -41.9 92.3
v -35.7 -43.9 92.6
v -34.5 -45.9 93.0
v -33.1 -47.8 93.2
v -31.6 -49.6 93.7
v -30.1 -51.4 94.0
v -28.3 -53.0 94.2
v -26.5 -54.5 94.3
v -24.6 -55.9 94.5
v -22.7 -57.3 94.9
v -20.6 -58.5 94.9
v -18.5 -59.5 95.0
v -16.3 -60.5 95.0
v -14.1 -61.3 95.0
v -11.8 -62.0 95.0
v -9.5 -62.5 95.0
v -7.1 -62.9 95.0
v -4.8 -63.2 95.0
v -2.4 -63.4 95.0
v -0.0 -63.5 95.0
v 2.4 -63.4 95.0
v 4.8 -63.3 95.0
v 7.1 -63.0 95.1
v 9.5 -62.7 95.3
v 11.8 -62.1 95.4
v 14.1 -61.4 95.2
v 16.3 -60.5 95.0
v 18.5 -59.5 94.9
v 20.6 -58.3 94.7
v 22.6 -57.2 94.5
v 24.6 -55.9 94.5
v 26.5 -54.4 94.2
v 28.3 -52.9 94.1
v 30.1 -51.4 94.0
v 31.6 -49.6 93.7
v 33.0 -47.7 93.2
v 34.4 -45.8 92.8
v 35.7 -43.9 92.5
v 36.8 -41.9 92.2
v 37.7 -39.8 91.7
v 38.7 -37.7 91.4
v 39.5 -35.6 91.1
v 40.3 -33.5 91.0
v 40.9 -31.3 90.6
v 41.3 -29.1 90.3
v 41.8 -26.9 90.1
v 42.0 -24.6 89.8
v 42.0 -22.4 89.3
v 42.0 -20.2 88.9
v 44.7 -18.0 86.7
v 44.4 -15.7 86.4
v 44.0 -13.4 86.2
v 43.4 -11.1 85.6
v 42.8 -8.9 85.4
v 42.2 -6.7 85.1
v 41.4 -4.5 85.0
v 40.5 -2.5 84.7
v 39.6 -0.4 84.6
v 38.4 1.6 84.3
v 37.3 3.5 84.2
v 36.1 5.5 84.2
v 35.0 7.4 84.5
v 33.7 9.3 84.7
v 32.2 11.0 84.7
v 30.8 12.8 84.9
v 29.1 14.4 85.0
v 27.5 15.9 85.1
v 25.8 17.5 85.4
v 23.9 18.8 85.5
v 22.0 20.0 85.6
v 20.0 21.3 85.9
v 18.0 22.5 86.2
v 15.9 23.4 86.3
v 13.7 24.3 86.5
v 11.5 25.1 86.7
v 9.3 25.7 86.7
v 7.0 26.1 86.7
v 4.7 26.4 86.7
v 2.3 26.6 86.7
v 0.0 26.7 86.7
v -2.3 26.6 86.7
v -4.7 26.4 86.7
v -7.0 26.1 86.7
v -9.3 25.6 86.7
v -11.5 25.0 86.5
v -13.7 24.3 86.4
v -15.9 23.4 86.2
v -18.0 22.4 86.0
v -20.0 21.3 85.8
v -22.0 20.0 85.6
v -23.9 18.8 85.5
v -25.7 17.4 85.4
v -27.4 15.9 85.0
v -29.1 14.3 84.8
v -30.7 12.7 84.7
v -32.2 11.0 84.7
v -33.7 9.3 84.7
v -35.0 7.4 84.5
v -36.2 5.5 84.3
v -37.3 3.5 84.2
v -38.4 1.6 84.3
v -39.6 -0.4 84.6
v -40.6 -2.4 84.9
v -41.5 -4.5 85.1
v -42.3 -6.7 85.4
v -42.9 -8.9 85.5
v -43.5 -11.1 85.8
v -44.1 -13.4 86.2
v -44.4 -15.7 86.4
v -44.7 -18.0 86.7
v -44.9 -20.4 87.2
v -44.9 -22.7 87.5
v -44.9 -25.1 88.0
v -44.7 -27.5 88.4
v -44.3 -29.9 88.6
v -43.9 -32.3 89.1
v -43.2 -34.6 89.4
v -42.5 -36.9 89.7
v -41.6 -39.2 90.1
v -40.7 -41.5 90.5
v -39.6 -43.7 90.8
v -38.4 -45.9 91.2
v -37.0 -47.9 91.4
v -35.4 -49.9 91.6
v -33.9 -51.9 92.1
v -32.2 -53.8 92.4
v -30.4 -55.6 92.7
v -28.5 -57.2 92.9
v -26.5 -58.7 93.1
v -24.3 -60.1 93.1
v -22.1 -61.3 93.1
v -19.8 -62.4 93.2
v -17.5 -63.6 93.4
v -15.1 -64.5 93.5
v -12.7 -65.2 93.5
v -10.2 -65.8 93.5
v -7.6 -66.2 93.4
v -5.1 -66.4 93.2
v -2.5 -66.5 93.1
v -0.0 -66.6 93.1
v 2.5 -66.6 93.2
v 5.1 -66.5 93.4
v 7.6 -66.2 93.5
v 10.2 -65.8 93.6
v 12.7 -65.2 93.6
v 15.1 -64.5 93.5
v 17.5 -63.6 93.4
v 19.8 -62.4 93.2
v 22.1 -61.3 93.1
v 24.3 -60.1 93.1
v 26.4 -58.7 93.0
v 28.4 -57.1 92.7
v 30.3 -55.4 92.4
v 32.2 -53.7 92.3
v 33.9 -51.9 92.1
v 35.4 -49.9 91.6
v 36.9 -47.9 91.4
v 38.4 -45.9 91.2
v 39.5 -43.7 90.7
v 40.5 -41.4 90.1
v 41.5 -39.1 89.8
v 42.3 -36.8 89.4
v 43.2 -34.6 89.3
v 43.9 -32.3 89.1
v 44.3 -29.9 88.6
v 44.7 -27.5 88.4
v 44.9 -25.1 88.0
v 44.9 -22.7 87.5
v 44.9 -20.4 87.2
v 47.5 -18.0 84.9
v 47.1 -15.5 84.4
v 46.7 -13.1 84.1
v 46.1 -10.7 83.7
v 45.4 -8.3 83.4
v 44.8 -6.0 83.3
v 44.0 -3.7 83.2
v 43.1 -1.5 82.9
v 42.0 0.7 82.8
v 40.8 2.8 82.5
v 39.6 4.9 82.4
v 38.4 7.0 82.5
v 37.2 9.0 82.7
v 35.9 11.1 83.1
v 34.4 13.0 83.2
v 32.8 14.8 83.3
v 31.0 16.4 83.3
v 29.2 18.0 83.3
v 27.4 19.7 83.6
v 25.4 21.2 83.8
v 23.4 22.6 84.0
v 21.4 24.0 84.4
v 19.2 25.2 84.6
v 17.0 26.3 84.9
v 14.7 27.3 85.2
v 12.3 28.1 85.3
v 9.9 28.7 85.3
v 7.5 29.1 85.3
v 5.0 29.5 85.3
v 2.5 29.7 85.4
v 0.0 29.8 85.4
v -2.5 29.6 85.3
v -5.0 29.5 85.3
v -7.5 29.1 85.3
v -9.9 28.7 85.3
v -12.3 28.1 85.2
v -14.7 27.3 85.1
v -17.0 26.2 84.7
v -19.2 25.0 84.4
v -21.3 23.8 84.1
v -23.4 22.6 84.0
v -25.4 21.2 83.8
v -27.4 19.7 83.6
v -29.2 18.0 83.3
v -31.0 16.4 83.2
v -32.7 14.7 83.2
v -34.4 13.0 83.2
v -35.9 11.1 83.1
v -37.2 9.0 82.6
v -38.4 6.9 82.4
v -39.6 4.9 82.4
v -40.8 2.8 82.5
v -42.0 0.7 82.8
v -43.1 -1.5 82.9
v -44.0 -3.7 83.2
v -44.8 -6.0 83.4
v -45.5 -8.3 83.6
v -46.1 -10.7 83.8
v -46.7 -13.1 84.1
v -47.1 -15.5 84.5
v -47.5 -18.0 84.9
v -47.6 -20.5 85.3
v -47.6 -23.0 85.5
v -47.7 -25.6 86.1
v -47.6 -28.1 86.6
v -47.3 -30.7 87.2
v -46.8 -33.2 87.4
v -46.2 -35.7 87.8
v -45.4 -38.2 88.1
v -44.4 -40.6 88.3
v -43.4 -43.0 88.7
v -42.3 -45.5 89.3
v -40.9 -47.7 89.5
v -39.4 -49.9 89.7
v -37.9 -52.1 90.1
v -36.2 -54.2 90.4
v -34.4 -56.2 90.6
v -32.5 -58.1 91.0
v -30.4 -59.8 91.2
v -28.2 -61.4 91.2
v -25.9 -62.8 91.2
v -23.5 -64.1 91.2
v -21.1 -65.3 91.3
v -18.6 -66.5 91.5
v -16.1 -67.5 91.6
v -13.5 -68.4 91.8
v -10.8 -68.9 91.6
v -8.1 -69.3 91.5
v -5.4 -69.5 91.2
v -2.7 -69.6 91.2
v -0.0 -69.7 91.2
v 2.7 -69.7 91.2
v 5.4 -69.6 91.5
v 8.1 -69.4 91.6
v 10.8 -69.0 91.8
v 13.5 -68.4 91.9
v 16.1 -67.5 91.6
v 18.6 -66.5 91.5
v 21.0 -65.3 91.2
v 23.5 -64.1 91.2
v 25.9 -62.8 91.2
v 28.2 -61.4 91.2
v 30.4 -59.8 91.1
v 32.3 -57.9 90.7
v 34.3 -56.0 90.4
v 36.2 -54.2 90.3
v 37.9 -52.1 90.1
v 39.4 -49.9 89.7
v 40.9 -47.7 89.5
v 42.3 -45.5 89.3
v 43.3 -43.0 88.6
v 44.3 -40.6 88.2
v 45.2 -38.1 87.8
v 45.9 -35.6 87.4
v 46.7 -33.2 87.4
v 47.3 -30.7 87.2
v 47.6 -28.1 86.6
v 47.7 -25.6 86.1
v 47.6 -23.0 85.5
v 47.6 -20.5 85.3
v 50.2 -18.0 82.9
v 49.7 -15.4 82.3
v 49.3 -12.8 82.1
v 48.7 -10.3 81.7
v 48.0 -7.8 81.4
v 47.4 -5.3 81.4
v 46.6 -2.9 81.4
v 45.7 -0.5 81.2
v 44.5 1.8 80.9
v 43.2 4.0 80.6
v 42.0 6.3 80.7
v 40.8 8.5 80.9
v 39.6 10.7 81.2
v 38.1 12.9 81.4
v 36.4 14.8 81.4
v 34.7 16.7 81.4
v 32.8 18.4 81.4
v 30.9 20.2 81.5
v 29.0 21.9 81.8
v 27.0 23.5 82.1
v 24.8 25.0 82.3
v 22.7 26.5 82.6
v 20.4 27.9 83.0
v 18.1 29.1 83.3
v 15.6 30.0 83.4
v 13.1 30.8 83.4
v 10.5 31.4 83.4
v 7.9 32.0 83.5
v 5.3 32.4 83.6
v 2.7 32.9 84.0
v 0.0 33.0 84.0
v -2.7 32.6 83.6
v -5.3 32.3 83.5
v -7.9 32.0 83.5
v -10.5 31.4 83.4
v -13.1 30.8 83.4
v -15.6 30.0 83.4
v -18.0 29.0 83.2
v -20.3 27.7 82.7
v -22.6 26.3 82.3
v -24.8 25.0 82.2
v -27.0 23.5 82.1
v -29.0 21.9 81.8
v -30.9 20.2 81.5
v -32.8 18.4 81.4
v -34.7 16.7 81.4
v -36.4 14.8 81.4
v -38.1 12.8 81.3
v -39.4 10.6 80.9
v -40.6 8.4 80.6
v -41.9 6.2 80.6
v -43.2 4.0 80.6
v -44.4 1.8 80.9
v -45.5 -0.5 81.0
v -46.6 -2.9 81.3
v -47.4 -5.3 81.4
v -48.0 -7.8 81.5
v -48.7 -10.3 81.8
v -49.3 -12.8 82.2
v -49.8 -15.4 82.5
v -50.2 -18.0 83.0
v -50.4 -20.6 83.3
v -50.3 -23.3 83.5
v -50.5 -26.0 84.2
v -50.3 -28.7 84.6
v -50.1 -31.4 85.3
v -49.5 -34.1 85.5
v -49.0 -36.8 86.0
v -48.1 -39.4 86.3
v -47.1 -42.0 86.5
v -46.1 -44.6 87.0
v -44.8 -47.1 87.3
v -43.4 -49.5 87.6
v -41.9 -51.9 88.0
v -40.2 -54.2 88.3
v -38.4 -56.4 88.5
v -36.4 -58.5 88.7
v -34.4 -60.5 89.0
v -32.3 -62.4 89.3
v -29.9 -64.1 89.3
v -27.5 -65.6 89.4
v -25.0 -67.1 89.7
v -22.4 -68.4 89.7
v -19.8 -69.6 89.8
v -17.1 -70.5 89.8
v -14.3 -71.4 89.8
v -11.5 -72.0 89.7
v -8.6 -72.4 89.5
v -5.7 -72.6 89.3
v -2.9 -72.9 89.3
v -0.0 -72.9 89.3
v 2.9 -72.9 89.3
v 5.8 -72.7 89.5
v 8.6 -72.5 89.7
v 11.5 -72.1 89.9
v 14.4 -71.6 90.1
v 17.1 -70.6 89.8
v 19.8 -69.5 89.7
v 22.4 -68.2 89.4
v 25.0 -67.0 89.4
v 27.5 -65.6 89.3
v 29.9 -64.1 89.3
v 32.3 -62.4 89.3
v 34.4 -60.5 89.0
v 36.4 -58.4 88.6
v 38.4 -56.4 88.5
v 40.2 -54.2 88.3
v 41.9 -51.9 88.0
v 43.4 -49.5 87.5
v 44.8 -47.1 87.3
v 45.8 -44.5 86.6
v 46.9 -41.9 86.3
v 47.9 -39.3 86.0
v 48.6 -36.7 85.5
v 49.4 -34.1 85.4
v 50.1 -31.4 85.3
v 50.3 -28.7 84.6
v 50.5 -26.0 84.2
v 50.3 -23.3 83.5
v 50.4 -20.6 83.3
v 52.8 -18.0 80.8
v 52.3 -15.3 80.2
v 51.9 -12.5 80.0
v 51.1 -9.9 79.5
v 50.5 -7.3 79.4
v 49.9 -4.6 79.4
v 49.0 -2.1 79.3
v 47.9 0.4 79.0
v 46.7 2.8 78.7
v 45.5 5.2 78.6
v 44.3 7.6 78.8
v 43.0 9.9 79.0
v 41.7 12.3 79.3
v 40.1 14.5 79.4
v 38.4 16.5 79.4
v 36.5 18.5 79.4
v 34.6 20.4 79.5
v 32.7 22.4 79.7
v 30.7 24.2 80.1
v 28.5 25.9 80.2
v 26.3 27.5 80.5
v 24.0 29.1 80.9
v 21.6 30.5 81.2
v 19.1 31.7 81.4
v 16.4 32.6 81.4
v 13.8 33.5 81.5
v 11.1 34.4 81.8
v 8.4 35.3 82.2
v 5.6 35.7 82.3
v 2.8 36.0 82.4
v 0.0 36.1 82.4
v -2.8 35.9 82.3
v -5.6 35.7 82.3
v -8.4 35.1 82.0
v -11.1 34.4 81.7
v -13.8 33.4 81.4
v -16.4 32.6 81.4
v -19.0 31.6 81.3
v -21.5 30.3 80.9
v -23.8 28.8 80.5
v -26.2 27.3 80.2
v -28.5 25.8 80.1
v -30.7 24.2 80.0
v -32.7 22.4 79.7
v -34.6 20.4 79.5
v -36.5 18.5 79.4
v -38.4 16.5 79.4
v -40.1 14.4 79.3
v -41.4 12.0 78.7
v -42.8 9.8 78.6
v -44.2 7.5 78.6
v -45.4 5.2 78.6
v -46.7 2.8 78.7
v -47.9 0.4 78.9
v -49.0 -2.1 79.3
v -49.9 -4.6 79.4
v -50.5 -7.3 79.4
v -51.3 -9.9 79.7
v -51.9 -12.5 80.1
v -52.3 -15.3 80.3
v -52.8 -18.0 80.9
v -53.1 -20.8 81.3
v -53.0 -23.6 81.5
v -53.3 -26.4 82.3
v -53.0 -29.3 82.6
v -52.8 -32.1 83.2
v -52.2 -35.0 83.4
v -51.7 -37.8 84.0
v -50.8 -40.6 84.3
v -49.7 -43.3 84.5
v -48.7 -46.1 85.1
v -47.3 -48.7 85.4
v -45.9 -51.4 85.8
v -44.3 -53.9 86.1
v -42.5 -56.3 86.3
v -40.5 -58.5 86.5
v -38.5 -60.8 86.8
v -36.4 -62.9 87.1
v -34.0 -64.9 87.2
v -31.6 -66.6 87.3
v -29.1 -68.3 87.4
v -26.4 -69.8 87.5
v -23.7 -71.2 87.6
v -20.9 -72.4 87.6
v -18.0 -73.4 87.6
v -15.1 -74.2 87.6
v -12.1 -74.9 87.5
v -9.1 -75.4 87.4
v -6.1 -75.6 87.3
v -3.0 -75.8 87.2
v -0.0 -75.9 87.2
v 3.0 -75.9 87.3
v 6.1 -75.8 87.4
v 9.1 -75.5 87.5
v 12.1 -75.0 87.6
v 15.1 -74.4 87.8
v 18.0 -73.4 87.6
v 20.9 -72.3 87.5
v 23.7 -71.1 87.5
v 26.4 -69.8 87.4
v 29.0 -68.2 87.3
v 31.5 -66.6 87.2
v 34.0 -64.8 87.2
v 36.4 -62.9 87.1
v 38.5 -60.8 86.7
v 40.5 -58.5 86.4
v 42.5 -56.3 86.3
v 44.3 -53.8 86.0
v 45.8 -51.3 85.5
v 47.2 -48.6 85.2
v 48.3 -45.9 84.6
v 49.5 -43.2 84.3
v 50.6 -40.5 84.0
v 51.4 -37.7 83.6
v 52.1 -34.9 83.4
v 52.8 -32.1 83.2
v 53.0 -29.3 82.6
v 53.3 -26.4 82.3
v 53.0 -23.6 81.5
v 53.1 -20.8 81.3
v 55.2 -18.0 78.5
v 54.8 -15.1 78.1
v 54.5 -12.3 78.0
v 53.7 -9.5 77.5
v 53.0 -6.7 77.3
v 52.2 -4.0 77.2
v 51.2 -1.4 76.9
v 50.0 1.2 76.6
v 48.9 3.8 76.5
v 47.7 6.3 76.5
v 46.4 8.8 76.5
v 45.0 11.2 76.6
v 43.6 13.7 76.9
v 42.0 16.0 77.2
v 40.3 18.3 77.3
v 38.3 20.3 77.3
v 36.4 22.5 77.6
v 34.5 24.6 78.0
v 32.4 26.5 78.3
v 30.0 28.2 78.3
v 27.6 29.9 78.6
v 25.3 31.6 79.0
v 22.7 33.0 79.2
v 20.1 34.3 79.5
v 17.4 35.4 79.6
v 14.6 36.5 79.9
v 11.8 37.4 80.2
v 8.9 38.1 80.3
v 5.9 38.5 80.3
v 3.0 38.7 80.3
v 0.0 38.8 80.3
v -3.0 38.7 80.3
v -5.9 38.5 80.3
v -8.9 38.1 80.3
v -11.8 37.4 80.1
v -14.6 36.3 79.7
v -17.3 35.3 79.5
v -20.0 34.2 79.2
v -22.6 32.8 79.0
v -25.1 31.2 78.5
v -27.5 29.7 78.3
v -29.9 28.0 78.1
v -32.2 26.3 78.0
v -34.4 24.5 77.9
v -36.4 22.5 77.6
v -38.3 20.3 77.3
v -40.2 18.2 77.3
v -42.0 16.0 77.1
v -43.4 13.5 76.6
v -44.9 11.1 76.5
v -46.3 8.7 76.5
v -47.7 6.3 76.5
v -48.9 3.8 76.5
v -50.0 1.2 76.6
v -51.2 -1.4 76.9
v -52.2 -4.0 77.2
v -53.0 -6.7 77.3
v -53.8 -9.5 77.6
v -54.5 -12.3 78.0
v -54.8 -15.1 78.1
v -55.4 -18.0 78.7
v -55.7 -20.9 79.1
v -55.8 -23.9 79.5
v -55.9 -26.9 80.1
v -55.6 -29.8 80.4
v -55.4 -32.9 81.0
v -54.9 -35.8 81.4
v -54.2 -38.8 81.8
v -53.3 -41.7 82.1
v -52.1 -44.6 82.3
v -51.1 -47.5 82.9
v -49.8 -50.3 83.3
v -48.3 -53.1 83.7
v -46.6 -55.7 83.9
v -44.7 -58.2 84.1
v -42.7 -60.7 84.4
v -40.6 -63.1 84.8
v -38.3 -65.2 84.9
v -35.8 -67.3 85.1
v -33.3 -69.2 85.2
v -30.6 -70.9 85.3
v -27.8 -72.5 85.3
v -24.9 -74.0 85.5
v -22.0 -75.2 85.5
v -18.9 -76.3 85.5
v -15.9 -77.2 85.5
v -12.7 -77.8 85.3
v -9.6 -78.3 85.2
v -6.4 -78.7 85.2
v -3.2 -78.9 85.2
v -0.0 -79.0 85.2
v 3.2 -78.9 85.2
v 6.4 -78.7 85.2
v 9.6 -78.4 85.3
v 12.7 -77.9 85.5
v 15.9 -77.3 85.6
v 18.9 -76.3 85.5
v 21.9 -75.1 85.3
v 24.8 -73.8 85.2
v 27.7 -72.4 85.2
v 30.5 -70.8 85.1
v 33.2 -69.1 85.1
v 35.7 -67.2 84.9
v 38.2 -65.1 84.8
v 40.4 -62.9 84.4
v 42.5 -60.5 84.1
v 44.6 -58.2 84.0
v 46.4 -55.6 83.7
v 48.0 -52.9 83.3
v 49.6 -50.2 83.0
v 50.8 -47.3 82.5
v 52.0 -44.5 82.2
v 53.1 -41.6 81.8
v 54.0 -38.7 81.4
v 54.8 -35.8 81.3
v 55.4 -32.9 81.0
v 55.6 -29.8 80.4
v 55.9 -26.9 80.1
v 55.8 -23.9 79.5
v 55.7 -20.9 79.1
v 57.8 -18.0 76.4
v 57.3 -15.0 75.9
v 56.8 -12.0 75.6
v 56.0 -9.1 75.2
v 55.3 -6.2 75.0
v 54.4 -3.4 74.8
v 53.4 -0.7 74.6
v 52.2 2.0 74.4
v 51.1 4.7 74.3
v 49.8 7.4 74.3
v 48.5 10.0 74.4
v 47.1 12.6 74.6
v 45.5 15.1 74.7
v 44.0 17.6 75.1
v 42.2 20.0 75.3
v 40.3 22.3 75.5
v 38.3 24.5 75.7
v 36.1 26.6 75.9
v 33.9 28.6 76.1
v 31.5 30.5 76.3
v 29.1 32.4 76.7
v 26.5 34.0 77.0
v 23.8 35.6 77.2
v 21.1 37.1 77.6
v 18.3 38.4 77.9
v 15.4 39.5 78.2
v 12.4 40.4 78.3
v 9.3 41.0 78.4
v 6.2 41.4 78.4
v 3.1 41.6 78.4
v 0.0 41.7 78.3
v -3.1 41.6 78.4
v -6.2 41.3 78.3
v -9.3 40.9 78.3
v -12.4 40.3 78.3
v -15.3 39.3 77.9
v -18.2 38.1 77.6
v -21.0 36.7 77.2
v -23.7 35.3 76.9
v -26.3 33.6 76.5
v -28.8 32.0 76.2
v -31.3 30.2 76.1
v -33.7 28.4 75.9
v -36.0 26.5 75.8
v -38.3 24.5 75.7
v -40.2 22.2 75.4
v -42.0 19.9 75.1
v -43.8 17.5 74.8
v -45.4 15.0 74.6
v -46.9 12.5 74.4
v -48.4 9.9 74.3
v -49.8 7.4 74.3
v -51.1 4.7 74.3
v -52.2 2.0 74.4
v -53.4 -0.7 74.6
v -54.4 -3.4 74.8
v -55.3 -6.3 75.0
v -56.0 -9.1 75.2
v -56.8 -12.0 75.6
v -57.3 -15.0 75.9
v -57.9 -18.0 76.4
v -58.2 -21.1 76.9
v -58.3 -24.1 77.3
v -58.3 -27.2 77.7
v -58.3 -30.4 78.3
v -58.0 -33.5 78.7
v -57.4 -36.7 79.1
v -56.7 -39.7 79.4
v -55.8 -42.8 79.8
v -54.7 -45.9 80.2
v -53.7 -49.0 80.8
v -52.3 -51.9 81.1
v -50.6 -54.7 81.3
v -48.8 -57.5 81.6
v -46.9 -60.2 82.0
v -44.9 -62.9 82.3
v -42.6 -65.3 82.6
v -40.1 -67.6 82.7
v -37.7 -69.9 83.1
v -35.0 -71.9 83.3
v -32.2 -73.7 83.3
v -29.2 -75.4 83.3
v -26.2 -76.8 83.3
v -23.0 -77.9 83.1
v -19.8 -79.0 83.1
v -16.6 -80.0 83.1
v -13.3 -80.7 83.0
v -10.0 -81.3 83.0
v -6.7 -81.7 83.0
v -3.4 -82.0 83.0
v -0.0 -82.1 83.0
v 3.4 -82.0 83.0
v 6.7 -81.7 83.0
v 10.0 -81.3 83.0
v 13.3 -80.7 83.1
v 16.6 -79.9 83.1
v 19.8 -79.0 83.1
v 23.0 -77.8 83.0
v 26.0 -76.5 83.0
v 29.0 -74.9 82.8
v 31.9 -73.3 82.7
v 34.7 -71.5 82.7
v 37.4 -69.5 82.6
v 39.9 -67.3 82.3
v 42.3 -64.9 82.1
v 44.5 -62.5 81.9
v 46.6 -60.0 81.6
v 48.5 -57.3 81.2
v 50.2 -54.5 80.9
v 51.9 -51.7 80.7
v 53.2 -48.7 80.2
v 54.4 -45.7 79.8
v 55.6 -42.8 79.6
v 56.4 -39.6 79.1
v 57.1 -36.6 78.8
v 57.8 -33.5 78.6
v 58.1 -30.3 78.1
v 58.2 -27.2 77.6
v 58.1 -24.1 77.1
v 58.2 -21.0 76.8
v 60.1 -18.0 73.9
v 59.6 -14.9 73.5
v 59.0 -11.8 73.1
v 58.2 -8.8 72.8
v 57.5 -5.8 72.7
v 56.5 -2.9 72.4
v 55.4 0.0 72.1
v 54.3 2.9 72.1
v 53.2 5.7 72.1
v 51.9 8.4 72.1
v 50.6 11.2 72.3
v 49.1 13.9 72.4
v 47.4 16.5 72.5
v 45.8 19.1 72.8
v 44.1 21.7 73.1
v 42.1 24.1 73.4
v 40.0 26.4 73.5
v 37.7 28.6 73.8
v 35.5 30.8 74.2
v 33.0 32.9 74.5
v 30.5 34.8 74.8
v 27.8 36.5 74.9
v 25.0 38.1 75.2
v 22.2 39.7 75.6
v 19.2 41.1 75.9
v 16.2 42.4 76.3
v 13.0 43.2 76.3
v 9.8 44.0 76.5
v 6.6 44.5 76.6
v 3.3 44.8 76.6
v 0.0 44.7 76.5
v -3.3 44.6 76.5
v -6.5 44.2 76.3
v -9.8 43.8 76.3
v -13.0 43.1 76.2
v -16.1 42.0 75.9
v -19.1 40.7 75.6
v -22.0 39.3 75.2
v -24.8 37.8 74.9
v -27.6 36.1 74.5
v -30.2 34.3 74.2
v -32.7 32.4 73.9
v -35.2 30.5 73.7
v -37.6 28.4 73.5
v -39.9 26.3 73.4
v -41.9 23.9 73.1
v -43.8 21.5 72.8
v -45.7 19.0 72.7
v -47.4 16.4 72.4
v -48.8 13.7 72.1
v -50.4 11.1 72.1
v -51.9 8.4 72.1
v -53.2 5.7 72.1
v -54.3 2.9 72.1
v -55.4 0.0 72.1
v -56.5 -2.9 72.3
v -57.4 -5.8 72.5
v -58.2 -8.8 72.8
v -59.0 -11.8 73.1
v -59.6 -14.9 73.5
v -60.1 -18.0 73.9
v -60.6 -21.2 74.5
v -60.9 -24.4 75.1
v -60.8 -27.6 75.4
v -60.9 -31.0 76.1
v -60.4 -34.2 76.3
v -60.0 -37.5 76.8
v -59.0 -40.7 77.0
v -58.1 -43.9 77.3
v -57.2 -47.1 77.9
v -56.0 -50.3 78.4
v -54.5 -53.4 78.7
v -52.8 -56.4 79.0
v -51.1 -59.3 79.4
v -49.1 -62.2 79.8
v -46.9 -64.9 80.0
v -44.4 -67.4 80.1
v -41.9 -69.7 80.2
v -39.4 -72.2 80.7
v -36.6 -74.3 80.8
v -33.6 -76.1 80.8
v -30.5 -77.8 80.8
v -27.3 -79.3 80.8
v -24.0 -80.6 80.8
v -20.7 -81.8 80.8
v -17.3 -82.7 80.7
v -13.9 -83.4 80.5
v -10.4 -83.9 80.5
v -7.0 -84.4 80.5
v -3.5 -84.7 80.5
v -0.0 -84.8 80.5
v 3.5 -84.7 80.5
v 7.0 -84.4 80.5
v 10.4 -83.9 80.5
v 13.9 -83.3 80.5
v 17.3 -82.5 80.5
v 20.6 -81.5 80.5
v 23.9 -80.3 80.5
v 27.2 -79.0 80.5
v 30.3 -77.5 80.4
v 33.3 -75.7 80.4
v 36.2 -73.8 80.2
v 39.0 -71.7 80.1
v 41.6 -69.4 79.8
v 44.1 -67.0 79.7
v 46.5 -64.5 79.4
v 48.6 -61.8 79.1
v 50.5 -58.9 78.7
v 52.3 -56.0 78.4
v 54.0 -53.1 78.1
v 55.3 -50.0 77.7
v 56.6 -46.9 77.3
v 57.8 -43.7 77.0
v 58.7 -40.5 76.6
v 59.4 -37.3 76.3
v 60.1 -34.1 76.0
v 60.6 -30.9 75.8
v 60.7 -27.6 75.3
v 60.7 -24.4 74.8
v 60.6 -21.2 74.5
v 62.6 -18.0 71.6
v 62.1 -14.7 71.3
v 61.2 -11.6 70.7
v 60.4 -8.4 70.4
v 59.5 -5.4 70.1
v 58.5 -2.3 69.8
v 57.5 0.7 69.7
v 56.4 3.7 69.7
v 55.2 6.6 69.7
v 53.9 9.5 69.7
v 52.6 12.4 70.0
v 51.1 15.2 70.1
v 49.4 17.9 70.3
v 47.8 20.7 70.7
v 45.9 23.4 71.0
v 43.8 25.8 71.1
v 41.7 28.3 71.4
v 39.4 30.7 71.7
v 37.0 33.0 72.0
v 34.5 35.1 72.3
v 31.8 37.1 72.5
v 29.1 39.1 73.0
v 26.2 40.9 73.3
v 23.2 42.5 73.7
v 20.1 44.0 74.0
v 17.0 45.3 74.3
v 13.6 46.2 74.4
v 10.3 46.8 74.4
v 6.9 47.4 74.5
v 3.5 48.0 74.9
v 0.0 48.1 74.8
v -3.4 47.7 74.5
v -6.9 47.3 74.4
v -10.3 46.8 74.4
v -13.6 45.9 74.1
v -16.8 44.7 73.7
v -19.9 43.4 73.4
v -23.0 41.9 73.1
v -26.0 40.3 72.8
v -28.8 38.5 72.4
v -31.5 36.6 72.0
v -34.1 34.5 71.7
v -36.6 32.4 71.4
v -39.0 30.2 71.1
v -41.4 28.0 71.0
v -43.5 25.5 70.7
v -45.5 23.0 70.4
v -47.5 20.5 70.3
v -49.2 17.8 70.1
v -50.7 14.9 69.7
v -52.3 12.2 69.7
v -53.8 9.4 69.7
v -55.2 6.6 69.7
v -56.4 3.7 69.7
v -57.5 0.7 69.7
v -58.5 -2.3 69.8
v -59.4 -5.4 70.0
v -60.4 -8.4 70.4
v -61.2 -11.6 70.7
v -62.1 -14.7 71.3
v -62.6 -18.0 71.6
v -63.0 -21.3 72.1
v -63.4 -24.7 72.7
v -63.3 -28.0 73.1
v -63.4 -31.5 73.6
v -62.8 -34.8 73.8
v -62.3 -38.2 74.3
v -61.3 -41.5 74.4
v -60.3 -44.9 74.8
v -59.4 -48.2 75.3
v -58.1 -51.5 75.7
v -56.6 -54.7 76.1
v -54.9 -57.9 76.4
v -53.2 -61.1 77.0
v -51.1 -64.0 77.3
v -48.8 -66.8 77.4
v -46.2 -69.3 77.5
v -43.6 -71.9 77.7
v -40.9 -74.3 78.0
v -38.0 -76.4 78.1
v -34.8 -78.4 78.1
v -31.6 -80.1 78.1
v -28.3 -81.7 78.1
v -25.0 -83.1 78.1
v -21.5 -84.2 78.0
v -18.0 -85.1 77.9
v -14.4 -85.8 77.8
v -10.9 -86.5 77.8
v -7.3 -87.0 77.8
v -3.6 -87.3 77.8
v -0.0 -87.4 77.8
v 3.6 -87.3 77.8
v 7.3 -87.0 77.8
v 10.8 -86.5 77.7
v 14.4 -85.8 77.7
v 17.9 -85.0 77.7
v 21.4 -83.9 77.7
v 24.8 -82.7 77.7
v 28.2 -81.3 77.7
v 31.5 -79.8 77.7
v 34.7 -78.0 77.7
v 37.7 -76.0 77.6
v 40.5 -73.8 77.4
v 43.2 -71.3 77.1
v 45.9 -68.9 77.0
v 48.3 -66.3 76.8
v 50.5 -63.5 76.6
v 52.5 -60.5 76.1
v 54.3 -57.5 75.8
v 56.2 -54.5 75.6
v 57.5 -51.2 75.1
v 58.8 -48.0 74.7
v 59.9 -44.7 74.4
v 61.0 -41.4 74.1
v 61.7 -38.0 73.7
v 62.3 -34.7 73.4
v 63.0 -31.4 73.3
v 63.2 -28.0 73.0
v 63.1 -24.6 72.5
v 62.9 -21.3 72.0
v 64.7 -18.0 69.1
v 64.3 -14.6 68.8
v 63.4 -11.3 68.3
v 62.5 -8.1 67.9
v 61.6 -4.9 67.6
v 60.5 -1.8 67.3
v 59.5 1.3 67.2
v 58.4 4.4 67.2
v 57.2 7.5 67.3
v 55.8 10.4 67.3
v 54.5 13.5 67.6
v 53.0 16.4 67.8
v 51.3 19.2 67.9
v 49.5 22.1 68.3
v 47.6 24.9 68.5
v 45.6 27.6 68.9
v 43.4 30.2 69.2
v 41.0 32.7 69.5
v 38.6 35.1 69.8
v 35.9 37.4 70.1
v 33.2 39.5 70.4
v 30.3 41.5 70.8
v 27.3 43.3 71.1
v 24.2 45.1 71.5
v 21.0 46.6 71.8
v 17.7 48.0 72.1
v 14.3 49.0 72.3
v 10.7 49.8 72.4
v 7.2 50.3 72.4
v 3.6 50.7 72.5
v 0.0 50.8 72.5
v -3.6 50.6 72.4
v -7.2 50.3 72.4
v -10.7 49.7 72.3
v -14.2 48.7 72.0
v -17.5 47.4 71.5
v -20.8 46.1 71.3
v -24.0 44.6 71.1
v -27.1 42.9 70.7
v -30.0 40.9 70.2
v -32.8 38.8 69.8
v -35.5 36.7 69.5
v -38.1 34.5 69.2
v -40.5 32.1 68.8
v -42.9 29.6 68.5
v -45.0 27.0 68.2
v -47.1 24.4 67.9
v -49.2 21.8 67.9
v -51.1 19.1 67.7
v -52.6 16.1 67.4
v -54.2 13.3 67.2
v -55.7 10.4 67.2
v -57.0 7.4 67.1
v -58.3 4.4 67.2
v -59.5 1.3 67.2
v -60.4 -1.8 67.2
v -61.3 -5.0 67.4
v -62.5 -8.1 67.9
v -63.4 -11.3 68.3
v -64.3 -14.6 68.8
v -64.7 -18.0 69.1
v -65.1 -21.4 69.5
v -65.6 -24.9 70.1
v -65.7 -28.4 70.5
v -65.6 -32.0 71.1
v -65.2 -35.5 71.4
v -64.5 -39.0 71.7
v -63.5 -42.4 71.8
v -62.4 -45.8 72.1
v -61.3 -49.2 72.5
v -60.1 -52.7 73.0
v -58.6 -56.0 73.3
v -56.9 -59.4 73.8
v -55.1 -62.6 74.2
v -52.8 -65.6 74.4
v -50.5 -68.5 74.6
v -48.0 -71.3 74.9
v -45.3 -74.0 75.2
v -42.4 -76.4 75.3
v -39.3 -78.5 75.3
v -36.1 -80.5 75.3
v -32.8 -82.3 75.3
v -29.3 -83.9 75.3
v -25.9 -85.3 75.3
v -22.3 -86.6 75.3
v -18.7 -87.6 75.2
v -15.0 -88.5 75.2
v -11.3 -89.2 75.2
v -7.5 -89.7 75.2
v -3.8 -90.0 75.2
v -0.0 -90.1 75.2
v 3.8 -90.0 75.2
v 7.5 -89.7 75.2
v 11.2 -88.9 75.0
v 14.9 -88.2 74.9
v 18.6 -87.3 74.9
v 22.2 -86.2 74.9
v 25.7 -85.0 74.9
v 29.2 -83.6 75.0
v 32.6 -82.0 75.0
v 35.9 -80.1 74.9
v 39.0 -78.0 74.7
v 41.9 -75.7 74.6
v 44.7 -73.2 74.3
v 47.5 -70.8 74.3
v 50.1 -68.1 74.2
v 52.3 -65.1 73.7
v 54.3 -62.0 73.3
v 56.2 -58.9 73.1
v 58.2 -55.8 72.9
v 59.5 -52.4 72.4
v 60.9 -49.0 72.1
v 62.1 -45.7 71.8
v 63.3 -42.3 71.6
v 64.0 -38.8 71.2
v 64.5 -35.3 70.8
v 65.3 -31.9 70.7
v 65.6 -28.4 70.5
v 65.5 -24.9 70.0
v 65.1 -21.4 69.5
v 67.2 -18.0 66.7
v 66.5 -14.5 66.2
v 65.5 -11.1 65.7
v 64.6 -7.8 65.3
v 63.6 -4.5 65.0
v 62.5 -1.3 64.8
v 61.4 2.0 64.7
v 60.3 5.2 64.8
v 59.3 8.4 64.9
v 57.8 11.5 65.0
v 56.3 14.5 65.1
v 54.8 17.6 65.3
v 53.0 20.5 65.4
v 51.3 23.5 65.8
v 49.3 26.4 66.1
v 47.3 29.3 66.5
v 45.0 32.0 66.8
v 42.5 34.5 67.0
v 40.0 37.1 67.4
v 37.3 39.5 67.8
v 34.4 41.7 68.0
v 31.5 43.8 68.4
v 28.4 45.8 68.8
v 25.2 47.7 69.2
v 21.9 49.3 69.5
v 18.4 50.5 69.6
v 14.8 51.6 69.8
v 11.2 52.7 70.1
v 7.5 53.3 70.2
v 3.8 53.6 70.2
v 0.0 53.7 70.2
v -3.8 53.6 70.2
v -7.5 53.2 70.1
v -11.2 52.4 69.9
v -14.8 51.4 69.6
v -18.3 50.1 69.3
v -21.6 48.5 68.8
v -25.0 47.0 68.6
v -28.2 45.3 68.3
v -31.2 43.3 68.0
v -34.1 41.1 67.5
v -36.9 38.8 67.2
v -39.6 36.4 66.8
v -41.9 33.8 66.3
v -44.3 31.2 66.0
v -46.5 28.5 65.7
v -48.7 25.8 65.4
v -50.8 23.1 65.3
v -52.6 20.2 65.1
v -54.4 17.3 64.9
v -56.0 14.3 64.8
v -57.5 11.3 64.7
v -58.9 8.2 64.7
v -60.3 5.1 64.7
v -61.4 2.0 64.7
v -62.4 -1.3 64.7
v -63.3 -4.5 64.8
v -64.5 -7.8 65.3
v -65.5 -11.1 65.7
v -66.5 -14.5 66.2
v -67.2 -18.0 66.7
v -67.4 -21.5 67.0
v -68.0 -25.1 67.7
v -68.0 -28.8 68.0
v -67.8 -32.4 68.4
v -67.3 -36.0 68.6
v -66.5 -39.6 68.8
v -65.7 -43.2 69.2
v -64.5 -46.7 69.3
v -63.3 -50.2 69.7
v -62.1 -53.8 70.2
v -60.6 -57.3 70.6
v -59.1 -60.9 71.2
v -57.0 -64.1 71.4
v -54.5 -67.1 71.5
v -52.2 -70.2 71.8
v -49.7 -73.2 72.2
v -46.9 -75.9 72.3
v -43.8 -78.3 72.3
v -40.6 -80.5 72.3
v -37.2 -82.5 72.3
v -33.8 -84.4 72.3
v -30.3 -86.0 72.3
v -26.7 -87.5 72.3
v -23.0 -88.8 72.3
v -19.3 -89.9 72.3
v -15.5 -90.9 72.3
v -11.7 -91.6 72.3
v -7.8 -92.0 72.3
v -3.9 -92.4 72.3
v -0.0 -92.4 72.3
v 3.9 -92.4 72.3
v 7.8 -92.0 72.3
v 11.6 -91.2 72.1
v 15.4 -90.5 72.0
v 19.2 -89.5 72.0
v 22.9 -88.5 72.0
v 26.6 -87.2 72.1
v 30.3 -86.0 72.3
v 33.8 -84.3 72.3
v 37.1 -82.2 72.1
v 40.3 -80.0 72.0
v 43.3 -77.6 71.7
v 46.2 -75.0 71.5
v 49.0 -72.5 71.4
v 51.8 -69.8 71.4
v 53.9 -66.5 70.9
v 56.0 -63.4 70.5
v 58.1 -60.2 70.2
v 60.1 -57.0 70.1
v 61.5 -53.5 69.6
v 62.9 -50.0 69.3
v 64.3 -46.6 69.2
v 65.5 -43.1 69.0
v 66.2 -39.5 68.6
v 66.7 -35.9 68.2
v 67.4 -32.3 68.0
v 67.7 -28.7 67.8
v 67.5 -25.1 67.3
v 67.3 -21.5 66.9
v 69.3 -18.0 64.1
v 68.4 -14.4 63.6
v 67.5 -10.9 63.1
v 66.5 -7.5 62.7
v 65.5 -4.1 62.5
v 64.5 -0.7 62.3
v 63.3 2.6 62.2
v 62.2 5.9 62.2
v 61.1 9.2 62.4
v 59.6 12.4 62.4
v 58.0 15.5 62.5
v 56.5 18.7 62.7
v 54.7 21.8 62.9
v 52.9 24.9 63.3
v 50.9 27.9 63.6
v 49.0 31.0 64.1
v 46.6 33.8 64.4
v 44.0 36.3 64.5
v 41.5 39.1 65.0
v 38.6 41.5 65.2
v 35.6 43.7 65.5
v 32.7 46.2 66.0
v 29.5 48.2 66.3
v 26.1 50.0 66.6
v 22.7 51.8 67.0
v 19.1 53.2 67.2
v 15.4 54.3 67.4
v 11.6 55.3 67.6
v 7.8 55.9 67.7
v 3.9 56.3 67.7
v 0.0 56.4 67.7
v -3.9 56.3 67.7
v -7.8 55.8 67.6
v -11.6 55.1 67.4
v -15.3 54.1 67.2
v -19.0 53.0 67.1
v -22.5 51.2 66.6
v -25.8 49.3 66.1
v -29.1 47.4 65.7
v -32.3 45.3 65.4
v -35.4 43.3 65.1
v -38.2 40.9 64.8
v -40.9 38.4 64.4
v -43.4 35.6 63.9
v -45.9 32.9 63.6
v -48.1 30.1 63.2
v -50.3 27.3 62.9
v -52.4 24.4 62.7
v -54.2 21.4 62.5
v -56.1 18.4 62.4
v -57.6 15.3 62.2
v -59.3 12.2 62.1
v -60.8 9.0 62.1
v -62.1 5.8 62.1
v -63.2 2.6 62.1
v -64.3 -0.8 62.2
v -65.4 -4.1 62.4
v -66.5 -7.5 62.7
v -67.4 -10.9 63.0
v -68.4 -14.4 63.6
v -69.3 -18.0 64.1
v -69.5 -21.6 64.3
v -70.1 -25.4 64.9
v -70.1 -29.1 65.3
v -69.8 -32.8 65.5
v -69.3 -36.6 65.8
v -68.4 -40.2 66.0
v -67.7 -44.0 66.4
v -66.4 -47.6 66.5
v -65.3 -51.3 67.0
v -64.0 -54.9 67.3
v -62.4 -58.5 67.7
v -60.9 -62.2 68.3
v -58.7 -65.5 68.5
v -56.2 -68.6 68.5
v -53.9 -71.9 69.0
v -51.3 -75.0 69.3
v -48.3 -77.6 69.3
v -45.1 -80.1 69.3
v -41.8 -82.3 69.3
v -38.4 -84.4 69.3
v -34.8 -86.4 69.4
v -31.2 -88.1 69.4
v -27.5 -89.7 69.4
v -23.7 -90.9 69.3
v -19.9 -92.1 69.3
v -15.9 -93.0 69.3
v -12.0 -93.7 69.3
v -8.0 -94.0 69.2
v -4.0 -94.4 69.2
v -0.0 -94.4 69.2
v 4.0 -94.4 69.2
v 8.0 -94.0 69.1
v 11.9 -93.4 69.1
v 15.8 -92.5 69.0
v 19.7 -91.4 68.9
v 23.6 -90.5 69.0
v 27.4 -89.3 69.1
v 31.2 -88.0 69.3
v 34.8 -86.3 69.3
v 38.2 -84.1 69.1
v 41.5 -81.9 69.0
v 44.6 -79.4 68.8
v 47.6 -76.7 68.5
v 50.5 -74.1 68.5
v 53.3 -71.3 68.4
v 55.5 -68.0 67.9
v 57.7 -64.7 67.6
v 59.8 -61.4 67.4
v 61.8 -58.2 67.2
v 63.2 -54.5 66.7
v 64.8 -51.0 66.5
v 66.2 -47.5 66.4
v 67.4 -43.9 66.1
v 68.0 -40.1 65.6
v 68.6 -36.4 65.3
v 69.4 -32.8 65.3
v 70.0 -29.1 65.2
v 69.8 -25.3 64.7
v 69.4 -21.6 64.2
v 71.2 -18.0 61.3
v 70.4 -14.3 60.8
v 69.6 -10.7 60.5
v 68.7 -7.1 60.2
v 67.6 -3.6 59.9
v 66.5 -0.2 59.8
v 65.4 3.2 59.7
v 64.1 6.6 59.7
v 62.8 10.0 59.7
v 61.3 13.2 59.7
v 59.8 16.6 59.9
v 58.3 19.8 60.2
v 56.3 22.9 60.3
v 54.4 26.1 60.6
v 52.4 29.2 60.9
v 50.3 32.3 61.3
v 48.0 35.3 61.6
v 45.4 38.1 62.0
v 42.8 40.9 62.3
v 39.9 43.4 62.6
v 36.9 46.0 63.0
v 33.7 48.2 63.3
v 30.4 50.3 63.6
v 27.0 52.3 64.0
v 23.4 54.1 64.3
v 19.7 55.6 64.5
v 16.0 57.2 65.0
v 12.1 58.2 65.2
v 8.1 58.9 65.3
v 4.1 59.3 65.4
v 0.0 59.4 65.3
v -4.1 59.3 65.3
v -8.1 58.7 65.2
v -12.0 57.9 65.0
v -15.8 56.5 64.5
v -19.6 55.3 64.3
v -23.3 53.8 64.1
v -26.7 51.6 63.5
v -30.1 49.6 63.1
v -33.3 47.5 62.8
v -36.5 45.2 62.4
v -39.5 42.8 62.1
v -42.2 40.1 61.7
v -44.8 37.4 61.3
v -47.3 34.6 61.0
v -49.6 31.6 60.6
v -51.7 28.6 60.3
v -54.0 25.7 60.2
v -55.9 22.6 59.9
v -57.7 19.5 59.7
v -59.3 16.2 59.5
v -60.9 13.0 59.4
v -62.4 9.8 59.4
v -63.8 6.5 59.4
v -65.0 3.1 59.4
v -66.0 -0.3 59.5
v -67.2 -3.7 59.7
v -68.3 -7.2 60.0
v -69.3 -10.7 60.3
v -70.3 -14.3 60.8
v -71.2 -18.0 61.3
v -71.6 -21.8 61.6
v -72.1 -25.6 62.1
v -72.0 -29.4 62.4
v -71.5 -33.2 62.5
v -71.2 -37.1 62.9
v -70.5 -40.9 63.2
v -69.6 -44.7 63.5
v -68.3 -48.4 63.6
v -67.2 -52.2 64.0
v -65.7 -55.9 64.3
v -64.1 -59.6 64.7
v -62.4 -63.3 65.2
v -60.2 -66.8 65.4
v -57.7 -70.0 65.5
v -55.4 -73.4 65.9
v -52.7 -76.5 66.2
v -49.6 -79.2 66.2
v -46.3 -81.8 66.3
v -42.9 -84.1 66.3
v -39.5 -86.3 66.3
v -35.9 -88.5 66.5
v -32.2 -90.3 66.5
v -28.4 -91.9 66.5
v -24.4 -93.0 66.3
v -20.4 -94.1 66.2
v -16.4 -95.1 66.2
v -12.3 -95.7 66.2
v -8.2 -96.0 66.0
v -4.1 -96.3 66.0
v -0.0 -96.4 66.0
v 4.1 -96.3 66.0
v 8.2 -96.0 66.0
v 12.3 -95.4 65.9
v 16.2 -94.4 65.8
v 20.2 -93.4 65.8
v 24.2 -92.5 65.9
v 28.1 -91.2 66.0
v 31.9 -89.7 66.0
v 35.7 -88.1 66.1
v 39.2 -85.9 66.0
v 42.7 -83.7 65.9
v 45.9 -81.1 65.7
v 49.0 -78.5 65.6
v 51.9 -75.7 65.5
v 54.8 -72.8 65.4
v 57.0 -69.3 64.9
v 59.1 -65.9 64.5
v 61.4 -62.6 64.3
v 63.5 -59.2 64.2
v 64.8 -55.4 63.7
v 66.4 -51.8 63.5
v 67.9 -48.2 63.3
v 69.1 -44.5 63.1
v 69.6 -40.6 62.6
v 70.4 -36.9 62.4
v 71.3 -33.2 62.4
v 72.0 -29.4 62.4
v 72.0 -25.6 62.1
v 71.6 -21.8 61.6
v 73.0 -18.0 58.4
v 72.1 -14.2 58.0
v 71.4 -10.5 57.7
v 70.4 -6.8 57.4
v 69.4 -3.2 57.2
v 68.4 0.3 57.2
v 67.3 3.9 57.1
v 65.9 7.3 57.0
v 64.4 10.7 57.0
v 62.9 14.0 57.0
v 61.4 17.4 57.2
v 59.8 20.8 57.4
v 57.8 24.0 57.5
v 56.0 27.4 57.9
v 53.9 30.6 58.2
v 51.7 33.7 58.5
v 49.4 36.9 59.0
v 46.9 39.9 59.4
v 44.0 42.6 59.6
v 41.1 45.3 59.9
v 38.1 47.9 60.3
v 34.8 50.2 60.6
v 31.4 52.6 61.0
v 27.9 54.6 61.3
v 24.2 56.5 61.6
v 20.4 58.3 62.0
v 16.5 59.7 62.3
v 12.4 60.6 62.3
v 8.3 61.2 62.4
v 4.2 61.7 62.5
v 0.0 61.7 62.4
v -4.2 61.7 62.5
v -8.3 61.1 62.3
v -12.4 60.2 62.1
v -16.4 59.0 61.9
v -20.2 57.4 61.5
v -24.0 56.0 61.3
v -27.6 54.0 60.9
v -31.1 51.8 60.5
v -34.4 49.6 60.1
v -37.5 47.0 59.7
v -40.6 44.6 59.4
v -43.5 41.9 59.0
v -46.2 39.0 58.7
v -48.7 36.0 58.3
v -51.0 33.0 57.9
v -53.1 29.8 57.5
v -55.4 26.9 57.4
v -57.4 23.7 57.2
v -59.4 20.6 57.1
v -61.0 17.2 56.9
v -62.4 13.8 56.7
v -64.0 10.5 56.7
v -65.4 7.1 56.7
v -66.6 3.6 56.7
v -67.6 0.1 56.7
v -68.8 -3.4 56.8
v -70.0 -6.9 57.2
v -71.0 -10.5 57.5
v -72.1 -14.2 58.0
v -72.9 -18.0 58.4
v -73.5 -21.9 58.8
v -73.9 -25.8 59.2
v -73.8 -29.7 59.5
v -73.2 -33.6 59.6
v -73.0 -37.6 60.0
v -72.3 -41.5 60.3
v -71.3 -45.4 60.5
v -70.0 -49.2 60.6
v -68.9 -53.1 61.0
v -67.4 -56.9 61.3
v -65.8 -60.7 61.7
v -64.0 -64.5 62.1
v -61.7 -68.0 62.3
v -59.2 -71.3 62.4
v -56.8 -74.8 62.8
v -54.0 -78.0 63.0
v -50.9 -80.9 63.1
v -47.7 -83.6 63.3
v -44.2 -86.1 63.3
v -40.6 -88.3 63.3
v -36.9 -90.4 63.3
v -33.0 -92.2 63.3
v -29.1 -93.8 63.3
v -25.0 -94.9 63.1
v -20.9 -96.0 63.1
v -16.8 -97.0 63.0
v -12.6 -97.5 62.9
v -8.4 -97.9 62.8
v -4.2 -98.2 62.8
v -0.0 -98.3 62.8
v 4.2 -98.2 62.8
v 8.4 -97.9 62.8
v 12.6 -97.4 62.8
v 16.7 -96.5 62.8
v 20.8 -95.6 62.8
v 24.8 -94.4 62.8
v 28.8 -93.0 62.8
v 32.7 -91.4 62.8
v 36.5 -89.7 62.9
v 40.2 -87.6 62.8
v 43.7 -85.3 62.8
v 47.0 -82.7 62.6
v 50.3 -80.1 62.5
v 53.2 -77.1 62.3
v 56.1 -74.1 62.2
v 58.5 -70.6 61.8
v 60.7 -67.2 61.5
v 62.9 -63.7 61.3
v 64.9 -60.1 61.0
v 66.3 -56.3 60.6
v 68.1 -52.7 60.5
v 69.5 -48.9 60.3
v 70.6 -45.1 60.0
v 71.5 -41.2 59.7
v 72.3 -37.4 59.5
v 73.1 -33.5 59.5
v 73.8 -29.7 59.5
v 73.9 -25.8 59.2
v 73.5 -21.9 58.8
v 74.7 -18.0 55.5
v 73.8 -14.1 55.1
v 73.0 -10.3 54.8
v 72.1 -6.6 54.6
v 71.0 -2.9 54.4
v 70.0 0.8 54.3
v 69.0 4.4 54.3
v 67.6 8.0 54.3
v 66.2 11.5 54.3
v 64.6 14.9 54.3
v 62.8 18.3 54.4
v 61.1 21.7 54.6
v 59.2 25.0 54.7
v 57.4 28.5 55.1
v 55.3 31.8 55.4
v 53.1 35.1 55.7
v 50.7 38.3 56.1
v 48.1 41.4 56.5
v 45.2 44.3 56.8
v 42.3 47.2 57.2
v 39.2 49.8 57.5
v 35.9 52.4 57.9
v 32.4 54.7 58.2
v 28.7 56.8 58.5
v 25.0 58.9 58.9
v 21.1 60.8 59.3
v 17.0 62.0 59.4
v 12.8 63.1 59.5
v 8.6 63.7 59.6
v 4.3 64.1 59.6
v 0.0 64.1 59.6
v -4.3 64.1 59.6
v -8.6 63.4 59.4
v -12.8 62.6 59.3
v -16.9 61.3 59.0
v -20.9 60.0 58.8
v -24.8 58.4 58.6
v -28.5 56.4 58.2
v -32.1 54.1 57.8
v -35.5 51.8 57.5
v -38.7 49.0 57.0
v -41.8 46.3 56.6
v -44.8 43.6 56.3
v -47.4 40.6 55.9
v -50.0 37.5 55.5
v -52.4 34.4 55.2
v -54.6 31.1 54.8
v -56.7 27.9 54.6
v -58.7 24.7 54.4
v -60.8 21.5 54.3
v -62.4 18.0 54.1
v -63.9 14.5 53.9
v -65.4 11.1 53.9
v -66.9 7.7 53.9
v -68.1 4.1 53.9
v -69.4 0.6 54.0
v -70.7 -3.0 54.2
v -71.7 -6.6 54.4
v -72.6 -10.4 54.6
v -73.6 -14.1 55.0
v -74.4 -18.0 55.4
v -75.3 -21.9 55.9
v -75.6 -25.9 56.2
v -75.5 -30.0 56.5
v -75.0 -33.9 56.6
v -74.6 -38.0 56.9
v -73.9 -42.0 57.2
v -73.0 -46.0 57.4
v -71.8 -50.0 57.6
v -70.5 -53.9 57.9
v -68.9 -57.8 58.2
v -67.2 -61.6 58.5
v -65.4 -65.5 58.8
v -63.1 -69.1 59.1
v -60.5 -72.5 59.2
v -58.1 -76.1 59.6
v -55.3 -79.4 59.8
v -52.2 -82.5 60.0
v -48.9 -85.3 60.1
v -45.4 -87.9 60.2
v -41.7 -90.2 60.2
v -37.8 -92.1 60.1
v -33.8 -93.9 60.1
v -29.8 -95.5 60.1
v -25.6 -96.9 60.0
v -21.4 -97.9 59.9
v -17.2 -98.8 59.8
v -12.9 -99.3 59.6
v -8.6 -99.7 59.6
v -4.3 -100.1 59.6
v -0.0 -100.2 59.6
v 4.3 -100.1 59.6
v 8.6 -99.7 59.6
v 12.9 -99.2 59.6
v 17.1 -98.4 59.6
v 21.3 -97.4 59.6
v 25.4 -96.2 59.6
v 29.5 -94.7 59.6
v 33.5 -93.2 59.6
v 37.4 -91.5 59.7
v 41.1 -89.2 59.6
v 44.8 -86.9 59.6
v 48.2 -84.4 59.5
v 51.4 -81.5 59.3
v 54.4 -78.4 59.1
v 57.2 -75.2 58.9
v 59.8 -71.8 58.6
v 62.2 -68.3 58.4
v 64.3 -64.7 58.1
v 66.3 -61.1 57.9
v 67.8 -57.2 57.5
v 69.7 -53.5 57.4
v 71.0 -49.6 57.1
v 72.0 -45.6 56.8
v 73.1 -41.7 56.7
v 74.0 -37.8 56.5
v 74.8 -33.9 56.5
v 75.4 -29.9 56.4
v 75.6 -25.9 56.2
v 75.4 -22.0 56.0
v 76.3 -18.0 52.6
v 75.7 -14.0 52.3
v 74.8 -10.1 52.0
v 73.6 -6.3 51.7
v 72.5 -2.6 51.5
v 71.5 1.2 51.4
v 70.4 4.9 51.4
v 69.1 8.5 51.4
v 67.6 12.1 51.4
v 66.0 15.6 51.4
v 64.2 19.0 51.5
v 62.5 22.6 51.6
v 60.7 26.1 51.9
v 58.8 29.6 52.3
v 56.7 33.0 52.5
v 54.4 36.4 52.8
v 52.1 39.8 53.3
v 49.4 43.0 53.6
v 46.4 45.9 53.9
v 43.5 49.0 54.3
v 40.3 51.8 54.7
v 36.9 54.3 55.0
v 33.3 56.7 55.2
v 29.6 59.1 55.6
v 25.8 61.3 56.0
v 21.7 63.0 56.3
v 17.5 64.2 56.3
v 13.2 65.2 56.5
v 8.8 66.0 56.6
v 4.4 66.6 56.7
v 0.0 66.6 56.6
v -4.4 66.6 56.7
v -8.8 65.9 56.5
v -13.1 64.9 56.3
v -17.3 63.6 56.1
v -21.5 62.2 55.9
v -25.5 60.5 55.6
v -29.4 58.5 55.3
v -33.1 56.3 55.0
v -36.6 53.9 54.7
v -39.9 51.1 54.3
v -43.0 48.2 53.9
v -45.9 45.2 53.5
v -48.8 42.2 53.1
v -51.3 39.0 52.7
v -53.7 35.7 52.4
v -56.0 32.4 52.1
v -58.0 28.9 51.7
v -60.0 25.6 51.5
v -62.0 22.3 51.4
v -63.8 18.8 51.2
v -65.2 15.2 51.0
v -66.8 11.7 51.0
v -68.3 8.2 51.0
v -69.7 4.6 51.0
v -71.0 1.0 51.2
v -72.3 -2.6 51.4
v -73.2 -6.4 51.5
v -74.1 -10.2 51.6
v -75.0 -14.1 52.0
v -75.9 -18.0 52.3
v -76.8 -22.0 52.9
v -76.9 -26.1 53.1
v -77.0 -30.2 53.4
v -76.6 -34.3 53.6
v -75.9 -38.3 53.7
v -75.2 -42.4 53.9
v -74.4 -46.6 54.2
v -73.1 -50.5 54.4
v -71.9 -54.6 54.7
v -70.3 -58.6 55.0
v -68.5 -62.5 55.2
v -66.7 -66.5 55.6
v -64.5 -70.2 55.8
v -62.0 -73.8 56.0
v -59.3 -77.3 56.3
v -56.4 -80.7 56.5
v -53.4 -83.9 56.7
v -50.0 -86.9 56.9
v -46.4 -89.5 56.9
v -42.6 -91.8 56.9
v -38.7 -93.9 56.9
v -34.6 -95.8 56.9
v -30.4 -97.2 56.8
v -26.2 -98.6 56.7
v -21.8 -99.5 56.5
v -17.5 -100.5 56.5
v -13.2 -101.2 56.5
v -8.8 -101.5 56.3
v -4.4 -101.8 56.3
v -0.0 -101.9 56.3
v 4.4 -101.8 56.3
v 8.8 -101.4 56.3
v 13.1 -100.9 56.3
v 17.4 -100.1 56.3
v 21.7 -99.0 56.3
v 25.9 -97.8 56.3
v 30.1 -96.4 56.3
v 34.3 -94.9 56.5
v 38.3 -93.1 56.5
v 42.0 -90.7 56.3
v 45.7 -88.3 56.3
v 49.1 -85.6 56.1
v 52.5 -82.8 56.0
v 55.5 -79.6 55.8
v 58.4 -76.4 55.6
v 61.0 -72.9 55.4
v 63.4 -69.3 55.2
v 65.5 -65.6 54.8
v 67.6 -61.9 54.7
v 69.3 -58.0 54.4
v 71.1 -54.2 54.2
v 72.2 -50.2 53.9
v 73.3 -46.2 53.7
v 74.7 -42.3 53.6
v 75.7 -38.3 53.6
v 76.4 -34.2 53.4
v 76.7 -30.1 53.2
v 76.9 -26.1 53.0
v 76.9 -22.0 52.9
v 77.7 -18.0 49.5
v 77.1 -14.0 49.2
v 76.0 -10.0 48.9
v 74.9 -6.1 48.7
v 73.8 -2.3 48.5
v 72.8 1.5 48.5
v 71.7 5.3 48.5
v 70.4 9.0 48.5
v 68.9 12.7 48.5
v 67.2 16.2 48.5
v 65.4 19.7 48.5
v 63.7 23.4 48.7
v 62.1 27.1 49.0
v 60.1 30.7 49.3
v 58.0 34.2 49.6
v 55.7 37.7 49.9
v 53.2 41.1 50.3
v 50.4 44.2 50.5
v 47.6 47.5 50.9
v 44.7 50.8 51.4
v 41.4 53.6 51.7
v 37.8 56.2 52.0
v 34.2 58.8 52.3
v 30.4 61.3 52.7
v 26.4 63.3 52.9
v 22.3 65.1 53.1
v 17.9 66.4 53.3
v 13.5 67.4 53.4
v 9.1 68.4 53.5
v 4.6 69.1 53.7
v 0.0 69.2 53.7
v -4.6 69.1 53.7
v -9.1 68.4 53.5
v -13.5 67.3 53.3
v -17.9 66.0 53.1
v -22.1 64.4 52.9
v -26.2 62.5 52.6
v -30.2 60.6 52.3
v -34.0 58.3 52.1
v -37.6 55.7 51.7
v -40.9 52.9 51.3
v -44.2 50.1 51.0
v -47.1 46.8 50.5
v -50.0 43.7 50.2
v -52.4 40.2 49.7
v -54.9 36.9 49.5
v -57.3 33.6 49.2
v -59.3 30.0 48.9
v -61.3 26.6 48.6
v -63.3 23.1 48.5
v -65.2 19.6 48.4
v -66.5 15.9 48.1
v -68.1 12.3 48.1
v -69.7 8.7 48.1
v -71.2 5.1 48.2
v -72.5 1.4 48.3
v -73.7 -2.3 48.4
v -74.5 -6.2 48.5
v -75.6 -10.1 48.7
v -76.6 -14.0 49.0
v -77.3 -18.0 49.3
v -78.0 -22.1 49.7
v -78.2 -26.2 49.9
v -78.2 -30.4 50.1
v -77.8 -34.5 50.3
v -77.3 -38.7 50.5
v -76.5 -42.9 50.7
v -75.6 -47.0 50.9
v -74.3 -51.1 51.1
v -73.0 -55.2 51.3
v -71.6 -59.3 51.7
v -69.9 -63.4 52.0
v -67.9 -67.4 52.3
v -65.5 -71.0 52.4
v -63.1 -74.8 52.7
v -60.4 -78.4 52.9
v -57.5 -81.9 53.1
v -54.4 -85.1 53.3
v -51.0 -88.2 53.5
v -47.3 -90.8 53.5
v -43.4 -93.3 53.6
v -39.4 -95.4 53.6
v -35.3 -97.3 53.5
v -31.0 -98.8 53.4
v -26.7 -100.1 53.3
v -22.3 -101.1 53.2
v -17.9 -102.1 53.1
v -13.5 -102.9 53.1
v -9.0 -103.4 53.1
v -4.5 -103.5 53.0
v -0.0 -103.5 52.9
v 4.5 -103.4 52.9
v 8.9 -103.1 52.9
v 13.4 -102.5 52.9
v 17.8 -101.7 52.9
v 22.1 -100.6 52.9
v 26.4 -99.4 53.0
v 30.8 -98.1 53.1
v 35.0 -96.6 53.2
v 39.1 -94.8 53.2
v 42.9 -92.4 53.1
v 46.6 -89.7 52.9
v 50.2 -87.1 52.9
v 53.5 -84.0 52.7
v 56.4 -80.6 52.4
v 59.4 -77.4 52.3
v 62.2 -74.0 52.1
v 64.6 -70.3 51.9
v 66.6 -66.4 51.5
v 68.7 -62.6 51.3
v 70.5 -58.7 51.1
v 72.3 -54.9 51.0
v 73.5 -50.7 50.7
v 74.7 -46.7 50.5
v 76.0 -42.7 50.5
v 76.9 -38.6 50.3
v 77.7 -34.5 50.3
v 78.1 -30.4 50.1
v 78.2 -26.2 49.9
v 78.1 -22.1 49.7
v 79.0 -18.0 46.4
v 78.3 -13.9 46.1
v 77.2 -9.9 45.8
v 76.2 -5.9 45.6
v 75.1 -2.0 45.5
v 74.1 1.8 45.4
v 72.9 5.7 45.4
v 71.6 9.5 45.5
v 70.1 13.2 45.4
v 68.4 16.8 45.5
v 66.6 20.5 45.5
v 65.1 24.3 45.8
v 63.4 28.1 46.1
v 61.4 31.7 46.3
v 59.2 35.3 46.6
v 57.1 39.1 47.0
v 54.4 42.4 47.3
v 51.5 45.7 47.5
v 48.8 49.1 47.9
v 45.7 52.3 48.3
v 42.3 55.3 48.6
v 38.8 58.2 48.9
v 35.1 60.9 49.3
v 31.2 63.2 49.5
v 27.1 65.4 49.8
v 22.8 67.2 50.0
v 18.4 68.7 50.2
v 13.9 69.7 50.2
v 9.3 70.7 50.4
v 4.7 71.2 50.4
v 0.0 71.3 50.4
v -4.7 71.1 50.4
v -9.3 70.6 50.3
v -13.9 69.6 50.2
v -18.3 68.0 49.9
v -22.6 66.5 49.7
v -26.8 64.6 49.5
v -30.9 62.6 49.3
v -34.8 60.2 49.0
v -38.4 57.4 48.6
v -41.9 54.5 48.2
v -45.2 51.7 48.0
v -48.1 48.3 47.5
v -51.1 45.1 47.2
v -53.6 41.5 46.8
v -56.2 38.2 46.5
v -58.4 34.6 46.2
v -60.4 30.9 45.8
v -62.4 27.3 45.6
v -64.4 23.8 45.5
v -66.4 20.3 45.4
v -68.0 16.6 45.3
v -69.6 13.0 45.2
v -71.1 9.3 45.2
v -72.4 5.5 45.2
v -73.6 1.7 45.2
v -74.7 -2.1 45.3
v -75.8 -6.0 45.5
v -77.1 -9.9 45.8
v -78.0 -13.9 46.0
v -78.5 -18.0 46.2
v -79.2 -22.2 46.5
v -79.4 -26.3 46.7
v -79.4 -30.6 46.9
v -79.1 -34.8 47.1
v -78.5 -39.0 47.3
v -77.8 -43.3 47.5
v -76.7 -47.5 47.6
v -75.3 -51.5 47.7
v -74.1 -55.8 48.0
v -72.8 -60.1 48.4
v -71.2 -64.3 48.7
v -69.1 -68.2 48.9
v -66.5 -71.9 49.0
v -64.2 -75.8 49.3
v -61.5 -79.5 49.5
v -58.5 -82.9 49.7
v -55.3 -86.3 49.9
v -51.9 -89.4 50.0
v -48.1 -92.1 50.1
v -44.3 -94.8 50.2
v -40.3 -97.0 50.2
v -36.1 -99.0 50.2
v -31.6 -100.4 50.0
v -27.2 -101.6 49.9
v -22.7 -102.8 49.8
v -18.3 -103.9 49.8
v -13.7 -104.7 49.8
v -9.2 -105.2 49.8
v -4.6 -105.3 49.7
v -0.0 -105.4 49.7
v 4.6 -105.3 49.7
v 9.1 -104.9 49.7
v 13.7 -104.3 49.7
v 18.2 -103.5 49.7
v 22.6 -102.4 49.7
v 27.0 -101.1 49.7
v 31.4 -99.7 49.7
v 35.7 -98.1 49.8
v 39.9 -96.2 49.8
v 43.7 -93.7 49.7
v 47.4 -91.0 49.5
v 51.0 -88.3 49.5
v 54.4 -85.1 49.3
v 57.3 -81.7 49.0
v 60.4 -78.4 48.9
v 63.2 -74.9 48.7
v 65.5 -71.0 48.4
v 67.6 -67.1 48.2
v 69.7 -63.3 48.0
v 71.6 -59.3 47.8
v 73.3 -55.4 47.7
v 74.7 -51.3 47.5
v 76.0 -47.2 47.3
v 77.2 -43.1 47.2
v 78.2 -38.9 47.1
v 79.0 -34.8 47.1
v 79.4 -30.6 46.9
v 79.4 -26.3 46.7
v 79.3 -22.2 46.5
v 80.0 -18.0 43.1
v 79.3 -13.8 42.9
v 78.3 -9.8 42.7
v 77.3 -5.8 42.5
v 76.2 -1.8 42.4
v 75.2 2.1 42.4
v 74.1 6.1 42.4
v 72.9 10.0 42.5
v 71.3 13.7 42.4
v 69.8 17.5 42.5
v 68.2 21.4 42.7
v 66.4 25.1 42.8
v 64.5 28.9 43.0
v 62.4 32.5 43.2
v 60.3 36.3 43.5
v 58.2 40.2 44.0
v 55.6 43.7 44.2
v 52.6 47.0 44.4
v 49.7 50.4 44.7
v 46.7 53.9 45.1
v 43.3 57.1 45.5
v 39.8 60.1 45.8
v 35.9 62.7 46.0
v 31.9 65.2 46.3
v 27.7 67.3 46.5
v 23.3 69.1 46.7
v 18.8 70.6 46.9
v 14.2 71.9 47.0
v 9.6 72.9 47.1
v 4.8 73.3 47.1
v 0.0 73.4 47.1
v -4.8 73.0 47.0
v -9.5 72.2 46.9
v -14.2 71.4 46.8
v -18.7 70.1 46.7
v -23.2 68.5 46.5
v -27.4 66.5 46.2
v -31.6 64.4 46.0
v -35.6 62.0 45.8
v -39.4 59.3 45.5
v -42.9 56.2 45.1
v -46.2 53.1 44.8
v -49.1 49.6 44.4
v -52.0 46.2 44.0
v -54.6 42.7 43.7
v -57.2 39.2 43.5
v -59.3 35.4 43.1
v -61.3 31.6 42.7
v -63.3 28.0 42.5
v -65.4 24.5 42.4
v -67.4 20.9 42.4
v -69.2 17.3 42.3
v -70.8 13.5 42.2
v -72.2 9.7 42.2
v -73.2 5.8 42.1
v -74.4 1.9 42.1
v -76.0 -1.9 42.3
v -77.0 -5.8 42.4
v -78.2 -9.8 42.6
v -79.0 -13.9 42.8
v -79.4 -18.0 42.9
v -80.1 -22.2 43.2
v -80.3 -26.4 43.4
v -80.3 -30.7 43.6
v -80.2 -35.0 43.8
v -79.5 -39.3 43.9
v -79.1 -43.7 44.2
v -77.9 -47.9 44.3
v -76.4 -52.0 44.4
v -75.2 -56.3 44.7
v -73.9 -60.7 45.0
v -72.2 -64.9 45.3
v -69.9 -68.8 45.4
v -67.5 -72.7 45.5
v -65.2 -76.7 45.8
v -62.4 -80.4 46.0
v -59.4 -83.9 46.2
v -56.1 -87.3 46.3
v -52.6 -90.5 46.5
v -48.9 -93.3 46.5
v -45.0 -96.0 46.6
v -40.9 -98.3 46.7
v -36.6 -100.3 46.7
v -32.2 -102.0 46.6
v -27.7 -103.2 46.5
v -23.1 -104.3 46.4
v -18.6 -105.3 46.4
v -14.0 -106.2 46.4
v -9.3 -106.7 46.4
v -4.7 -107.0 46.3
v -0.0 -107.1 46.3
v 4.7 -107.0 46.3
v 9.3 -106.6 46.3
v 13.9 -106.0 46.3
v 18.5 -105.1 46.3
v 23.1 -104.1 46.3
v 27.5 -102.7 46.3
v 31.9 -101.2 46.3
v 36.3 -99.4 46.3
v 40.5 -97.4 46.3
v 44.5 -95.1 46.3
v 48.3 -92.3 46.2
v 51.8 -89.4 46.0
v 55.3 -86.2 45.9
v 58.4 -82.8 45.7
v 61.4 -79.4 45.5
v 64.1 -75.7 45.3
v 66.4 -71.7 45.0
v 68.4 -67.7 44.7
v 70.5 -63.8 44.5
v 72.4 -59.8 44.4
v 74.3 -55.9 44.3
v 75.8 -51.7 44.2
v 77.1 -47.6 44.0
v 78.2 -43.4 43.9
v 79.3 -39.2 43.9
v 80.1 -35.0 43.8
v 80.3 -30.7 43.6
v 80.3 -26.4 43.4
v 80.2 -22.2 43.2
v 80.5 -18.0 39.8
v 80.1 -13.8 39.7
v 79.4 -9.7 39.5
v 78.4 -5.6 39.4
v 77.3 -1.6 39.3
v 76.3 2.4 39.3
v 75.3 6.5 39.4
v 74.1 10.4 39.4
v 72.5 14.3 39.4
v 71.1 18.2 39.5
v 69.4 22.1 39.6
v 67.4 25.8 39.7
v 65.4 29.5 39.9
v 63.5 33.4 40.1
v 61.4 37.3 40.4
v 59.2 41.2 40.7
v 56.6 44.9 41.0
v 53.7 48.3 41.2
v 50.7 51.7 41.5
v 47.6 55.3 41.9
v 44.1 58.4 42.1
v 40.5 61.6 42.5
v 36.7 64.5 42.8
v 32.7 67.1 43.0
v 28.4 69.3 43.2
v 23.9 71.1 43.4
v 19.3 72.6 43.5
v 14.6 74.0 43.6
v 9.7 74.7 43.7
v 4.9 75.1 43.7
v 0.0 75.3 43.7
v -4.9 75.0 43.6
v -9.7 74.2 43.5
v -14.4 73.2 43.4
v -19.2 72.1 43.3
v -23.7 70.3 43.1
v -28.1 68.4 42.9
v -32.3 66.3 42.8
v -36.4 63.8 42.5
v -40.2 60.9 42.2
v -43.6 57.5 41.8
v -46.9 54.2 41.5
v -50.2 51.1 41.2
v -53.0 47.4 40.9
v -55.6 43.8 40.6
v -58.2 40.2 40.3
v -60.4 36.4 40.0
v -62.4 32.5 39.7
v -64.4 28.8 39.5
v -66.4 25.1 39.4
v -68.4 21.5 39.3
v -70.3 17.8 39.3
v -71.9 14.0 39.2
v -73.2 10.1 39.1
v -74.2 6.1 39.0
v -75.4 2.2 39.0
v -77.0 -1.6 39.2
v -77.9 -5.7 39.3
v -79.0 -9.7 39.4
v -79.7 -13.8 39.5
v -80.4 -18.0 39.7
v -81.0 -22.2 39.9
v -81.3 -26.5 40.1
v -81.3 -30.9 40.3
v -81.2 -35.3 40.5
v -80.4 -39.5 40.6
v -79.7 -43.9 40.8
v -78.8 -48.3 41.0
v -77.4 -52.5 41.1
v -76.2 -56.8 41.3
v -74.6 -61.1 41.5
v -72.9 -65.4 41.7
v -70.8 -69.4 41.9
v -68.4 -73.4 42.1
v -66.0 -77.4 42.3
v -63.2 -81.2 42.5
v -60.3 -85.0 42.7
v -56.9 -88.3 42.8
v -53.4 -91.5 42.9
v -49.7 -94.5 43.0
v -45.7 -97.2 43.1
v -41.6 -99.6 43.2
v -37.2 -101.5 43.1
v -32.7 -103.3 43.1
v -28.2 -104.8 43.1
v -23.6 -106.1 43.0
v -19.0 -107.2 43.0
v -14.3 -108.0 43.0
v -9.5 -108.4 42.9
v -4.7 -108.6 42.9
v -0.0 -108.6 42.8
v 4.7 -108.6 42.9
v 9.5 -108.0 42.8
v 14.1 -107.3 42.8
v 18.8 -106.5 42.8
v 23.4 -105.3 42.8
v 27.9 -104.0 42.8
v 32.4 -102.4 42.8
v 36.8 -100.6 42.8
v 41.1 -98.6 42.8
v 45.1 -96.2 42.8
v 48.9 -93.4 42.6
v 52.6 -90.4 42.5
v 56.1 -87.3 42.4
v 59.2 -83.8 42.2
v 62.1 -80.1 42.0
v 64.7 -76.3 41.8
v 67.2 -72.4 41.6
v 69.3 -68.3 41.3
v 71.3 -64.3 41.2
v 73.3 -60.3 41.0
v 75.2 -56.3 41.0
v 76.6 -52.1 40.8
v 78.0 -48.0 40.7
v 79.1 -43.7 40.6
v 80.2 -39.5 40.5
v 80.6 -35.1 40.3
v 81.1 -30.9 40.3
v 81.3 -26.5 40.1
v 81.0 -22.2 39.9
v 81.3 -18.0 36.5
v 81.0 -13.8 36.4
v 80.2 -9.6 36.3
v 79.3 -5.4 36.2
v 78.4 -1.3 36.2
v 77.5 2.8 36.2
v 76.3 6.8 36.2
v 75.0 10.8 36.2
v 73.7 14.8 36.3
v 72.3 18.8 36.4
v 70.4 22.7 36.5
v 68.5 26.5 36.6
v 66.4 30.3 36.7
v 64.3 34.1 36.9
v 62.3 38.1 37.2
v 60.1 42.1 37.5
v 57.5 45.9 37.7
v 54.6 49.4 37.9
v 51.6 53.0 38.2
v 48.5 56.6 38.5
v 45.0 59.9 38.8
v 41.3 63.1 39.1
v 37.5 66.2 39.4
v 33.3 68.8 39.6
v 28.9 71.1 39.8
v 24.4 73.0 39.9
v 19.6 74.4 40.0
v 14.9 75.9 40.1
v 9.9 76.6 40.2
v 5.0 77.1 40.2
v 0.0 77.2 40.2
v -5.0 77.0 40.1
v -9.9 76.2 40.1
v -14.8 75.2 40.0
v -19.6 74.0 39.9
v -24.2 72.2 39.7
v -28.7 70.3 39.5
v -33.0 68.1 39.4
v -37.1 65.4 39.1
v -40.9 62.3 38.8
v -44.4 59.0 38.5
v -47.7 55.5 38.2
v -51.1 52.3 38.0
v -53.8 48.5 37.6
v -56.6 44.9 37.4
v -59.1 41.1 37.1
v -61.4 37.3 36.9
v -63.5 33.4 36.6
v -65.6 29.7 36.4
v -67.4 25.8 36.3
v -69.4 22.1 36.2
v -71.4 18.4 36.2
v -72.9 14.4 36.1
v -74.1 10.5 36.0
v -75.3 6.5 35.9
v -76.5 2.5 35.9
v -77.7 -1.5 36.0
v -78.8 -5.5 36.1
v -79.7 -9.6 36.2
v -80.3 -13.8 36.3
v -81.1 -18.0 36.4
v -81.6 -22.3 36.6
v -82.1 -26.6 36.8
v -82.1 -31.0 37.0
v -82.1 -35.4 37.2
v -81.3 -39.8 37.3
v -80.5 -44.1 37.4
v -79.5 -48.5 37.5
v -78.4 -52.9 37.7
v -77.1 -57.3 37.9
v -75.4 -61.5 38.0
v -73.7 -65.8 38.2
v -71.6 -70.0 38.4
v -69.4 -74.2 38.6
v -66.8 -78.2 38.8
v -64.0 -82.0 38.9
v -61.1 -85.8 39.1
v -57.7 -89.3 39.3
v -54.1 -92.4 39.3
v -50.3 -95.5 39.4
v -46.3 -98.3 39.5
v -42.2 -100.7 39.6
v -37.7 -102.8 39.5
v -33.2 -104.6 39.5
v -28.7 -106.2 39.5
v -24.0 -107.6 39.5
v -19.2 -108.5 39.5
v -14.5 -109.3 39.4
v -9.7 -109.8 39.4
v -4.8 -110.1 39.4
v -0.0 -110.2 39.4
v 4.8 -110.1 39.4
v 9.6 -109.7 39.4
v 14.4 -109.1 39.4
v 19.2 -108.1 39.4
v 23.8 -106.8 39.3
v 28.4 -105.3 39.3
v 32.9 -103.8 39.3
v 37.5 -102.2 39.4
v 41.8 -100.0 39.3
v 45.7 -97.2 39.2
v 49.6 -94.3 39.1
v 53.3 -91.4 39.0
v 56.8 -88.2 38.9
v 59.8 -84.5 38.6
v 62.6 -80.6 38.4
v 65.4 -76.9 38.3
v 67.9 -73.0 38.1
v 70.1 -68.9 37.9
v 72.2 -64.9 37.7
v 74.1 -60.8 37.6
v 75.9 -56.7 37.5
v 77.3 -52.4 37.4
v 78.9 -48.3 37.3
v 79.9 -44.0 37.2
v 80.8 -39.6 37.1
v 81.4 -35.3 37.0
v 82.0 -31.0 37.0
v 82.1 -26.6 36.8
v 81.7 -22.3 36.6
v 82.0 -18.0 33.2
v 81.5 -13.7 33.1
v 80.7 -9.5 33.0
v 80.0 -5.3 33.0
v 79.3 -1.2 33.0
v 78.3 3.0 33.0
v 77.1 7.1 33.0
v 76.0 11.2 33.1
v 74.5 15.2 33.1
v 73.1 19.3 33.2
v 71.4 23.2 33.3
v 69.5 27.1 33.4
v 67.3 30.9 33.5
v 65.3 34.9 33.7
v 63.4 39.1 34.0
v 61.1 43.1 34.2
v 58.4 46.9 34.4
v 55.4 50.4 34.6
v 52.4 54.1 34.8
v 49.3 58.0 35.1
v 45.9 61.5 35.4
v 42.2 64.8 35.7
v 38.2 67.7 35.9
v 33.9 70.3 36.0
v 29.4 72.6 36.2
v 24.9 74.8 36.3
v 20.1 76.4 36.4
v 15.1 77.5 36.5
v 10.1 78.2 36.5
v 5.1 78.9 36.6
v 0.0 79.0 36.6
v -5.1 78.6 36.5
v -10.1 78.1 36.5
v -15.1 77.2 36.4
v -19.9 75.8 36.3
v -24.7 74.2 36.2
v -29.3 72.1 36.0
v -33.6 69.7 35.9
v -37.9 67.1 35.7
v -41.7 63.8 35.4
v -45.3 60.5 35.2
v -48.5 56.8 34.8
v -51.8 53.3 34.6
v -54.6 49.4 34.3
v -57.4 45.8 34.1
v -60.1 42.1 33.9
v -62.4 38.2 33.7
v -64.5 34.3 33.5
v -66.6 30.4 33.3
v -68.5 26.5 33.1
v -70.3 22.6 33.0
v -72.1 18.8 33.0
v -73.6 14.8 32.9
v -75.1 10.8 32.9
v -76.2 6.8 32.8
v -77.3 2.7 32.8
v -78.4 -1.3 32.8
v -79.5 -5.4 32.9
v -80.2 -9.6 32.9
v -80.9 -13.8 33.0
v -81.6 -18.0 33.1
v -82.0 -22.3 33.3
v -82.5 -26.7 33.4
v -82.6 -31.1 33.6
v -82.5 -35.5 33.8
v -82.0 -40.0 33.9
v -81.2 -44.4 34.0
v -80.2 -48.8 34.1
v -79.0 -53.2 34.2
v -77.7 -57.6 34.4
v -76.0 -61.9 34.5
v -74.2 -66.2 34.7
v -72.3 -70.5 34.9
v -70.1 -74.8 35.1
v -67.5 -78.8 35.2
v -64.8 -82.8 35.4
v -61.7 -86.5 35.5
v -58.4 -90.1 35.6
v -54.8 -93.4 35.7
v -51.0 -96.5 35.8
v -46.9 -99.3 35.9
v -42.7 -101.9 35.9
v -38.3 -104.0 35.9
v -33.6 -105.7 35.9
v -29.0 -107.3 35.9
v -24.4 -108.9 35.9
v -19.6 -110.1 35.9
v -14.7 -110.9 35.9
v -9.8 -111.3 35.8
v -4.9 -111.3 35.8
v -0.0 -111.4 35.8
v 4.9 -111.3 35.8
v 9.8 -110.9 35.8
v 14.6 -110.2 35.7
v 19.4 -109.2 35.7
v 24.1 -108.0 35.7
v 28.8 -106.7 35.7
v 33.4 -105.0 35.7
v 37.9 -103.2 35.7
v 42.3 -101.0 35.7
v 46.4 -98.3 35.6
v 50.2 -95.4 35.5
v 53.9 -92.2 35.4
v 57.4 -88.9 35.3
v 60.5 -85.1 35.1
v 63.3 -81.3 34.9
v 66.2 -77.6 34.8
v 68.6 -73.6 34.6
v 70.7 -69.4 34.4
v 72.9 -65.3 34.3
v 74.8 -61.2 34.2
v 76.5 -57.0 34.1
v 78.0 -52.7 34.0
v 79.3 -48.5 33.9
v 80.4 -44.1 33.8
v 81.2 -39.8 33.7
v 82.1 -35.4 33.6
v 82.5 -31.1 33.6
v 82.5 -26.7 33.4
v 82.4 -22.3 33.3
v 82.6 -18.0 29.9
v 82.0 -13.7 29.9
v 81.3 -9.5 29.8
v 80.6 -5.2 29.8
v 79.8 -1.0 29.8
v 78.8 3.1 29.8
v 77.7 7.3 29.8
v 76.6 11.4 29.8
v 75.2 15.5 29.9
v 74.0 19.7 30.0
v 72.3 23.8 30.1
v 70.3 27.7 30.2
v 68.4 31.7 30.3
v 66.3 35.7 30.4
v 64.3 39.9 30.6
v 61.9 43.9 30.8
v 59.2 47.8 31.0
v 56.3 51.5 31.2
v 53.2 55.2 31.4
v 50.1 59.2 31.6
v 46.6 62.6 31.8
v 42.9 66.1 32.1
v 38.8 69.2 32.3
v 34.5 71.9 32.4
v 30.0 74.2 32.5
v 25.2 76.2 32.6
v 20.4 77.8 32.7
v 15.4 79.1 32.8
v 10.3 79.9 32.8
v 5.2 80.3 32.8
v 0.0 80.5 32.8
v -5.2 80.3 32.8
v -10.3 79.7 32.8
v -15.3 78.5 32.7
v -20.2 77.2 32.6
v -25.1 75.7 32.5
v -29.8 73.7 32.4
v -34.3 71.3 32.3
v -38.6 68.7 32.2
v -42.5 65.3 31.9
v -46.2 62.1 31.7
v -49.5 58.2 31.4
v -52.6 54.4 31.2
v -55.4 50.4 30.9
v -58.3 46.8 30.8
v -60.8 42.8 30.6
v -63.3 39.0 30.4
v -65.4 34.9 30.2
v -67.5 31.0 30.1
v -69.5 27.2 30.0
v -71.3 23.1 29.9
v -72.8 19.1 29.8
v -74.3 15.1 29.7
v -75.7 11.1 29.7
v -76.9 7.0 29.6
v -78.0 2.9 29.6
v -79.0 -1.2 29.6
v -80.1 -5.3 29.7
v -80.8 -9.5 29.7
v -81.6 -13.7 29.8
v -82.2 -18.0 29.9
v -82.5 -22.3 30.0
v -82.8 -26.7 30.1
v -83.0 -31.1 30.2
v -82.8 -35.6 30.3
v -82.3 -40.1 30.4
v -81.8 -44.6 30.6
v -80.7 -49.0 30.6
v -79.3 -53.3 30.7
v -78.0 -57.7 30.8
v -76.4 -62.1 31.0
v -74.6 -66.5 31.1
v -72.8 -70.9 31.3
v -70.6 -75.2 31.4
v -68.0 -79.2 31.6
v -65.1 -83.1 31.7
v -62.1 -86.9 31.8
v -59.0 -90.9 32.0
v -55.5 -94.3 32.1
v -51.5 -97.3 32.1
v -47.5 -100.2 32.2
v -43.3 -102.9 32.2
v -38.8 -105.2 32.3
v -34.2 -107.1 32.3
v -29.5 -108.7 32.3
v -24.7 -110.2 32.3
v -19.8 -111.4 32.3
v -14.9 -112.3 32.3
v -10.0 -112.9 32.3
v -5.0 -113.2 32.2
v -0.0 -113.3 32.2
v 5.0 -113.1 32.2
v 10.0 -112.7 32.2
v 14.9 -111.8 32.2
v 19.7 -110.5 32.1
v 24.5 -109.3 32.1
v 29.2 -107.8 32.1
v 33.9 -106.2 32.1
v 38.4 -104.2 32.1
v 42.7 -101.8 32.0
v 46.9 -99.3 32.0
v 50.8 -96.3 31.9
v 54.4 -92.9 31.7
v 57.9 -89.5 31.6
v 61.2 -85.9 31.5
v 64.1 -82.1 31.4
v 66.8 -78.1 31.3
v 69.0 -73.9 31.1
v 71.3 -69.8 30.9
v 73.4 -65.7 30.8
v 75.4 -61.5 30.7
v 77.0 -57.3 30.6
v 78.4 -52.9 30.5
v 79.8 -48.6 30.5
v 81.0 -44.3 30.4
v 81.8 -39.9 30.3
v 82.7 -35.6 30.3
v 83.0 -31.1 30.2
v 82.9 -26.7 30.1
v 82.9 -22.3 30.0
v 82.8 -18.0 26.6
v 82.2 -13.7 26.5
v 81.7 -9.4 26.5
v 80.9 -5.2 26.5
v 80.0 -1.0 26.5
v 79.1 3.2 26.5
v 78.1 7.4 26.5
v 76.9 11.5 26.5
v 75.7 15.7 26.6
v 74.5 20.0 26.7
v 73.0 24.1 26.8
v 71.1 28.2 26.9
v 69.4 32.4 27.0
v 67.2 36.5 27.1
v 64.9 40.4 27.2
v 62.4 44.4 27.4
v 59.7 48.3 27.5
v 57.0 52.4 27.7
v 53.9 56.2 27.9
v 50.8 60.3 28.1
v 47.2 63.8 28.2
v 43.4 67.3 28.4
v 39.4 70.5 28.6
v 35.0 73.2 28.7
v 30.4 75.6 28.8
v 25.6 77.7 28.9
v 20.7 79.4 28.9
v 15.6 80.8 29.0
v 10.5 81.7 29.0
v 5.2 82.0 29.0
v 0.0 82.3 29.0
v -5.2 81.9 29.0
v -10.4 81.4 29.0
v -15.6 80.2 28.9
v -20.6 78.9 28.9
v -25.5 77.2 28.8
v -30.2 75.1 28.7
v -34.7 72.5 28.6
v -39.1 69.9 28.5
v -43.2 66.7 28.3
v -46.9 63.3 28.2
v -50.2 59.3 27.9
v -53.3 55.4 27.7
v -56.2 51.4 27.5
v -59.1 47.6 27.4
v -61.5 43.5 27.2
v -64.0 39.6 27.1
v -66.3 35.7 26.9
v -68.4 31.7 26.8
v -70.3 27.7 26.7
v -72.3 23.7 26.7
v -73.7 19.6 26.6
v -75.0 15.4 26.5
v -76.4 11.3 26.5
v -77.6 7.2 26.4
v -78.8 3.1 26.4
v -79.8 -1.0 26.4
v -80.6 -5.2 26.4
v -81.3 -9.5 26.5
v -82.1 -13.7 26.5
v -82.7 -18.0 26.6
v -83.1 -22.4 26.7
v -83.2 -26.7 26.7
v -83.2 -31.2 26.8
v -83.2 -35.7 26.9
v -82.7 -40.2 27.0
v -82.0 -44.6 27.1
v -81.0 -49.1 27.1
v -79.6 -53.4 27.2
v -78.2 -57.8 27.3
v -76.7 -62.3 27.4
v -75.0 -66.7 27.5
v -73.2 -71.2 27.7
v -70.9 -75.4 27.8
v -68.5 -79.7 27.9
v -65.7 -83.7 28.0
v -62.7 -87.6 28.1
v -59.5 -91.5 28.2
v -55.9 -94.9 28.3
v -52.0 -98.1 28.4
v -48.0 -101.1 28.4
v -43.7 -103.7 28.5
v -39.2 -106.1 28.5
v -34.6 -108.1 28.5
v -29.9 -109.9 28.5
v -25.0 -111.4 28.5
v -20.1 -112.6 28.5
v -15.1 -113.5 28.5
v -10.1 -114.1 28.5
v -5.1 -114.4 28.5
v -0.0 -114.5 28.5
v 5.0 -114.1 28.5
v 10.1 -114.0 28.5
v 15.1 -113.2 28.5
v 20.0 -112.0 28.5
v 24.8 -110.7 28.4
v 29.6 -108.9 28.4
v 34.2 -107.2 28.4
v 38.8 -105.2 28.4
v 43.2 -102.7 28.3
v 47.3 -100.0 28.3
v 51.2 -96.9 28.2
v 54.8 -93.4 28.1
v 58.3 -90.0 28.0
v 61.7 -86.5 27.9
v 64.6 -82.6 27.8
v 67.1 -78.4 27.6
v 69.4 -74.2 27.5
v 72.0 -70.3 27.5
v 73.9 -66.0 27.3
v 75.6 -61.6 27.2
v 77.2 -57.3 27.1
v 78.7 -53.0 27.1
v 80.1 -48.7 27.0
v 81.4 -44.4 27.0
v 82.2 -40.0 26.9
v 82.9 -35.6 26.9
v 83.2 -31.2 26.8
v 83.2 -26.7 26.7
v 83.1 -22.4 26.7
v 83.1 -18.0 23.3
v 82.6 -13.7 23.3
v 82.1 -9.4 23.2
v 81.5 -5.1 23.2
v 80.7 -0.8 23.2
v 79.7 3.4 23.2
v 78.6 7.5 23.2
v 77.5 11.8 23.3
v 76.4 16.0 23.3
v 75.0 20.2 23.4
v 73.6 24.5 23.5
v 71.9 28.7 23.5
v 70.2 33.0 23.7
v 68.1 37.1 23.7
v 65.5 41.0 23.8
v 63.0 45.0 23.9
v 60.3 49.0 24.0
v 57.6 53.1 24.1
v 54.5 57.0 24.2
v 51.2 60.9 24.4
v 47.7 64.6 24.5
v 44.0 68.3 24.7
v 39.9 71.6 24.8
v 35.4 74.3 24.9
v 30.8 76.8 24.9
v 26.0 79.0 25.0
v 21.0 80.8 25.1
v 15.9 82.1 25.1
v 10.6 82.9 25.1
v 5.3 83.3 25.1
v 0.0 83.5 25.1
v -5.3 83.2 25.1
v -10.6 82.4 25.1
v -15.7 81.3 25.0
v -20.9 80.2 25.0
v -25.9 78.5 25.0
v -30.6 76.3 24.9
v -35.2 73.7 24.8
v -39.6 70.9 24.7
v -43.6 67.6 24.6
v -47.5 64.2 24.5
v -50.9 60.4 24.3
v -54.1 56.4 24.2
v -57.0 52.4 24.0
v -59.7 48.3 23.9
v -62.3 44.3 23.8
v -64.8 40.3 23.7
v -67.2 36.4 23.6
v -69.3 32.3 23.5
v -71.0 28.1 23.4
v -72.9 24.1 23.4
v -74.4 19.9 23.3
v -75.6 15.7 23.3
v -77.0 11.6 23.2
v -78.1 7.4 23.2
v -79.0 3.2 23.2
v -79.9 -1.0 23.1
v -80.8 -5.2 23.2
v -81.6 -9.4 23.2
v -82.5 -13.7 23.2
v -83.1 -18.0 23.3
v -83.4 -22.4 23.3
v -83.3 -26.8 23.4
v -83.2 -31.2 23.4
v -83.3 -35.7 23.5
v -83.1 -40.3 23.6
v -82.3 -44.7 23.6
v -81.2 -49.2 23.7
v -80.0 -53.6 23.7
v -78.6 -58.0 23.8
v -77.1 -62.5 23.9
v -75.4 -67.0 24.0
v -73.4 -71.3 24.0
v -71.2 -75.7 24.1
v -69.0 -80.1 24.3
v -66.2 -84.2 24.3
v -63.2 -88.2 24.4
v -59.8 -91.9 24.5
v -56.1 -95.3 24.5
v -52.3 -98.6 24.6
v -48.3 -101.6 24.6
v -44.0 -104.4 24.7
v -39.6 -106.9 24.7
v -35.0 -109.1 24.7
v -30.3 -111.2 24.8
v -25.4 -112.9 24.8
v -20.4 -114.2 24.8
v -15.4 -115.1 24.8
v -10.2 -115.4 24.8
v -5.1 -115.4 24.7
v -0.0 -115.5 24.7
v 5.1 -115.1 24.7
v 10.2 -114.9 24.7
v 15.3 -114.3 24.7
v 20.2 -113.3 24.7
v 25.1 -111.8 24.7
v 29.9 -109.9 24.6
v 34.6 -108.1 24.6
v 39.2 -106.1 24.6
v 43.6 -103.6 24.6
v 47.7 -100.6 24.5
v 51.6 -97.4 24.4
v 55.2 -94.0 24.4
v 58.7 -90.5 24.3
v 62.1 -87.0 24.3
v 65.0 -83.0 24.2
v 67.4 -78.7 24.0
v 69.7 -74.5 24.0
v 72.3 -70.5 23.9
v 74.2 -66.2 23.8
v 75.8 -61.8 23.7
v 77.3 -57.4 23.7
v 79.0 -53.2 23.6
v 80.4 -48.8 23.6
v 81.4 -44.5 23.5
v 82.3 -40.1 23.5
v 83.2 -35.7 23.5
v 83.5 -31.2 23.4
v 83.6 -26.8 23.4
v 83.5 -22.4 23.3
v 83.6 -18.0 20.0
v 83.1 -13.6 20.0
v 82.5 -9.3 20.0
v 81.8 -5.0 19.9
v 81.0 -0.8 19.9
v 80.0 3.4 19.9
v 78.9 7.6 20.0
v 77.9 11.9 20.0
v 76.9 16.2 20.0
v 75.3 20.4 20.0
v 74.0 24.7 20.1
v 72.4 29.0 20.2
v 70.7 33.4 20.2
v 68.7 37.6 20.3
v 66.3 41.7 20.3
v 63.7 45.7 20.4
v 61.1 49.8 20.5
v 58.3 54.0 20.5
v 55.3 58.1 20.6
v 51.8 61.7 20.7
v 48.3 65.6 20.8
v 44.5 69.3 20.8
v 40.3 72.6 20.9
v 35.8 75.3 21.0
v 31.2 77.9 21.0
v 26.3 80.2 21.1
v 21.2 82.0 21.1
v 16.0 83.1 21.1
v 10.7 83.8 21.1
v 5.4 84.2 21.1
v 0.0 84.4 21.1
v -5.4 84.2 21.1
v -10.6 83.3 21.1
v -15.9 82.2 21.1
v -21.1 81.1 21.1
v -26.1 79.4 21.0
v -31.0 77.3 21.0
v -35.6 74.8 20.9
v -40.1 72.0 20.9
v -44.0 68.4 20.8
v -47.9 65.0 20.7
v -51.4 61.2 20.6
v -54.6 57.2 20.6
v -57.7 53.3 20.5
v -60.5 49.2 20.4
v -63.1 45.1 20.3
v -65.5 40.9 20.3
v -67.9 37.0 20.2
v -70.1 32.9 20.2
v -71.7 28.6 20.1
v -73.4 24.4 20.1
v -75.0 20.2 20.0
v -76.1 15.9 20.0
v -77.3 11.7 19.9
v -78.4 7.5 19.9
v -79.4 3.3 19.9
v -80.2 -1.0 19.9
v -81.2 -5.1 19.9
v -82.0 -9.4 19.9
v -82.8 -13.7 20.0
v -83.4 -18.0 20.0
v -83.7 -22.4 20.0
v -83.8 -26.8 20.0
v -83.5 -31.2 20.0
v -83.5 -35.7 20.1
v -83.2 -40.3 20.1
v -82.2 -44.7 20.2
v -81.2 -49.2 20.2
v -80.2 -53.7 20.2
v -79.0 -58.3 20.3
v -77.4 -62.7 20.3
v -75.7 -67.2 20.4
v -73.6 -71.5 20.4
v -71.5 -75.9 20.5
v -69.3 -80.4 20.6
v -66.4 -84.4 20.6
v -63.5 -88.5 20.7
v -60.2 -92.3 20.7
v -56.5 -95.7 20.7
v -52.7 -99.2 20.8
v -48.7 -102.3 20.8
v -44.5 -105.3 20.8
v -40.1 -108.0 20.9
v -35.4 -110.1 20.9
v -30.5 -112.0 20.9
v -25.6 -113.5 20.9
v -20.6 -114.7 20.9
v -15.5 -115.7 20.9
v -10.3 -116.2 20.9
v -5.2 -116.3 20.9
v -0.0 -116.4 20.9
v 5.1 -116.2 20.9
v 10.3 -115.8 20.9
v 15.4 -115.2 20.9
v 20.5 -114.2 20.9
v 25.4 -112.8 20.9
v 30.2 -111.0 20.8
v 34.9 -108.9 20.8
v 39.5 -106.6 20.8
v 43.9 -104.2 20.8
v 48.0 -101.2 20.7
v 51.9 -97.9 20.7
v 55.6 -94.5 20.6
v 59.2 -91.1 20.6
v 62.5 -87.4 20.6
v 65.3 -83.3 20.5
v 67.9 -79.1 20.5
v 70.2 -74.8 20.4
v 72.3 -70.5 20.3
v 74.2 -66.2 20.3
v 76.0 -61.9 20.2
v 77.5 -57.5 20.2
v 79.3 -53.3 20.2
v 80.6 -48.9 20.2
v 81.6 -44.5 20.1
v 82.6 -40.1 20.1
v 83.4 -35.7 20.1
v 83.9 -31.3 20.1
v 83.9 -26.8 20.0
v 84.0 -22.4 20.0
v 84.2 -18.0 16.7
v 83.5 -13.6 16.7
v 82.9 -9.3 16.7
v 82.1 -5.0 16.7
v 81.2 -0.7 16.7
v 80.2 3.5 16.7
v 79.3 7.8 16.7
v 78.3 12.1 16.7
v 77.1 16.3 16.7
v 75.6 20.5 16.7
v 74.4 24.9 16.7
v 72.9 29.4 16.7
v 71.1 33.7 16.7
v 69.1 37.9 16.8
v 66.7 42.0 16.8
v 64.2 46.2 16.8
v 61.6 50.4 16.8
v 58.7 54.5 16.9
v 55.6 58.5 16.9
v 52.3 62.5 16.9
v 48.8 66.5 16.9
v 44.9 70.0 17.0
v 40.7 73.4 17.0
v 36.2 76.2 17.0
v 31.5 78.9 17.0
v 26.5 81.0 17.0
v 21.4 82.7 17.0
v 16.2 84.1 17.1
v 10.8 84.9 17.1
v 5.4 85.3 17.1
v 0.0 85.5 17.1
v -5.4 85.2 17.1
v -10.8 84.4 17.0
v -16.0 83.3 17.0
v -21.3 82.1 17.0
v -26.4 80.4 17.0
v -31.2 78.2 17.0
v -36.0 75.7 17.0
v -40.4 72.8 17.0
v -44.5 69.4 16.9
v -48.5 65.9 16.9
v -52.1 62.2 16.9
v -55.2 58.0 16.9
v -58.3 54.0 16.8
v -61.1 49.9 16.8
v -63.8 45.8 16.8
v -66.3 41.7 16.8
v -68.5 37.4 16.8
v -70.5 33.2 16.7
v -72.2 28.9 16.7
v -73.8 24.6 16.7
v -75.2 20.3 16.7
v -76.4 16.0 16.7
v -77.5 11.8 16.7
v -78.5 7.5 16.6
v -79.4 3.3 16.6
v -80.3 -0.9 16.6
v -81.4 -5.1 16.6
v -82.2 -9.4 16.6
v -83.2 -13.6 16.7
v -83.5 -18.0 16.7
v -83.9 -22.4 16.7
v -84.0 -26.8 16.7
v -83.9 -31.3 16.7
v -83.7 -35.8 16.7
v -83.2 -40.3 16.7
v -82.3 -44.7 16.7
v -81.3 -49.2 16.7
v -80.4 -53.8 16.7
v -79.2 -58.4 16.8
v -77.5 -62.8 16.8
v -75.9 -67.3 16.8
v -74.2 -71.9 16.8
v -71.9 -76.2 16.8
v -69.4 -80.5 16.9
v -66.5 -84.5 16.9
v -63.6 -88.7 16.9
v -60.5 -92.7 16.9
v -56.9 -96.4 16.9
v -53.1 -99.8 16.9
v -49.0 -102.9 16.9
v -44.8 -106.0 17.0
v -40.3 -108.5 17.0
v -35.5 -110.6 17.0
v -30.7 -112.6 17.0
v -25.8 -114.2 17.0
v -20.7 -115.4 17.0
v -15.6 -116.3 17.0
v -10.4 -117.0 17.0
v -5.2 -117.3 17.0
v -0.0 -117.5 17.0
v 5.2 -117.3 17.0
v 10.4 -116.9 17.0
v 15.5 -116.1 17.0
v 20.6 -115.1 17.0
v 25.6 -113.4 17.0
v 30.4 -111.7 17.0
v 35.2 -109.8 17.0
v 39.9 -107.5 16.9
v 44.3 -104.9 16.9
v 48.4 -101.9 16.9
v 52.3 -98.5 16.9
v 56.0 -95.1 16.9
v 59.5 -91.5 16.9
v 62.6 -87.5 16.9
v 65.4 -83.4 16.8
v 68.2 -79.4 16.8
v 70.4 -75.0 16.8
v 72.4 -70.6 16.8
v 74.3 -66.2 16.8
v 76.1 -62.0 16.7
v 77.7 -57.6 16.7
v 79.4 -53.4 16.7
v 80.8 -49.0 16.7
v 81.9 -44.6 16.7
v 83.0 -40.2 16.7
v 83.7 -35.8 16.7
v 84.2 -31.3 16.7
v 84.1 -26.8 16.7
v 84.4 -22.4 16.7
v 84.4 -18.0 13.3
v 83.6 -13.6 13.3
v 83.0 -9.3 13.3
v 82.3 -5.0 13.3
v 81.3 -0.7 13.3
v 80.3 3.5 13.3
v 79.4 7.8 13.3
v 78.4 12.1 13.3
v 77.2 16.4 13.3
v 76.1 20.8 13.3
v 74.7 25.1 13.3
v 73.2 29.5 13.3
v 71.3 33.8 13.2
v 69.2 38.1 13.2
v 67.1 42.4 13.2
v 64.6 46.6 13.2
v 62.1 51.0 13.2
v 59.3 55.2 13.1
v 56.1 59.2 13.1
v 52.8 63.3 13.1
v 49.1 67.1 13.0
v 45.1 70.5 13.0
v 40.9 74.0 13.0
v 36.4 76.8 13.0
v 31.7 79.5 13.0
v 26.7 81.8 12.9
v 21.5 83.3 12.9
v 16.3 84.6 12.9
v 10.9 85.5 12.9
v 5.5 86.1 12.9
v 0.0 86.3 12.9
v -5.4 85.8 12.9
v -10.8 85.0 12.9
v -16.2 84.1 12.9
v -21.4 82.7 13.0
v -26.5 81.0 13.0
v -31.5 78.9 13.0
v -36.2 76.3 13.0
v -40.7 73.3 13.0
v -44.9 70.1 13.0
v -48.8 66.5 13.1
v -52.3 62.6 13.1
v -55.6 58.5 13.1
v -58.8 54.6 13.1
v -61.6 50.4 13.2
v -64.2 46.2 13.2
v -66.7 42.0 13.2
v -69.1 37.9 13.2
v -71.1 33.7 13.3
v -72.9 29.3 13.3
v -74.3 24.9 13.3
v -75.4 20.4 13.3
v -76.7 16.2 13.3
v -77.9 11.9 13.3
v -78.9 7.6 13.3
v -79.7 3.4 13.4
v -80.6 -0.9 13.4
v -81.5 -5.1 13.4
v -82.2 -9.4 13.4
v -83.2 -13.6 13.3
v -83.7 -18.0 13.3
v -84.2 -22.4 13.3
v -84.2 -26.9 13.3
v -84.3 -31.4 13.3
v -84.0 -35.9 13.3
v -83.4 -40.4 13.3
v -82.3 -44.7 13.3
v -81.4 -49.2 13.3
v -80.4 -53.8 13.3
v -79.2 -58.4 13.2
v -77.5 -62.8 13.2
v -76.0 -67.3 13.2
v -74.3 -72.0 13.2
v -72.0 -76.3 13.2
v -69.5 -80.6 13.1
v -66.9 -84.9 13.1
v -64.1 -89.2 13.1
v -60.9 -93.2 13.1
v -57.3 -96.8 13.1
v -53.4 -100.2 13.1
v -49.2 -103.3 13.0
v -45.0 -106.3 13.0
v -40.5 -108.9 13.0
v -35.8 -111.2 13.0
v -30.9 -113.2 13.0
v -26.0 -115.0 13.0
v -20.9 -116.3 13.0
v -15.7 -117.2 13.0
v -10.5 -117.9 13.0
v -5.3 -118.3 13.0
v -0.0 -118.4 13.0
v 5.2 -118.2 13.0
v 10.5 -117.4 13.0
v 15.6 -116.4 13.0
v 20.7 -115.4 13.0
v 25.7 -114.0 13.0
v 30.6 -112.3 13.0
v 35.4 -110.3 13.0
v 40.2 -108.2 13.0
v 44.5 -105.4 13.0
v 48.6 -102.3 13.1
v 52.5 -98.8 13.1
v 56.3 -95.5 13.1
v 59.8 -91.8 13.1
v 62.8 -87.8 13.1
v 65.6 -83.6 13.2
v 68.3 -79.5 13.2
v 70.5 -75.1 13.2
v 72.4 -70.6 13.2
v 74.3 -66.3 13.2
v 76.3 -62.1 13.2
v 78.2 -57.8 13.3
v 79.6 -53.5 13.3
v 81.1 -49.1 13.3
v 82.3 -44.7 13.3
v 83.4 -40.4 13.3
v 84.1 -35.9 13.3
v 84.4 -31.4 13.3
v 84.3 -26.9 13.3
v 84.4 -22.4 13.3
v 84.3 -18.0 10.0
v 83.7 -13.6 10.0
v 83.0 -9.3 10.0
v 82.4 -5.0 10.0
v 81.5 -0.7 10.0
v 80.5 3.6 10.0
v 79.4 7.8 10.0
v 78.3 12.1 10.0
v 77.2 16.4 10.0
v 76.4 20.9 9.9
v 75.0 25.3 9.8
v 73.4 29.6 9.8
v 71.4 33.9 9.7
v 69.5 38.3 9.7
v 67.6 42.8 9.6
v 65.2 47.2 9.5
v 62.4 51.3 9.4
v 59.5 55.5 9.4
v 56.4 59.7 9.3
v 53.1 63.8 9.2
v 49.3 67.3 9.1
v 45.3 70.8 9.0
v 41.0 74.2 9.0
v 36.5 77.2 8.9
v 31.9 80.1 8.8
v 26.9 82.3 8.8
v 21.7 83.9 8.8
v 16.3 85.0 8.8
v 10.9 85.7 8.8
v 5.5 86.2 8.8
v 0.0 86.4 8.8
v -5.5 86.2 8.8
v -10.9 85.6 8.8
v -16.2 84.5 8.8
v -21.5 83.1 8.8
v -26.6 81.3 8.9
v -31.6 79.3 8.9
v -36.4 76.8 8.9
v -40.9 73.8 9.0
v -45.1 70.5 9.1
v -49.1 67.0 9.1
v -52.8 63.3 9.2
v -56.1 59.2 9.3
v -59.3 55.2 9.4
v -62.0 50.9 9.5
v -64.5 46.5 9.5
v -67.0 42.4 9.6
v -69.4 38.2 9.7
v -71.5 34.0 9.7
v -73.2 29.5 9.8
v -74.4 25.0 9.9
v -75.7 20.5 9.9
v -77.0 16.3 10.0
v -78.3 12.0 10.0
v -79.3 7.8 10.0
v -80.0 3.4 10.1
v -80.7 -0.9 10.1
v -81.5 -5.1 10.1
v -82.3 -9.3 10.1
v -83.4 -13.6 10.0
v -84.1 -18.0 10.0
v -84.4 -22.4 10.0
v -84.3 -26.9 9.9
v -84.3 -31.4 9.9
v -84.0 -35.9 9.9
v -83.3 -40.3 9.8
v -82.4 -44.8 9.8
v -81.7 -49.4 9.8
v -80.4 -53.8 9.7
v -79.2 -58.3 9.7
v -77.5 -62.8 9.7
v -76.1 -67.4 9.6
v -74.3 -72.0 9.5
v -72.1 -76.4 9.5
v -69.6 -80.7 9.4
v -67.2 -85.2 9.3
v -64.2 -89.3 9.3
v -60.9 -93.2 9.2
v -57.3 -96.9 9.2
v -53.5 -100.4 9.1
v -49.5 -103.7 9.1
v -45.2 -106.8 9.0
v -40.7 -109.3 9.0
v -36.0 -111.7 9.0
v -31.1 -113.8 9.0
v -26.2 -115.7 9.0
v -21.1 -117.0 9.0
v -15.8 -117.9 9.0
v -10.6 -118.4 9.0
v -5.3 -118.7 9.0
v -0.0 -118.6 9.0
v 5.3 -118.4 9.0
v 10.5 -117.8 9.0
v 15.7 -117.0 9.0
v 20.8 -116.1 9.0
v 25.9 -114.8 9.0
v 30.9 -113.1 9.0
v 35.5 -110.6 9.1
v 40.2 -108.4 9.1
v 44.8 -105.8 9.1
v 48.9 -102.6 9.2
v 52.8 -99.3 9.2
v 56.5 -95.7 9.3
v 60.0 -92.0 9.3
v 63.1 -88.1 9.4
v 66.0 -84.0 9.4
v 68.4 -79.6 9.5
v 70.7 -75.3 9.6
v 72.6 -70.7 9.6
v 74.5 -66.4 9.7
v 76.5 -62.1 9.7
v 78.3 -57.9 9.8
v 79.8 -53.5 9.8
v 81.1 -49.1 9.8
v 82.2 -44.7 9.8
v 83.4 -40.3 9.8
v 84.3 -35.9 9.9
v 84.9 -31.4 9.9
v 85.0 -26.9 9.9
v 84.6 -22.4 9.9
v 84.4 -18.0 6.6
v 83.9 -13.6 6.6
v 83.2 -9.3 6.7
v 82.4 -4.9 6.7
v 81.4 -0.7 6.7
v 80.4 3.5 6.7
v 79.5 7.8 6.7
v 78.4 12.1 6.6
v 77.3 16.4 6.6
v 76.3 20.9 6.5
v 75.0 25.3 6.4
v 73.3 29.6 6.3
v 71.5 34.0 6.2
v 69.9 38.6 6.0
v 67.9 43.2 5.9
v 65.4 47.4 5.8
v 62.6 51.5 5.7
v 60.0 56.0 5.5
v 56.9 60.3 5.3
v 53.3 64.1 5.2
v 49.4 67.5 5.1
v 45.4 71.1 5.0
v 41.1 74.4 4.9
v 36.7 77.6 4.8
v 32.0 80.4 4.7
v 26.9 82.4 4.6
v 21.7 84.1 4.6
v 16.3 85.2 4.6
v 10.9 85.9 4.6
v 5.5 86.4 4.6
v 0.0 86.5 4.6
v -5.5 86.4 4.6
v -10.9 85.8 4.6
v -16.3 84.8 4.6
v -21.6 83.5 4.6
v -26.7 81.6 4.7
v -31.7 79.4 4.8
v -36.4 76.9 4.9
v -41.0 74.1 4.9
v -45.3 70.8 5.1
v -49.3 67.4 5.2
v -53.2 63.9 5.3
v -56.5 59.7 5.4
v -59.6 55.6 5.6
v -62.3 51.2 5.7
v -65.2 47.2 5.8
v -67.5 42.8 5.9
v -69.7 38.4 6.1
v -71.9 34.2 6.1
v -73.3 29.6 6.3
v -74.3 24.9 6.4
v -75.7 20.6 6.5
v -77.0 16.3 6.6
v -78.4 12.1 6.6
v -79.5 7.8 6.7
v -80.3 3.5 6.7
v -80.8 -0.8 6.8
v -81.6 -5.1 6.8
v -82.3 -9.3 6.7
v -83.3 -13.6 6.7
v -84.1 -18.0 6.6
v -84.3 -22.4 6.6
v -84.2 -26.9 6.6
v -84.2 -31.3 6.5
v -84.0 -35.9 6.4
v -83.3 -40.3 6.4
v -82.5 -44.8 6.4
v -81.7 -49.4 6.3
v -80.5 -53.8 6.2
v -79.2 -58.4 6.1
v -77.7 -62.8 6.1
v -76.3 -67.6 5.9
v -74.4 -72.1 5.8
v -72.4 -76.6 5.7
v -70.1 -81.1 5.6
v -67.3 -85.3 5.5
v -64.3 -89.4 5.4
v -61.1 -93.4 5.3
v -57.5 -97.1 5.2
v -53.7 -100.7 5.2
v -49.7 -104.1 5.1
v -45.4 -107.1 5.0
v -40.9 -109.8 5.0
v -36.2 -112.2 4.9
v -31.2 -114.1 4.9
v -26.3 -116.0 4.9
v -21.1 -117.3 4.9
v -15.9 -118.2 4.9
v -10.6 -118.9 4.9
v -5.3 -119.3 4.9
v -0.0 -119.4 4.9
v 5.3 -119.1 4.9
v 10.6 -118.4 4.9
v 15.8 -117.4 5.0
v 20.9 -116.4 5.0
v 26.0 -115.1 5.0
v 31.0 -113.5 5.0
v 35.8 -111.2 5.0
v 40.4 -108.8 5.1
v 44.9 -106.2 5.1
v 49.1 -103.1 5.2
v 53.0 -99.6 5.3
v 56.7 -96.0 5.4
v 60.1 -92.2 5.5
v 63.3 -88.3 5.6
v 66.3 -84.3 5.7
v 68.5 -79.7 5.8
v 70.9 -75.4 5.9
v 73.0 -71.0 6.0
v 74.5 -66.4 6.1
v 76.3 -62.1 6.2
v 78.1 -57.8 6.3
v 79.9 -53.6 6.3
v 81.3 -49.2 6.3
v 82.3 -44.8 6.4
v 83.3 -40.3 6.4
v 84.3 -35.9 6.4
v 85.0 -31.5 6.4
v 85.2 -27.0 6.5
v 85.1 -22.5 6.5
v 84.5 -18.0 3.2
v 84.1 -13.6 3.2
v 83.2 -9.3 3.3
v 82.3 -5.0 3.3
v 81.4 -0.7 3.3
v 80.4 3.5 3.3
v 79.5 7.8 3.3
v 78.4 12.1 3.2
v 77.4 16.4 3.1
v 76.3 20.9 3.0
v 75.0 25.3 2.9
v 73.3 29.6 2.7
v 72.0 34.3 2.5
v 70.3 38.9 2.3
v 68.1 43.3 2.2
v 65.6 47.6 2.0
v 63.1 52.1 1.8
v 60.2 56.3 1.6
v 56.9 60.3 1.4
v 53.4 64.3 1.3
v 49.7 68.0 1.1
v 45.6 71.5 0.9
v 41.3 74.7 0.8
v 36.8 77.7 0.6
v 32.0 80.4 0.5
v 26.9 82.5 0.4
v 21.7 84.1 0.4
v 16.3 85.2 0.4
v 10.9 86.0 0.3
v 5.5 86.7 0.3
v 0.0 86.7 0.3
v -5.5 86.6 0.3
v -10.9 86.0 0.4
v -16.3 85.1 0.4
v -21.6 83.8 0.4
v -26.8 81.9 0.5
v -31.7 79.7 0.6
v -36.5 77.1 0.7
v -41.1 74.4 0.8
v -45.5 71.3 1.0
v -49.4 67.6 1.2
v -53.3 64.1 1.3
v -56.8 60.2 1.5
v -59.9 56.0 1.7
v -62.6 51.5 1.9
v -65.4 47.4 2.0
v -67.9 43.2 2.2
v -70.1 38.8 2.4
v -72.0 34.3 2.5
v -73.2 29.6 2.8
v -74.4 25.0 3.0
v -75.8 20.6 3.1
v -77.0 16.3 3.2
v -78.3 12.1 3.3
v -79.5 7.8 3.3
v -80.4 3.5 3.3
v -81.0 -0.8 3.4
v -81.7 -5.1 3.4
v -82.3 -9.3 3.4
v -83.2 -13.6 3.3
v -84.1 -18.0 3.2
v -84.2 -22.4 3.2
v -84.2 -26.9 3.1
v -84.2 -31.3 3.1
v -84.0 -35.8 3.0
v -83.6 -40.4 2.9
v -82.9 -44.9 2.8
v -81.8 -49.4 2.7
v -80.6 -53.9 2.6
v -79.1 -58.3 2.6
v -77.7 -62.8 2.4
v -76.3 -67.5 2.3
v -74.3 -72.0 2.1
v -72.3 -76.6 2.0
v -70.2 -81.2 1.8
v -67.3 -85.3 1.7
v -64.3 -89.4 1.5
v -61.0 -93.4 1.4
v -57.4 -97.1 1.3
v -53.7 -100.6 1.2
v -49.7 -104.1 1.1
v -45.4 -107.2 1.0
v -40.9 -109.9 0.9
v -36.2 -112.2 0.9
v -31.3 -114.2 0.8
v -26.3 -116.0 0.8
v -21.1 -117.4 0.8
v -15.9 -118.3 0.8
v -10.6 -119.0 0.8
v -5.3 -119.4 0.8
v -0.0 -119.4 0.8
v 5.3 -119.1 0.8
v 10.6 -118.8 0.8
v 15.9 -118.1 0.8
v 21.1 -117.0 0.8
v 26.0 -115.2 0.9
v 31.0 -113.3 1.0
v 35.8 -111.3 1.0
v 40.5 -108.9 1.1
v 45.0 -106.2 1.1
v 49.3 -103.3 1.2
v 53.3 -100.0 1.3
v 56.8 -96.2 1.5
v 60.1 -92.3 1.6
v 63.3 -88.3 1.8
v 66.2 -84.2 1.9
v 68.6 -79.8 2.1
v 70.9 -75.4 2.2
v 73.2 -71.2 2.3
v 74.5 -66.4 2.6
v 76.3 -62.1 2.7
v 78.1 -57.8 2.7
v 80.0 -53.6 2.7
v 81.4 -49.2 2.8
v 82.5 -44.8 2.9
v 83.6 -40.4 2.9
v 84.3 -35.9 2.9
v 85.0 -31.5 2.9
v 85.2 -27.0 3.0
v 85.1 -22.5 3.1
v 84.4 -18.0 -0.3
v 83.9 -13.6 -0.2
v 83.2 -9.3 -0.1
v 82.2 -5.0 -0.1
v 81.3 -0.7 -0.0
v 80.3 3.5 -0.0
v 79.3 7.8 -0.1
v 78.4 12.1 -0.2
v 77.4 16.4 -0.3
v 76.3 20.9 -0.5
v 75.0 25.3 -0.7
v 73.4 29.7 -0.8
v 72.0 34.3 -1.1
v 70.3 38.9 -1.4
v 68.1 43.3 -1.6
v 65.5 47.5 -1.8
v 63.2 52.2 -2.1
v 60.3 56.5 -2.3
v 57.2 60.7 -2.6
v 53.6 64.5 -2.8
v 49.7 68.1 -3.0
v 45.7 71.7 -3.2
v 41.4 75.0 -3.4
v 36.8 77.9 -3.6
v 32.0 80.5 -3.7
v 27.0 82.7 -3.9
v 21.7 84.2 -3.9
v 16.4 85.3 -3.9
v 11.0 86.3 -4.0
v 5.5 87.1 -4.0
v 0.0 87.2 -4.0
v -5.5 86.8 -4.0
v -10.9 86.0 -3.9
v -16.3 85.2 -3.9
v -21.7 84.0 -3.9
v -26.9 82.3 -3.8
v -31.9 80.1 -3.7
v -36.6 77.4 -3.5
v -41.2 74.6 -3.3
v -45.7 71.6 -3.2
v -49.6 68.0 -3.0
v -53.4 64.3 -2.7
v -56.9 60.4 -2.5
v -60.1 56.3 -2.3
v -63.0 52.0 -2.0
v -65.5 47.5 -1.8
v -68.1 43.3 -1.6
v -70.3 38.9 -1.4
v -72.0 34.3 -1.1
v -73.4 29.7 -0.8
v -74.8 25.2 -0.6
v -76.0 20.7 -0.4
v -77.3 16.4 -0.3
v -78.4 12.1 -0.2
v -79.3 7.8 -0.1
v -80.3 3.5 -0.0
v -81.2 -0.7 -0.0
v -81.7 -5.1 0.0
v -82.3 -9.4 0.0
v -83.2 -13.6 -0.1
v -84.0 -18.0 -0.2
v -84.1 -22.4 -0.2
v -84.3 -26.9 -0.3
v -84.4 -31.4 -0.5
v -84.2 -35.9 -0.6
v -83.8 -40.4 -0.7
v -83.1 -45.0 -0.8
v -81.9 -49.4 -0.9
v -80.7 -53.9 -1.0
v -79.1 -58.3 -1.1
v -77.6 -62.8 -1.2
v -76.1 -67.4 -1.4
v -74.3 -72.0 -1.6
v -72.4 -76.6 -1.8
v -70.2 -81.2 -2.1
v -67.4 -85.4 -2.2
v -64.3 -89.4 -2.4
v -61.0 -93.4 -2.5
v -57.5 -97.1 -2.7
v -53.7 -100.6 -2.8
v -49.7 -104.1 -3.0
v -45.5 -107.3 -3.1
v -40.9 -110.0 -3.2
v -36.2 -112.3 -3.3
v -31.3 -114.3 -3.3
v -26.3 -116.3 -3.4
v -21.2 -117.6 -3.4
v -15.9 -118.5 -3.4
v -10.6 -118.9 -3.4
v -5.3 -119.3 -3.3
v -0.0 -119.4 -3.3
v 5.3 -119.2 -3.3
v 10.6 -118.9 -3.3
v 15.9 -118.2 -3.3
v 21.1 -117.1 -3.3
v 26.1 -115.4 -3.2
v 31.0 -113.4 -3.1
v 35.8 -111.3 -3.1
v 40.4 -108.9 -3.0
v 44.9 -106.2 -2.9
v 49.2 -103.2 -2.8
v 53.3 -100.1 -2.7
v 56.9 -96.3 -2.5
v 60.1 -92.3 -2.3
v 63.3 -88.3 -2.1
v 66.4 -84.4 -2.0
v 69.0 -80.1 -1.8
v 71.2 -75.6 -1.6
v 73.2 -71.2 -1.4
v 74.6 -66.4 -1.1
v 76.3 -62.0 -0.9
v 78.1 -57.8 -0.9
v 79.7 -53.5 -0.8
v 81.2 -49.2 -0.7
v 82.5 -44.8 -0.7
v 83.6 -40.4 -0.7
v 84.3 -35.9 -0.6
v 85.0 -31.5 -0.6
v 85.1 -26.9 -0.5
v 84.9 -22.5 -0.4
v 84.3 -18.0 -3.7
v 83.6 -13.6 -3.6
v 83.0 -9.3 -3.6
v 82.3 -5.0 -3.5
v 81.3 -0.7 -3.5
v 80.3 3.5 -3.5
v 79.3 7.8 -3.5
v 78.4 12.1 -3.7
v 77.3 16.4 -3.8
v 76.2 20.8 -4.0
v 74.8 25.2 -4.2
v 73.4 29.7 -4.4
v 71.9 34.3 -4.8
v 70.2 38.9 -5.1
v 68.1 43.3 -5.4
v 65.7 47.7 -5.6
v 63.3 52.3 -6.0
v 60.3 56.4 -6.3
v 57.1 60.6 -6.6
v 53.7 64.6 -6.9
v 49.9 68.4 -7.2
v 46.0 72.2 -7.5
v 41.6 75.5 -7.7
v 37.0 78.4 -8.0
v 32.2 81.1 -8.2
v 27.1 83.3 -8.3
v 21.9 84.9 -8.4
v 16.5 86.0 -8.4
v 11.0 86.8 -8.4
v 5.5 87.3 -8.4
v 0.0 87.4 -8.4
v -5.5 87.2 -8.4
v -11.0 86.7 -8.4
v -16.5 85.9 -8.4
v -21.8 84.6 -8.3
v -27.0 82.8 -8.2
v -32.0 80.6 -8.0
v -36.8 78.0 -7.9
v -41.5 75.2 -7.7
v -46.0 72.2 -7.5
v -49.9 68.4 -7.2
v -53.6 64.6 -6.9
v -57.1 60.6 -6.6
v -60.2 56.4 -6.3
v -63.3 52.3 -6.0
v -65.7 47.7 -5.6
v -68.1 43.3 -5.4
v -70.2 38.9 -5.1
v -71.9 34.3 -4.8
v -73.4 29.7 -4.4
v -74.8 25.2 -4.2
v -76.0 20.7 -4.0
v -77.3 16.4 -3.8
v -78.3 12.1 -3.6
v -79.1 7.7 -3.5
v -80.1 3.5 -3.4
v -81.0 -0.8 -3.4
v -81.5 -5.1 -3.3
v -82.2 -9.4 -3.4
v -83.2 -13.6 -3.5
v -84.0 -18.0 -3.7
v -84.3 -22.4 -3.8
v -84.4 -26.9 -3.9
v -84.4 -31.4 -4.0
v -84.1 -35.9 -4.1
v -83.8 -40.5 -4.3
v -83.0 -45.0 -4.4
v -81.6 -49.3 -4.4
v -80.4 -53.8 -4.6
v -79.1 -58.3 -4.7
v -77.8 -62.9 -5.0
v -76.1 -67.4 -5.2
v -74.3 -72.0 -5.4
v -72.4 -76.6 -5.7
v -70.2 -81.2 -6.0
v -67.4 -85.4 -6.2
v -64.3 -89.5 -6.4
v -61.0 -93.4 -6.6
v -57.4 -97.0 -6.7
v -53.7 -100.6 -6.9
v -49.7 -104.1 -7.1
v -45.4 -107.1 -7.2
v -40.8 -109.6 -7.3
v -36.1 -112.2 -7.4
v -31.3 -114.2 -7.5
v -26.3 -116.1 -7.6
v -21.1 -117.4 -7.6
v -15.9 -118.3 -7.6
v -10.6 -119.0 -7.6
v -5.3 -119.4 -7.6
v -0.0 -119.5 -7.6
v 5.3 -119.1 -7.5
v 10.6 -118.8 -7.5
v 15.9 -118.2 -7.5
v 21.1 -117.1 -7.5
v 26.1 -115.2 -7.4
v 31.0 -113.3 -7.3
v 35.8 -111.4 -7.2
v 40.5 -108.9 -7.1
v 44.9 -106.2 -7.0
v 49.1 -103.1 -6.8
v 53.1 -99.8 -6.7
v 56.8 -96.2 -6.5
v 60.2 -92.3 -6.3
v 63.4 -88.4 -6.0
v 66.4 -84.4 -5.9
v 69.1 -80.3 -5.7
v 71.4 -75.8 -5.4
v 73.4 -71.4 -5.2
v 75.1 -66.8 -4.9
v 76.5 -62.1 -4.6
v 78.2 -57.9 -4.5
v 79.8 -53.5 -4.4
v 81.2 -49.2 -4.3
v 82.5 -44.8 -4.3
v 83.4 -40.4 -4.2
v 84.1 -35.9 -4.1
v 84.8 -31.4 -4.1
v 84.9 -26.9 -4.0
v 84.9 -22.4 -3.9
v 84.2 -18.0 -7.3
v 83.5 -13.6 -7.1
v 82.7 -9.3 -7.0
v 82.1 -5.0 -7.0
v 81.3 -0.7 -7.0
v 80.3 3.5 -7.0
v 79.2 7.7 -7.0
v 78.2 12.0 -7.1
v 77.3 16.4 -7.4
v 76.1 20.8 -7.6
v 74.6 25.1 -7.8
v 73.4 29.7 -8.1
v 72.0 34.3 -8.5
v 70.2 38.8 -8.9
v 68.0 43.3 -9.2
v 65.7 47.7 -9.6
v 63.3 52.3 -10.0
v 60.3 56.5 -10.3
v 57.1 60.7 -10.7
v 53.8 64.9 -11.1
v 50.2 68.9 -11.5
v 46.1 72.5 -11.9
v 41.7 75.6 -12.1
v 37.2 79.0 -12.5
v 32.3 81.5 -12.7
v 27.2 83.5 -12.8
v 21.9 85.2 -12.9
v 16.5 86.3 -12.9
v 11.0 86.9 -12.9
v 5.5 87.3 -12.9
v 0.0 87.4 -12.9
v -5.5 87.3 -12.9
v -11.0 86.9 -12.9
v -16.5 86.1 -12.9
v -21.9 85.1 -12.9
v -27.2 83.4 -12.8
v -32.2 81.1 -12.5
v -37.0 78.3 -12.3
v -41.6 75.4 -12.0
v -46.1 72.5 -11.9
v -50.2 68.9 -11.5
v -53.8 64.9 -11.1
v -57.1 60.7 -10.7
v -60.3 56.5 -10.3
v -63.3 52.3 -10.0
v -65.7 47.7 -9.6
v -68.0 43.3 -9.2
v -70.2 38.8 -8.9
v -72.0 34.3 -8.5
v -73.4 29.7 -8.1
v -74.5 25.0 -7.7
v -75.6 20.5 -7.4
v -77.1 16.3 -7.3
v -78.1 12.0 -7.1
v -79.0 7.7 -7.0
v -79.6 3.3 -6.8
v -80.5 -0.9 -6.8
v -81.3 -5.1 -6.8
v -82.2 -9.4 -6.9
v -83.1 -13.6 -7.0
v -83.7 -18.0 -7.1
v -84.1 -22.4 -7.3
v -84.2 -26.8 -7.4
v -84.1 -31.3 -7.5
v -84.1 -35.9 -7.7
v -83.6 -40.4 -7.9
v -82.7 -44.9 -8.0
v -81.4 -49.2 -8.1
v -80.4 -53.8 -8.3
v -79.2 -58.4 -8.5
v -77.8 -62.9 -8.8
v -76.2 -67.5 -9.0
v -74.3 -72.0 -9.3
v -72.2 -76.5 -9.6
v -70.0 -81.0 -9.9
v -67.3 -85.3 -10.2
v -64.3 -89.4 -10.4
v -60.8 -93.1 -10.6
v -57.2 -96.7 -10.7
v -53.5 -100.3 -11.0
v -49.5 -103.8 -11.2
v -45.2 -106.7 -11.3
v -40.7 -109.4 -11.4
v -36.0 -111.9 -11.6
v -31.2 -114.0 -11.7
v -26.2 -115.9 -11.8
v -21.1 -117.2 -11.8
v -15.9 -118.2 -11.8
v -10.6 -119.0 -11.8
v -5.3 -119.4 -11.8
v -0.0 -119.5 -11.8
v 5.3 -119.0 -11.7
v 10.6 -118.4 -11.7
v 15.8 -117.5 -11.6
v 20.9 -116.5 -11.6
v 26.0 -115.0 -11.6
v 30.9 -113.2 -11.5
v 35.8 -111.2 -11.4
v 40.4 -108.6 -11.2
v 44.8 -105.9 -11.1
v 49.0 -102.9 -10.9
v 53.0 -99.6 -10.7
v 56.8 -96.1 -10.5
v 60.2 -92.4 -10.3
v 63.4 -88.4 -10.1
v 66.3 -84.3 -9.8
v 69.0 -80.1 -9.5
v 71.4 -75.8 -9.3
v 73.5 -71.4 -9.0
v 75.4 -66.9 -8.8
v 76.9 -62.4 -8.5
v 78.4 -57.9 -8.3
v 79.7 -53.5 -8.1
v 81.2 -49.2 -8.0
v 82.3 -44.8 -7.9
v 83.2 -40.3 -7.8
v 84.0 -35.9 -7.7
v 84.6 -31.4 -7.6
v 84.7 -26.9 -7.5
v 84.8 -22.4 -7.4
v 84.0 -18.0 -10.8
v 83.2 -13.6 -10.6
v 82.3 -9.3 -10.5
v 81.7 -5.1 -10.4
v 81.2 -0.7 -10.5
v 80.2 3.5 -10.5
v 79.1 7.7 -10.6
v 78.1 12.0 -10.7
v 77.2 16.4 -11.0
v 75.6 20.5 -11.1
v 74.3 24.9 -11.4
v 73.3 29.6 -11.9
v 72.0 34.3 -12.3
v 70.2 38.9 -12.8
v 68.1 43.3 -13.2
v 65.7 47.7 -13.6
v 63.3 52.3 -14.1
v 60.5 56.7 -14.5
v 57.4 61.0 -15.0
v 54.1 65.3 -15.5
v 50.4 69.3 -16.0
v 46.4 73.0 -16.4
v 41.9 76.2 -16.7
v 37.4 79.3 -17.0
v 32.5 81.9 -17.3
v 27.4 84.3 -17.5
v 22.1 86.0 -17.7
v 16.6 86.9 -17.7
v 11.1 87.2 -17.5
v 5.5 87.4 -17.5
v 0.0 87.6 -17.5
v -5.5 87.4 -17.5
v -11.0 87.0 -17.5
v -16.5 86.4 -17.5
v -22.0 85.5 -17.5
v -27.3 83.8 -17.4
v -32.3 81.4 -17.1
v -37.3 79.0 -17.0
v -41.9 76.2 -16.7
v -46.4 73.0 -16.4
v -50.5 69.4 -16.0
v -54.1 65.3 -15.5
v -57.4 61.0 -15.0
v -60.5 56.7 -14.5
v -63.4 52.4 -14.1
v -65.9 47.9 -13.7
v -68.2 43.4 -13.2
v -70.2 38.9 -12.8
v -72.0 34.3 -12.3
v -73.3 29.6 -11.9
v -74.3 24.9 -11.4
v -75.4 20.4 -11.0
v -76.6 16.1 -10.8
v -77.6 11.8 -10.6
v -78.6 7.5 -10.4
v -79.5 3.3 -10.3
v -80.4 -0.9 -10.3
v -81.3 -5.1 -10.3
v -82.2 -9.4 -10.4
v -83.1 -13.6 -10.6
v -83.7 -18.0 -10.7
v -84.2 -22.4 -10.9
v -84.2 -26.8 -11.0
v -84.1 -31.3 -11.2
v -84.0 -35.8 -11.4
v -83.3 -40.3 -11.5
v -82.3 -44.7 -11.6
v -81.3 -49.2 -11.8
v -80.3 -53.7 -12.0
v -78.9 -58.2 -12.2
v -77.5 -62.7 -12.5
v -76.1 -67.4 -12.9
v -74.2 -71.9 -13.2
v -72.0 -76.3 -13.5
v -69.7 -80.8 -13.8
v -67.1 -85.1 -14.2
v -64.0 -89.0 -14.4
v -60.5 -92.7 -14.6
v -57.0 -96.5 -14.8
v -53.3 -100.1 -15.1
v -49.2 -103.3 -15.3
v -44.9 -106.1 -15.4
v -40.5 -108.9 -15.6
v -35.8 -111.3 -15.7
v -31.0 -113.4 -15.8
v -26.0 -115.1 -15.9
v -21.0 -116.6 -16.0
v -15.8 -117.7 -16.0
v -10.6 -118.6 -16.1
v -5.3 -119.1 -16.1
v -0.0 -119.2 -16.1
v 5.3 -118.7 -16.0
v 10.5 -117.9 -15.9
v 15.7 -117.1 -15.8
v 20.8 -116.1 -15.8
v 25.9 -114.5 -15.7
v 30.7 -112.6 -15.6
v 35.5 -110.6 -15.5
v 40.2 -108.2 -15.4
v 44.5 -105.4 -15.2
v 48.7 -102.4 -15.0
v 52.8 -99.3 -14.8
v 56.5 -95.8 -14.6
v 60.1 -92.2 -14.3
v 63.3 -88.3 -14.1
v 66.2 -84.2 -13.8
v 68.7 -79.9 -13.4
v 71.2 -75.7 -13.2
v 73.4 -71.3 -12.9
v 75.2 -66.8 -12.5
v 76.9 -62.4 -12.3
v 78.4 -57.9 -12.0
v 79.6 -53.4 -11.8
v 81.1 -49.1 -11.7
v 82.3 -44.7 -11.6
v 83.2 -40.3 -11.5
v 83.7 -35.8 -11.3
v 84.3 -31.4 -11.2
v 84.3 -26.9 -11.1
v 84.5 -22.4 -11.0
v 83.7 -18.0 -14.4
v 83.1 -13.6 -14.3
v 82.2 -9.4 -14.0
v 81.2 -5.1 -13.9
v 80.5 -0.9 -13.9
v 79.6 3.3 -14.0
v 78.9 7.6 -14.2
v 78.1 12.0 -14.4
v 77.0 16.3 -14.6
v 75.4 20.4 -14.8
v 74.3 24.9 -15.2
v 73.3 29.6 -15.7
v 72.1 34.4 -16.3
v 70.3 39.0 -16.8
v 68.1 43.3 -17.2
v 65.8 47.8 -17.7
v 63.4 52.4 -18.3
v 60.6 56.8 -18.8
v 57.6 61.3 -19.5
v 54.3 65.6 -20.0
v 50.5 69.5 -20.5
v 46.4 73.2 -21.0
v 42.0 76.4 -21.3
v 37.3 79.3 -21.6
v 32.4 81.6 -21.8
v 27.3 83.8 -22.1
v 22.0 85.3 -22.1
v 16.5 86.3 -22.1
v 11.0 87.0 -22.1
v 5.5 87.2 -22.0
v 0.0 87.3 -22.0
v -5.5 87.2 -22.0
v -11.0 86.9 -22.1
v -16.5 86.2 -22.1
v -21.9 85.2 -22.1
v -27.3 83.8 -22.0
v -32.3 81.5 -21.8
v -37.3 79.2 -21.6
v -42.0 76.4 -21.3
v -46.5 73.3 -21.0
v -50.8 70.0 -20.7
v -54.5 65.9 -20.2
v -57.7 61.4 -19.5
v -60.6 56.9 -18.9
v -63.4 52.5 -18.3
v -66.0 48.0 -17.8
v -68.4 43.5 -17.3
v -70.4 39.0 -16.8
v -72.1 34.4 -16.3
v -73.3 29.6 -15.7
v -74.3 24.9 -15.2
v -75.3 20.4 -14.7
v -76.3 16.0 -14.4
v -77.2 11.6 -14.1
v -78.2 7.4 -13.9
v -79.3 3.3 -13.9
v -80.3 -0.9 -13.9
v -81.2 -5.1 -13.9
v -82.2 -9.4 -14.0
v -83.1 -13.6 -14.3
v -83.5 -18.0 -14.3
v -83.6 -22.4 -14.4
v -83.9 -26.8 -14.7
v -83.8 -31.3 -14.8
v -83.6 -35.8 -15.1
v -83.3 -40.3 -15.3
v -82.3 -44.7 -15.4
v -81.4 -49.2 -15.6
v -80.1 -53.7 -15.8
v -78.6 -58.1 -16.0
v -77.3 -62.6 -16.4
v -75.8 -67.2 -16.8
v -73.7 -71.6 -17.0
v -71.6 -76.0 -17.4
v -69.3 -80.4 -17.8
v -66.5 -84.5 -18.1
v -63.5 -88.5 -18.3
v -60.2 -92.4 -18.6
v -56.8 -96.1 -18.9
v -53.0 -99.5 -19.2
v -48.9 -102.6 -19.3
v -44.6 -105.5 -19.5
v -40.2 -108.3 -19.7
v -35.6 -110.6 -19.9
v -30.8 -112.7 -20.0
v -25.9 -114.6 -20.2
v -20.9 -116.2 -20.3
v -15.7 -117.2 -20.3
v -10.5 -118.0 -20.3
v -5.3 -118.5 -20.4
v -0.0 -118.6 -20.4
v 5.3 -118.3 -20.3
v 10.5 -117.5 -20.2
v 15.6 -116.5 -20.0
v 20.7 -115.5 -20.0
v 25.7 -114.0 -19.9
v 30.6 -112.3 -19.8
v 35.4 -110.2 -19.7
v 40.0 -107.7 -19.5
v 44.3 -104.9 -19.3
v 48.4 -101.8 -19.0
v 52.4 -98.8 -18.8
v 56.2 -95.4 -18.6
v 59.7 -91.8 -18.4
v 63.0 -88.0 -18.1
v 66.0 -84.0 -17.8
v 68.6 -79.8 -17.5
v 70.9 -75.4 -17.1
v 73.2 -71.2 -16.8
v 75.1 -66.7 -16.5
v 76.6 -62.2 -16.1
v 78.1 -57.8 -15.8
v 79.4 -53.4 -15.6
v 80.7 -49.0 -15.4
v 82.0 -44.7 -15.3
v 83.0 -40.3 -15.2
v 83.3 -35.7 -14.9
v 83.9 -31.3 -14.9
v 84.1 -26.8 -14.7
v 84.1 -22.4 -14.6
v 83.2 -18.0 -18.0
v 82.7 -13.7 -17.9
v 81.9 -9.4 -17.7
v 81.2 -5.1 -17.6
v 80.5 -0.9 -17.6
v 79.5 3.3 -17.7
v 78.7 7.6 -17.9
v 78.0 11.9 -18.2
v 77.0 16.3 -18.4
v 75.5 20.5 -18.6
v 74.6 25.1 -19.2
v 73.6 29.8 -19.8
v 72.2 34.4 -20.4
v 70.4 39.0 -20.9
v 68.2 43.4 -21.4
v 66.0 48.0 -22.0
v 63.4 52.4 -22.6
v 60.7 56.9 -23.2
v 57.9 61.7 -24.1
v 54.6 66.0 -24.8
v 50.8 70.0 -25.3
v 46.5 73.2 -25.6
v 41.9 76.2 -25.9
v 37.2 78.9 -26.2
v 32.1 80.9 -26.3
v 26.9 82.6 -26.3
v 21.6 83.8 -26.3
v 16.3 85.0 -26.4
v 11.0 86.3 -26.6
v 5.5 87.1 -26.8
v 0.0 87.3 -26.8
v -5.5 87.0 -26.7
v -10.9 86.1 -26.5
v -16.3 84.9 -26.4
v -21.6 83.8 -26.3
v -26.9 82.6 -26.3
v -32.1 80.8 -26.2
v -37.1 78.7 -26.1
v -41.9 76.1 -25.9
v -46.5 73.2 -25.6
v -50.9 70.1 -25.4
v -54.6 66.1 -24.8
v -57.9 61.7 -24.1
v -60.8 57.1 -23.4
v -63.5 52.5 -22.6
v -66.1 48.1 -22.1
v -68.4 43.6 -21.5
v -70.4 39.0 -21.0
v -72.2 34.5 -20.4
v -73.6 29.8 -19.8
v -74.6 25.1 -19.2
v -75.4 20.4 -18.6
v -76.4 16.0 -18.2
v -77.3 11.7 -17.9
v -78.3 7.4 -17.7
v -79.5 3.3 -17.6
v -80.5 -0.9 -17.6
v -81.2 -5.1 -17.6
v -81.9 -9.4 -17.7
v -82.7 -13.7 -17.9
v -83.1 -18.0 -18.0
v -83.2 -22.4 -18.1
v -83.5 -26.8 -18.3
v -83.4 -31.2 -18.5
v -83.4 -35.7 -18.8
v -83.2 -40.3 -19.2
v -82.2 -44.7 -19.3
v -81.0 -49.1 -19.4
v -79.6 -53.4 -19.6
v -78.4 -57.9 -19.9
v -77.1 -62.5 -20.3
v -75.4 -66.9 -20.7
v -73.4 -71.3 -21.0
v -71.3 -75.8 -21.4
v -68.9 -80.0 -21.8
v -66.1 -84.1 -22.1
v -63.0 -88.0 -22.4
v -59.7 -91.8 -22.7
v -56.3 -95.5 -23.0
v -52.6 -99.0 -23.3
v -48.5 -102.1 -23.5
v -44.3 -104.9 -23.7
v -39.8 -107.5 -23.9
v -35.4 -110.1 -24.2
v -30.6 -112.2 -24.3
v -25.7 -114.0 -24.4
v -20.7 -115.3 -24.5
v -15.6 -116.3 -24.5
v -10.4 -117.3 -24.6
v -5.2 -118.1 -24.8
v -0.0 -118.3 -24.8
v 5.2 -117.8 -24.7
v 10.4 -117.0 -24.5
v 15.5 -116.1 -24.4
v 20.6 -115.1 -24.4
v 25.6 -113.4 -24.2
v 30.4 -111.6 -24.1
v 35.1 -109.4 -23.9
v 39.6 -107.0 -23.7
v 43.9 -104.2 -23.4
v 48.1 -101.3 -23.2
v 52.1 -98.2 -22.9
v 55.8 -94.8 -22.7
v 59.3 -91.3 -22.4
v 62.5 -87.5 -22.1
v 65.5 -83.5 -21.8
v 68.3 -79.5 -21.5
v 70.7 -75.3 -21.1
v 72.8 -70.9 -20.7
v 74.8 -66.6 -20.4
v 76.4 -62.1 -20.0
v 77.7 -57.6 -19.6
v 79.2 -53.3 -19.4
v 80.4 -48.9 -19.2
v 81.4 -44.5 -19.0
v 82.4 -40.1 -18.9
v 83.4 -35.7 -18.8
v 84.0 -31.3 -18.8
v 84.1 -26.8 -18.6
v 83.7 -22.4 -18.2
v 83.1 -18.0 -21.9
v 82.4 -13.7 -21.6
v 81.8 -9.4 -21.5
v 81.3 -5.1 -21.5
v 80.5 -0.9 -21.5
v 79.5 3.3 -21.5
v 78.4 7.5 -21.6
v 77.9 11.9 -22.0
v 77.1 16.3 -22.4
v 75.7 20.6 -22.7
v 75.0 25.3 -23.4
v 73.6 29.8 -24.0
v 72.1 34.4 -24.6
v 70.4 39.0 -25.2
v 68.3 43.5 -25.8
v 65.8 47.8 -26.3
v 63.2 52.2 -26.9
v 60.7 56.9 -27.8
v 57.9 61.7 -28.7
v 54.6 66.0 -29.5
v 50.8 70.0 -30.1
v 46.4 73.0 -30.3
v 41.6 75.5 -30.4
v 36.7 77.6 -30.4
v 31.6 79.4 -30.4
v 26.5 80.8 -30.4
v 21.3 82.1 -30.4
v 16.1 83.5 -30.6
v 10.8 84.7 -30.8
v 5.4 85.7 -31.1
v 0.0 86.0 -31.2
v -5.4 85.7 -31.1
v -10.8 85.0 -30.9
v -16.1 83.5 -30.6
v -21.2 82.0 -30.3
v -26.5 80.7 -30.3
v -31.6 79.3 -30.4
v -36.7 77.5 -30.4
v -41.6 75.5 -30.4
v -46.4 73.0 -30.3
v -50.8 70.0 -30.1
v -54.6 66.0 -29.5
v -58.0 61.8 -28.7
v -60.9 57.3 -28.0
v -63.5 52.5 -27.1
v -66.1 48.1 -26.5
v -68.5 43.7 -25.9
v -70.5 39.1 -25.2
v -72.3 34.6 -24.7
v -73.8 29.9 -24.1
v -75.0 25.3 -23.4
v -75.6 20.5 -22.7
v -76.6 16.1 -22.2
v -77.3 11.7 -21.8
v -78.3 7.4 -21.5
v -79.5 3.3 -21.5
v -80.5 -0.9 -21.5
v -81.2 -5.1 -21.5
v -81.8 -9.4 -21.5
v -82.2 -13.7 -21.5
v -82.6 -18.0 -21.6
v -83.1 -22.4 -21.9
v -83.4 -26.8 -22.2
v -83.7 -31.3 -22.6
v -83.6 -35.8 -22.9
v -82.8 -40.2 -23.0
v -81.8 -44.6 -23.1
v -80.5 -48.9 -23.2
v -79.3 -53.3 -23.5
v -78.1 -57.8 -23.9
v -76.6 -62.2 -24.2
v -75.0 -66.7 -24.7
v -73.2 -71.2 -25.1
v -70.9 -75.4 -25.5
v -68.5 -79.7 -25.9
v -65.8 -83.8 -26.3
v -62.5 -87.4 -26.4
v -59.3 -91.2 -26.8
v -55.7 -94.7 -27.1
v -52.1 -98.3 -27.5
v -48.1 -101.3 -27.7
v -44.0 -104.3 -28.0
v -39.6 -106.9 -28.2
v -35.1 -109.5 -28.5
v -30.4 -111.5 -28.6
v -25.5 -113.1 -28.7
v -20.5 -114.6 -28.8
v -15.5 -115.6 -28.8
v -10.3 -116.4 -28.9
v -5.2 -117.1 -29.0
v -0.0 -117.5 -29.1
v 5.2 -117.0 -29.0
v 10.3 -116.2 -28.8
v 15.4 -115.2 -28.7
v 20.5 -114.2 -28.6
v 25.4 -112.9 -28.6
v 30.3 -111.3 -28.5
v 35.0 -109.1 -28.3
v 39.3 -106.4 -27.9
v 43.6 -103.6 -27.6
v 47.8 -100.7 -27.4
v 51.7 -97.5 -27.1
v 55.4 -94.3 -26.8
v 58.9 -90.8 -26.5
v 62.1 -87.0 -26.2
v 65.1 -83.1 -25.9
v 67.8 -79.0 -25.5
v 70.3 -74.9 -25.1
v 72.5 -70.7 -24.7
v 74.5 -66.4 -24.4
v 76.2 -62.0 -24.0
v 77.5 -57.5 -23.6
v 78.9 -53.1 -23.3
v 80.2 -48.8 -23.1
v 81.3 -44.4 -22.9
v 82.8 -40.2 -23.0
v 84.3 -35.9 -23.2
v 84.6 -31.4 -23.0
v 84.4 -26.9 -22.6
v 83.4 -22.4 -22.1
v 83.3 -18.0 -26.0
v 82.4 -13.7 -25.6
v 81.7 -9.4 -25.4
v 81.1 -5.2 -25.4
v 80.4 -0.9 -25.4
v 79.4 3.3 -25.4
v 78.3 7.5 -25.5
v 78.2 12.0 -26.2
v 77.5 16.5 -26.7
v 76.2 20.8 -27.1
v 75.1 25.3 -27.7
v 73.6 29.8 -28.2
v 72.2 34.4 -28.9
v 70.4 39.0 -29.6
v 68.1 43.4 -30.1
v 65.6 47.6 -30.7
v 63.1 52.1 -31.4
v 60.4 56.6 -32.2
v 57.6 61.3 -33.3
v 54.3 65.6 -34.0
v 50.2 69.0 -34.5
v 45.8 71.9 -34.6
v 41.0 74.2 -34.6
v 36.1 75.9 -34.5
v 31.0 77.5 -34.4
v 25.9 78.6 -34.2
v 20.7 79.6 -34.1
v 15.7 81.1 -34.4
v 10.6 82.6 -34.8
v 5.3 84.0 -35.3
v 0.0 84.5 -35.4
v -5.4 84.1 -35.3
v -10.6 83.2 -35.1
v -15.7 81.0 -34.3
v -20.6 79.0 -33.8
v -25.7 77.9 -33.9
v -30.9 77.0 -34.2
v -36.0 75.9 -34.5
v -41.0 74.1 -34.6
v -45.8 71.8 -34.6
v -50.2 69.0 -34.5
v -54.3 65.6 -34.0
v -57.7 61.4 -33.3
v -60.8 57.1 -32.5
v -63.4 52.4 -31.6
v -65.8 47.8 -30.8
v -68.3 43.5 -30.3
v -70.4 39.0 -29.6
v -72.4 34.6 -29.0
v -74.3 30.2 -28.6
v -75.4 25.5 -27.9
v -76.3 20.9 -27.1
v -77.3 16.4 -26.6
v -77.7 11.8 -26.0
v -78.2 7.4 -25.5
v -79.4 3.3 -25.4
v -80.3 -0.9 -25.4
v -80.8 -5.2 -25.3
v -81.4 -9.4 -25.3
v -82.0 -13.7 -25.4
v -82.5 -18.0 -25.6
v -83.2 -22.4 -26.0
v -83.5 -26.8 -26.3
v -83.9 -31.3 -26.8
v -84.0 -35.9 -27.3
v -83.3 -40.3 -27.4
v -81.9 -44.6 -27.4
v -80.3 -48.8 -27.3
v -79.0 -53.2 -27.6
v -77.6 -57.6 -27.9
v -76.2 -62.0 -28.3
v -74.6 -66.5 -28.8
v -72.8 -70.9 -29.3
v -70.4 -75.0 -29.6
v -68.0 -79.2 -30.0
v -65.2 -83.2 -30.4
v -62.0 -86.8 -30.6
v -58.9 -90.7 -31.1
v -55.3 -94.2 -31.3
v -51.7 -97.6 -31.7
v -47.7 -100.7 -32.0
v -43.6 -103.6 -32.3
v -39.3 -106.4 -32.6
v -35.0 -109.1 -33.0
v -30.3 -111.3 -33.3
v -25.4 -112.8 -33.3
v -20.4 -114.1 -33.3
v -15.4 -115.0 -33.3
v -10.3 -115.7 -33.3
v -5.1 -116.2 -33.4
v -0.0 -116.4 -33.4
v 5.1 -116.2 -33.4
v 10.3 -115.7 -33.3
v 15.3 -114.7 -33.2
v 20.3 -113.7 -33.1
v 25.2 -112.2 -33.0
v 30.0 -110.4 -32.8
v 34.7 -108.5 -32.7
v 39.2 -106.0 -32.4
v 43.4 -103.2 -32.1
v 47.6 -100.4 -31.8
v 51.6 -97.4 -31.6
v 55.2 -94.0 -31.3
v 58.5 -90.3 -30.8
v 61.6 -86.4 -30.3
v 64.6 -82.6 -29.9
v 67.2 -78.5 -29.5
v 69.8 -74.5 -29.2
v 72.2 -70.4 -28.9
v 74.2 -66.2 -28.5
v 75.7 -61.7 -28.0
v 77.1 -57.3 -27.6
v 78.5 -52.9 -27.3
v 79.9 -48.7 -27.1
v 81.2 -44.4 -27.0
v 83.1 -40.3 -27.4
v 84.3 -35.9 -27.4
v 84.7 -31.4 -27.2
v 84.5 -26.9 -26.8
v 83.6 -22.4 -26.2
v 83.0 -18.0 -30.0
v 82.2 -13.7 -29.7
v 81.4 -9.4 -29.4
v 80.8 -5.2 -29.4
v 80.3 -0.9 -29.6
v 79.4 3.3 -29.6
v 78.4 7.5 -29.7
v 78.3 12.0 -30.5
v 77.5 16.5 -31.0
v 76.4 20.9 -31.5
v 75.4 25.5 -32.2
v 74.2 30.2 -33.0
v 72.3 34.5 -33.5
v 70.3 38.9 -34.1
v 67.6 42.9 -34.4
v 65.3 47.3 -35.1
v 62.5 51.4 -35.7
v 59.5 55.5 -36.3
v 56.7 60.1 -37.4
v 53.3 64.1 -38.1
v 49.4 67.5 -38.6
v 45.0 70.4 -38.8
v 40.4 72.6 -38.8
v 35.4 74.2 -38.6
v 30.3 75.3 -38.2
v 25.2 76.1 -37.9
v 20.2 76.8 -37.6
v 15.3 78.4 -37.9
v 10.3 80.4 -38.7
v 5.3 82.7 -39.7
v 0.0 83.4 -40.0
v -5.3 82.8 -39.8
v -10.4 80.9 -39.0
v -15.2 78.0 -37.8
v -20.1 76.5 -37.4
v -25.1 75.5 -37.5
v -30.1 74.6 -37.8
v -35.3 74.1 -38.5
v -40.2 72.3 -38.6
v -44.9 70.2 -38.7
v -49.4 67.5 -38.6
v -53.4 64.2 -38.2
v -56.8 60.2 -37.4
v -60.0 56.1 -36.7
v -63.1 52.1 -36.1
v -65.6 47.6 -35.4
v -68.2 43.4 -34.8
v -70.4 39.0 -34.1
v -72.3 34.5 -33.5
v -74.4 30.3 -33.1
v -75.6 25.6 -32.3
v -76.6 21.0 -31.6
v -77.5 16.5 -31.0
v -78.2 12.0 -30.4
v -78.5 7.5 -29.8
v -79.4 3.3 -29.6
v -80.3 -0.9 -29.6
v -80.7 -5.2 -29.3
v -81.3 -9.5 -29.3
v -82.1 -13.7 -29.6
v -82.5 -18.0 -29.7
v -83.0 -22.4 -30.1
v -83.4 -26.8 -30.5
v -83.7 -31.3 -31.0
v -84.1 -35.9 -31.7
v -83.7 -40.4 -32.0
v -81.7 -44.5 -31.6
v -79.6 -48.6 -31.3
v -78.4 -52.9 -31.6
v -77.3 -57.4 -32.1
v -76.0 -61.9 -32.6
v -74.3 -66.2 -33.0
v -72.2 -70.4 -33.4
v -69.8 -74.5 -33.7
v -67.2 -78.5 -34.1
v -64.5 -82.5 -34.5
v -61.5 -86.3 -34.9
v -58.4 -90.1 -35.3
v -54.9 -93.5 -35.6
v -51.3 -97.1 -36.1
v -47.5 -100.3 -36.6
v -43.4 -103.3 -36.9
v -39.2 -106.1 -37.3
v -34.7 -108.4 -37.5
v -30.0 -110.4 -37.7
v -25.2 -112.1 -37.9
v -20.3 -113.4 -37.9
v -15.3 -114.4 -37.9
v -10.2 -115.0 -37.9
v -5.1 -115.4 -37.9
v -0.0 -115.5 -37.9
v 5.1 -115.4 -37.9
v 10.2 -115.0 -37.9
v 15.3 -114.3 -37.9
v 20.3 -113.4 -37.9
v 25.2 -112.0 -37.8
v 29.9 -110.2 -37.6
v 34.5 -108.0 -37.3
v 38.9 -105.5 -36.9
v 43.3 -102.9 -36.7
v 47.4 -100.2 -36.5
v 51.3 -97.1 -36.1
v 54.9 -93.5 -35.6
v 58.3 -89.9 -35.2
v 61.4 -86.2 -34.8
v 64.2 -82.2 -34.2
v 66.6 -78.0 -33.6
v 69.2 -74.0 -33.3
v 71.6 -70.0 -33.0
v 73.5 -65.8 -32.6
v 75.4 -61.5 -32.2
v 77.0 -57.2 -31.9
v 78.2 -52.8 -31.4
v 79.4 -48.5 -31.1
v 81.2 -44.4 -31.3
v 83.7 -40.4 -32.0
v 83.8 -35.8 -31.5
v 83.6 -31.2 -30.9
v 83.7 -26.8 -30.7
v 83.3 -22.4 -30.3
v 82.5 -18.0 -34.1
v 82.1 -13.7 -33.9
v 81.0 -9.5 -33.5
v 80.4 -5.3 -33.4
v 80.1 -1.0 -33.7
v 79.4 3.3 -33.9
v 78.7 7.6 -34.2
v 78.2 12.0 -34.9
v 77.5 16.5 -35.5
v 76.4 20.9 -36.0
v 75.3 25.4 -36.7
v 74.2 30.2 -37.6
v 72.3 34.6 -38.2
v 70.2 38.9 -38.8
v 67.4 42.7 -39.0
v 64.6 46.6 -39.3
v 61.7 50.5 -39.9
v 58.6 54.3 -40.4
v 55.6 58.5 -41.3
v 52.2 62.3 -42.0
v 48.3 65.6 -42.4
v 43.9 68.2 -42.6
v 39.4 70.6 -42.7
v 34.6 72.2 -42.5
v 29.6 73.1 -42.0
v 24.5 73.5 -41.4
v 19.6 74.0 -41.0
v 14.8 75.3 -41.2
v 10.1 77.9 -42.4
v 5.2 80.9 -43.9
v 0.0 81.9 -44.5
v -5.2 81.0 -44.0
v -10.1 78.5 -42.8
v -14.8 75.2 -41.2
v -19.5 73.8 -40.9
v -24.4 73.1 -41.2
v -29.4 72.5 -41.6
v -34.6 72.1 -42.4
v -39.3 70.4 -42.6
v -44.0 68.4 -42.7
v -48.3 65.7 -42.5
v -52.3 62.5 -42.2
v -55.6 58.6 -41.3
v -58.9 54.7 -40.7
v -62.2 51.1 -40.4
v -65.2 47.2 -39.9
v -68.0 43.2 -39.4
v -70.4 39.0 -38.9
v -72.5 34.7 -38.3
v -74.5 30.4 -37.9
v -76.1 26.0 -37.3
v -77.1 21.3 -36.5
v -77.7 16.6 -35.6
v -78.5 12.1 -35.0
v -79.1 7.7 -34.5
v -79.5 3.3 -34.0
v -80.2 -0.9 -33.8
v -80.4 -5.3 -33.5
v -81.0 -9.5 -33.5
v -82.1 -13.7 -33.9
v -82.7 -18.0 -34.2
v -82.7 -22.3 -34.3
v -82.5 -26.7 -34.4
v -82.5 -31.1 -34.7
v -83.6 -35.8 -35.9
v -83.9 -40.5 -36.7
v -82.0 -44.6 -36.3
v -79.9 -48.7 -36.0
v -78.3 -52.9 -36.0
v -77.1 -57.3 -36.5
v -75.3 -61.5 -36.8
v -73.4 -65.7 -37.1
v -71.4 -69.9 -37.5
v -69.2 -74.1 -38.0
v -66.7 -78.0 -38.4
v -64.2 -82.2 -39.0
v -61.2 -85.9 -39.4
v -57.9 -89.5 -39.7
v -54.4 -92.8 -40.0
v -50.9 -96.3 -40.6
v -47.2 -99.7 -41.2
v -43.0 -102.5 -41.4
v -38.8 -105.2 -41.8
v -34.4 -107.6 -42.1
v -29.7 -109.5 -42.3
v -25.0 -111.2 -42.4
v -20.1 -112.6 -42.5
v -15.1 -113.5 -42.6
v -10.1 -114.1 -42.5
v -5.0 -114.3 -42.4
v -0.0 -114.4 -42.4
v 5.0 -114.3 -42.4
v 10.1 -114.1 -42.5
v 15.1 -113.5 -42.6
v 20.1 -112.6 -42.5
v 24.9 -111.1 -42.3
v 29.7 -109.3 -42.1
v 34.3 -107.2 -41.9
v 38.6 -104.6 -41.4
v 42.9 -102.2 -41.2
v 47.0 -99.4 -40.9
v 50.8 -96.3 -40.6
v 54.3 -92.8 -40.0
v 57.7 -89.2 -39.5
v 60.7 -85.5 -39.0
v 63.6 -81.6 -38.6
v 66.3 -77.7 -38.1
v 68.7 -73.6 -37.6
v 71.1 -69.6 -37.3
v 73.2 -65.5 -36.9
v 75.0 -61.3 -36.6
v 76.4 -56.9 -36.0
v 77.6 -52.5 -35.5
v 79.5 -48.5 -35.7
v 82.3 -44.8 -36.5
v 85.0 -40.8 -37.4
v 84.2 -35.9 -36.2
v 82.5 -31.1 -34.7
v 82.2 -26.6 -34.2
v 82.4 -22.3 -34.1
v 81.9 -18.0 -38.3
v 81.4 -13.7 -38.0
v 80.7 -9.5 -37.8
v 80.1 -5.3 -37.7
v 79.7 -1.1 -38.0
v 79.4 3.3 -38.5
v 79.1 7.7 -39.1
v 78.5 12.1 -39.7
v 78.2 16.8 -40.6
v 77.1 21.3 -41.3
v 75.4 25.5 -41.6
v 74.1 30.1 -42.5
v 72.2 34.4 -43.0
v 69.8 38.5 -43.4
v 67.0 42.3 -43.6
v 63.9 45.9 -43.7
v 60.9 49.6 -44.2
v 57.7 53.3 -44.7
v 54.5 57.0 -45.3
v 50.9 60.4 -45.8
v 47.0 63.4 -46.1
v 42.8 66.0 -46.3
v 38.4 68.2 -46.4
v 33.8 69.9 -46.3
v 28.9 70.9 -45.8
v 23.9 71.1 -45.0
v 19.0 71.3 -44.4
v 14.3 72.5 -44.6
v 9.8 75.5 -46.2
v 5.1 79.4 -48.4
v 0.0 81.0 -49.4
v -5.1 79.7 -48.6
v -9.9 76.3 -46.7
v -14.3 72.6 -44.6
v -18.9 71.1 -44.3
v -23.7 70.6 -44.7
v -28.7 70.4 -45.4
v -33.7 69.9 -46.2
v -38.4 68.3 -46.4
v -43.0 66.4 -46.6
v -47.2 63.8 -46.4
v -51.1 60.7 -46.1
v -54.5 57.1 -45.3
v -57.9 53.5 -44.8
v -61.1 49.9 -44.4
v -64.4 46.4 -44.2
v -67.4 42.7 -44.0
v -70.4 39.0 -43.9
v -73.0 35.0 -43.7
v -74.7 30.5 -42.9
v -76.2 26.0 -42.2
v -77.4 21.4 -41.5
v -78.4 16.9 -40.8
v -79.1 12.4 -40.1
v -79.4 7.8 -39.3
v -79.5 3.3 -38.5
v -80.3 -0.9 -38.4
v -80.4 -5.3 -37.9
v -80.8 -9.5 -37.8
v -81.5 -13.7 -38.1
v -82.0 -18.0 -38.4
v -81.7 -22.3 -38.2
v -81.0 -26.5 -38.0
v -81.0 -30.8 -38.4
v -82.6 -35.6 -39.9
v -84.3 -40.6 -41.8
v -83.0 -45.0 -41.8
v -80.4 -48.9 -41.0
v -78.2 -52.8 -40.6
v -76.7 -57.1 -41.0
v -75.0 -61.3 -41.4
v -73.2 -65.5 -41.8
v -70.9 -69.5 -42.0
v -68.6 -73.6 -42.4
v -66.0 -77.5 -42.8
v -63.4 -81.4 -43.3
v -60.4 -85.1 -43.7
v -57.3 -88.8 -44.2
v -54.0 -92.3 -44.7
v -50.5 -95.8 -45.3
v -46.9 -99.2 -46.0
v -42.8 -102.0 -46.3
v -38.6 -104.7 -46.7
v -34.2 -107.1 -47.0
v -29.6 -109.0 -47.2
v -24.8 -110.6 -47.4
v -20.0 -111.9 -47.5
v -15.0 -112.9 -47.5
v -10.0 -113.4 -47.4
v -5.0 -113.8 -47.4
v -0.0 -114.0 -47.4
v 5.0 -113.9 -47.4
v 10.0 -113.5 -47.5
v 15.0 -112.9 -47.5
v 20.0 -111.9 -47.4
v 24.7 -110.4 -47.2
v 29.4 -108.5 -46.9
v 34.0 -106.6 -46.7
v 38.4 -104.2 -46.4
v 42.5 -101.4 -45.9
v 46.5 -98.5 -45.4
v 50.4 -95.6 -45.2
v 54.0 -92.3 -44.7
v 57.3 -88.7 -44.2
v 60.3 -85.0 -43.6
v 63.3 -81.3 -43.2
v 66.0 -77.5 -42.8
v 68.3 -73.3 -42.1
v 70.4 -69.2 -41.6
v 72.7 -65.2 -41.4
v 74.6 -61.0 -41.0
v 76.1 -56.8 -40.6
v 77.6 -52.6 -40.3
v 80.4 -48.8 -41.0
v 83.7 -45.2 -42.2
v 85.2 -40.8 -42.3
v 82.8 -35.6 -40.1
v 80.7 -30.8 -38.2
v 80.6 -26.5 -37.7
v 81.3 -22.3 -38.0
v 81.1 -18.0 -42.4
v 80.7 -13.8 -42.3
v 80.2 -9.6 -42.1
v 79.8 -5.4 -42.2
v 79.5 -1.1 -42.6
v 79.3 3.3 -43.2
v 79.2 7.7 -44.0
v 78.5 12.1 -44.6
v 78.0 16.7 -45.5
v 77.2 21.3 -46.4
v 75.5 25.6 -46.7
v 74.2 30.2 -47.7
v 72.1 34.4 -48.2
v 69.7 38.4 -48.5
v 66.9 42.2 -48.7
v 63.6 45.6 -48.7
v 60.2 48.8 -48.7
v 56.9 52.2 -49.0
v 53.5 55.6 -49.5
v 49.9 58.8 -49.9
v 45.9 61.5 -50.1
v 41.7 63.9 -50.1
v 37.4 66.0 -50.1
v 32.9 67.7 -50.1
v 28.2 68.8 -49.6
v 23.4 69.2 -49.0
v 18.6 69.5 -48.4
v 14.1 71.0 -48.8
v 9.7 74.4 -50.8
v 5.1 79.8 -54.4
v 0.0 82.3 -56.1
v -5.2 80.9 -55.2
v -9.9 76.0 -52.0
v -14.2 71.4 -49.1
v -18.5 69.2 -48.2
v -23.2 68.7 -48.6
v -28.0 68.3 -49.3
v -32.9 67.6 -50.0
v -37.5 66.2 -50.3
v -42.0 64.5 -50.6
v -46.3 62.2 -50.6
v -50.2 59.3 -50.3
v -53.6 55.8 -49.6
v -57.0 52.4 -49.2
v -60.6 49.3 -49.1
v -64.2 46.2 -49.3
v -67.4 42.7 -49.3
v -70.4 39.0 -49.2
v -73.1 35.1 -49.0
v -74.7 30.5 -48.1
v -76.3 26.0 -47.4
v -77.4 21.5 -46.6
v -78.3 16.8 -45.7
v -78.8 12.2 -44.8
v -79.2 7.7 -44.0
v -79.5 3.3 -43.3
v -80.1 -1.0 -43.0
v -80.1 -5.3 -42.4
v -80.5 -9.5 -42.3
v -81.0 -13.8 -42.5
v -81.4 -18.0 -42.7
v -80.8 -22.2 -42.3
v -79.5 -26.4 -41.7
v -78.9 -30.5 -41.6
v -80.5 -35.1 -43.3
v -85.2 -40.8 -47.5
v -84.4 -45.4 -47.9
v -80.2 -48.8 -45.8
v -77.4 -52.5 -45.0
v -76.1 -56.8 -45.5
v -74.3 -60.9 -45.8
v -72.3 -65.0 -46.1
v -70.3 -69.1 -46.6
v -68.2 -73.3 -47.2
v -65.5 -77.0 -47.4
v -62.6 -80.6 -47.7
v -59.8 -84.4 -48.3
v -56.9 -88.3 -49.1
v -53.6 -91.8 -49.6
v -50.1 -95.2 -50.2
v -46.4 -98.3 -50.7
v -42.4 -101.3 -51.2
v -38.4 -104.2 -51.9
v -33.9 -106.4 -52.1
v -29.3 -108.3 -52.3
v -24.6 -109.9 -52.4
v -19.8 -111.3 -52.6
v -14.9 -112.1 -52.5
v -9.9 -112.4 -52.2
v -5.0 -112.8 -52.2
v -0.0 -113.3 -52.5
v 5.0 -113.3 -52.6
v 10.0 -112.9 -52.6
v 14.9 -112.2 -52.6
v 19.8 -111.3 -52.6
v 24.6 -109.8 -52.3
v 29.3 -108.1 -52.1
v 33.9 -106.3 -52.0
v 38.4 -104.2 -51.8
v 42.4 -101.2 -51.2
v 46.3 -98.2 -50.6
v 50.1 -95.2 -50.2
v 53.6 -91.8 -49.6
v 56.9 -88.3 -49.1
v 59.8 -84.4 -48.3
v 62.6 -80.6 -47.7
v 65.4 -76.9 -47.3
v 67.7 -72.8 -46.7
v 69.9 -68.8 -46.2
v 72.2 -64.9 -46.0
v 74.2 -60.8 -45.7
v 75.9 -56.7 -45.3
v 77.3 -52.4 -44.9
v 80.0 -48.7 -45.7
v 83.9 -45.2 -47.5
v 84.6 -40.7 -47.1
v 80.2 -35.0 -43.1
v 78.5 -30.4 -41.3
v 79.1 -26.3 -41.4
v 80.3 -22.2 -41.9
v 80.2 -18.0 -46.7
v 80.4 -13.8 -47.0
v 80.0 -9.6 -47.0
v 79.7 -5.4 -47.1
v 79.5 -1.1 -47.6
v 79.3 3.3 -48.2
v 79.1 7.7 -49.1
v 78.5 12.1 -49.7
v 77.6 16.6 -50.4
v 76.9 21.2 -51.4
v 75.6 25.6 -52.2
v 74.3 30.3 -53.3
v 72.3 34.5 -53.8
v 69.9 38.6 -54.2
v 67.3 42.6 -54.8
v 64.3 46.3 -55.0
v 60.7 49.5 -54.9
v 56.9 52.3 -54.7
v 53.0 55.0 -54.5
v 49.2 57.8 -54.6
v 45.2 60.3 -54.6
v 41.0 62.5 -54.5
v 36.7 64.3 -54.4
v 32.2 65.9 -54.2
v 27.5 66.7 -53.6
v 22.9 67.4 -53.1
v 18.3 68.3 -52.9
v 14.1 71.1 -54.4
v 9.9 76.6 -58.2
v 5.3 83.3 -63.1
v 0.0 86.1 -65.1
v -5.4 84.8 -64.3
v -10.2 78.7 -59.8
v -14.3 72.6 -55.6
v -18.4 68.4 -53.0
v -22.8 67.1 -52.9
v -27.4 66.4 -53.4
v -32.1 65.5 -53.9
v -36.7 64.3 -54.4
v -41.2 62.8 -54.8
v -45.4 60.7 -54.9
v -49.5 58.2 -55.0
v -53.3 55.4 -54.8
v -57.2 52.6 -55.0
v -61.2 50.0 -55.4
v -64.8 46.8 -55.6
v -67.9 43.2 -55.4
v -70.6 39.2 -55.0
v -73.0 35.1 -54.5
v -74.6 30.4 -53.4
v -76.2 26.0 -52.8
v -77.3 21.4 -51.8
v -78.3 16.8 -51.0
v -79.0 12.3 -50.2
v -79.3 7.8 -49.2
v -79.7 3.4 -48.5
v -80.2 -0.9 -48.1
v -80.3 -5.3 -47.6
v -80.5 -9.5 -47.3
v -80.6 -13.8 -47.2
v -80.4 -18.0 -46.9
v -79.6 -22.2 -46.4
v -78.7 -26.3 -45.9
v -77.9 -30.3 -45.7
v -79.5 -34.9 -47.6
v -85.0 -40.8 -52.7
v -83.7 -45.2 -52.8
v -79.6 -48.5 -50.6
v -76.7 -52.1 -49.6
v -75.2 -56.3 -50.0
v -73.6 -60.5 -50.4
v -71.6 -64.5 -50.7
v -69.4 -68.4 -51.1
v -67.4 -72.6 -51.8
v -64.9 -76.5 -52.3
v -62.3 -80.3 -52.8
v -59.4 -84.0 -53.4
v -56.3 -87.6 -53.9
v -53.2 -91.2 -54.7
v -49.6 -94.4 -55.2
v -45.8 -97.4 -55.6
v -42.0 -100.3 -56.2
v -38.0 -103.3 -56.9
v -33.6 -105.5 -57.1
v -29.1 -107.4 -57.4
v -24.4 -109.1 -57.6
v -19.6 -110.4 -57.8
v -14.8 -111.3 -57.8
v -9.9 -111.9 -57.7
v -4.9 -112.3 -57.7
v -0.0 -112.5 -57.8
v 4.9 -112.4 -57.8
v 9.9 -112.0 -57.8
v 14.8 -111.3 -57.8
v 19.6 -110.4 -57.8
v 24.4 -109.2 -57.7
v 29.1 -107.4 -57.4
v 33.6 -105.5 -57.1
v 38.0 -103.3 -56.9
v 42.0 -100.3 -56.2
v 45.8 -97.4 -55.6
v 49.6 -94.4 -55.2
v 53.2 -91.2 -54.7
v 56.3 -87.6 -53.9
v 59.4 -84.0 -53.4
v 62.3 -80.3 -52.8
v 64.8 -76.3 -52.1
v 67.1 -72.4 -51.5
v 69.4 -68.4 -51.0
v 71.6 -64.5 -50.7
v 73.4 -60.4 -50.3
v 75.1 -56.3 -49.9
v 76.6 -52.1 -49.6
v 79.2 -48.4 -50.4
v 82.2 -44.7 -51.6
v 83.4 -40.3 -51.5
v 78.5 -34.7 -46.8
v 77.3 -30.2 -45.2
v 78.4 -26.2 -45.7
v 79.5 -22.2 -46.3
v 78.8 -18.0 -50.8
v 80.3 -13.8 -52.2
v 80.3 -9.6 -52.4
v 80.0 -5.3 -52.6
v 79.8 -1.0 -53.1
v 79.4 3.3 -53.7
v 79.1 7.7 -54.4
v 78.5 12.1 -55.2
v 77.5 16.5 -55.8
v 76.5 21.0 -56.7
v 75.5 25.6 -57.8
v 74.2 30.2 -58.9
v 72.4 34.6 -59.8
v 70.3 38.9 -60.6
v 67.9 43.2 -61.4
v 65.1 47.1 -61.9
v 61.8 50.6 -62.1
v 57.9 53.5 -61.8
v 53.3 55.4 -60.8
v 49.0 57.5 -60.2
v 44.8 59.7 -59.9
v 40.6 61.7 -59.7
v 36.3 63.5 -59.6
v 31.8 64.9 -59.2
v 27.2 65.8 -58.6
v 22.8 67.1 -58.6
v 18.5 69.0 -59.3
v 14.4 72.8 -61.8
v 10.1 77.9 -65.6
v 5.2 81.6 -68.3
v 0.0 83.2 -69.5
v -5.3 82.5 -69.1
v -10.2 78.7 -66.2
v -14.6 74.2 -63.0
v -18.6 69.7 -59.9
v -22.8 67.2 -58.7
v -27.2 65.8 -58.6
v -31.7 64.7 -59.0
v -36.3 63.5 -59.5
v -40.6 61.7 -59.8
v -44.9 59.8 -60.0
v -49.3 58.0 -60.7
v -53.8 56.0 -61.4
v -58.1 53.8 -62.2
v -62.0 50.9 -62.5
v -65.5 47.5 -62.3
v -68.3 43.5 -61.8
v -70.9 39.4 -61.2
v -73.1 35.1 -60.5
v -74.5 30.4 -59.2
v -76.3 26.1 -58.6
v -77.4 21.4 -57.5
v -78.3 16.8 -56.6
v -79.0 12.3 -55.7
v -79.4 7.8 -54.7
v -80.0 3.4 -54.2
v -80.5 -0.9 -53.7
v -80.6 -5.2 -53.2
v -81.0 -9.5 -53.0
v -81.0 -13.8 -52.7
v -79.5 -18.0 -51.4
v -77.9 -22.1 -50.2
v -77.2 -26.1 -49.9
v -76.5 -30.1 -49.7
v -79.7 -34.9 -53.1
v -84.1 -40.5 -57.7
v -81.3 -44.4 -56.4
v -77.9 -47.9 -54.7
v -75.7 -51.7 -54.2
v -74.4 -55.9 -54.7
v -73.1 -60.2 -55.5
v -71.3 -64.3 -56.0
v -68.9 -68.1 -56.2
v -66.6 -71.9 -56.6
v -64.3 -75.9 -57.2
v -61.5 -79.5 -57.6
v -58.7 -83.2 -58.2
v -55.5 -86.6 -58.7
v -52.4 -90.1 -59.4
v -49.0 -93.4 -60.1
v -45.4 -96.7 -60.9
v -41.5 -99.5 -61.4
v -37.6 -102.4 -62.1
v -33.3 -104.7 -62.6
v -28.8 -106.7 -62.9
v -24.2 -108.5 -63.3
v -19.5 -109.9 -63.5
v -14.7 -110.9 -63.5
v -9.8 -111.5 -63.5
v -4.9 -111.9 -63.5
v -0.0 -112.0 -63.5
v 4.9 -111.9 -63.5
v 9.8 -111.5 -63.5
v 14.7 -110.9 -63.5
v 19.5 -110.0 -63.5
v 24.3 -108.8 -63.5
v 28.9 -107.0 -63.2
v 33.3 -104.8 -62.7
v 37.6 -102.4 -62.1
v 41.5 -99.5 -61.4
v 45.4 -96.7 -60.9
v 49.0 -93.4 -60.1
v 52.4 -90.1 -59.4
v 55.5 -86.6 -58.7
v 58.7 -83.2 -58.3
v 61.4 -79.4 -57.5
v 63.8 -75.5 -56.8
v 66.4 -71.8 -56.4
v 68.9 -68.1 -56.2
v 71.2 -64.2 -55.9
v 72.7 -60.0 -55.1
v 74.2 -55.8 -54.6
v 75.6 -51.7 -54.2
v 78.1 -48.0 -54.8
v 80.4 -44.1 -55.6
v 83.0 -40.2 -56.8
v 78.7 -34.7 -52.2
v 76.1 -30.1 -49.4
v 76.8 -26.1 -49.5
v 77.7 -22.1 -50.0
v 78.2 -18.0 -55.8
v 80.7 -13.8 -58.1
v 80.7 -9.5 -58.5
v 80.4 -5.3 -58.7
v 80.3 -0.9 -59.3
v 79.5 3.3 -59.5
v 78.6 7.5 -59.8
v 78.2 12.0 -60.8
v 77.2 16.4 -61.5
v 76.1 20.8 -62.3
v 75.0 25.3 -63.4
v 73.3 29.6 -64.1
v 71.9 34.2 -65.4
v 69.9 38.6 -66.4
v 67.0 42.4 -66.7
v 63.9 45.9 -66.7
v 60.5 49.1 -66.8
v 56.9 52.2 -66.8
v 52.9 54.9 -66.5
v 49.0 57.5 -66.5
v 45.0 59.9 -66.4
v 40.8 62.1 -66.4
v 36.6 64.1 -66.4
v 32.2 65.8 -66.3
v 27.7 67.3 -66.2
v 23.2 68.6 -66.2
v 18.7 69.8 -66.3
v 14.2 71.7 -67.2
v 9.7 74.7 -69.4
v 4.9 75.9 -70.0
v 0.0 76.2 -70.0
v -4.9 76.1 -70.0
v -9.8 74.8 -69.5
v -14.3 72.2 -67.7
v -18.7 70.1 -66.5
v -23.2 68.6 -66.1
v -27.5 66.8 -65.7
v -32.0 65.3 -65.7
v -36.4 63.8 -66.1
v -40.8 62.1 -66.3
v -45.0 59.9 -66.4
v -49.1 57.5 -66.5
v -53.0 55.0 -66.7
v -56.9 52.3 -66.8
v -60.5 49.2 -66.8
v -63.9 45.9 -66.8
v -67.1 42.4 -66.7
v -70.1 38.7 -66.6
v -72.7 34.8 -66.3
v -74.1 30.2 -65.0
v -76.0 25.9 -64.4
v -77.0 21.2 -63.2
v -77.9 16.7 -62.2
v -78.5 12.1 -61.1
v -79.4 7.8 -60.5
v -80.3 3.5 -60.2
v -81.1 -0.8 -60.0
v -81.3 -5.1 -59.5
v -81.5 -9.4 -59.2
v -81.3 -13.7 -58.7
v -79.0 -18.0 -56.5
v -76.5 -22.0 -54.3
v -75.0 -25.9 -53.2
v -77.4 -30.3 -56.0
v -83.0 -35.6 -61.8
v -83.0 -40.2 -62.8
v -78.7 -43.6 -59.9
v -76.0 -47.2 -58.7
v -74.4 -51.1 -58.7
v -73.2 -55.3 -59.4
v -71.9 -59.5 -60.2
v -70.3 -63.6 -60.8
v -68.1 -67.5 -61.2
v -65.6 -71.1 -61.4
v -63.3 -75.0 -62.1
v -60.4 -78.4 -62.3
v -57.7 -82.1 -63.1
v -54.8 -85.7 -63.9
v -51.7 -89.1 -64.6
v -48.4 -92.5 -65.4
v -45.0 -95.9 -66.4
v -40.9 -98.3 -66.6
v -36.7 -100.5 -66.7
v -32.4 -102.4 -66.8
v -28.0 -104.1 -66.9
v -23.5 -105.7 -67.2
v -18.9 -107.1 -67.4
v -14.3 -108.0 -67.5
v -9.5 -108.6 -67.5
v -4.8 -109.0 -67.5
v -0.0 -109.1 -67.5
v 4.8 -109.0 -67.5
v 9.5 -108.6 -67.5
v 14.3 -108.0 -67.5
v 18.9 -107.1 -67.5
v 23.6 -105.9 -67.4
v 28.0 -104.3 -67.2
v 32.4 -102.4 -66.9
v 36.7 -100.5 -66.7
v 40.9 -98.3 -66.6
v 45.0 -95.9 -66.4
v 48.4 -92.5 -65.4
v 51.7 -89.1 -64.6
v 54.8 -85.7 -63.9
v 57.8 -82.2 -63.2
v 60.4 -78.4 -62.3
v 63.2 -74.9 -61.9
v 65.6 -71.1 -61.4
v 68.1 -67.5 -61.2
v 70.3 -63.7 -60.9
v 72.0 -59.6 -60.3
v 73.3 -55.4 -59.5
v 74.3 -51.1 -58.6
v 75.9 -47.1 -58.6
v 78.1 -43.4 -59.4
v 83.2 -40.3 -62.9
v 82.3 -35.5 -61.1
v 77.0 -30.2 -55.6
v 74.4 -25.8 -52.7
v 75.6 -22.0 -53.5
v 78.0 -18.0 -61.5
v 80.5 -13.8 -64.1
v 80.6 -9.5 -64.5
v 80.3 -5.3 -64.7
v 79.9 -1.0 -65.1
v 79.0 3.2 -65.2
v 78.1 7.4 -65.5
v 77.5 11.8 -66.4
v 76.1 15.9 -66.6
v 74.4 19.9 -66.8
v 72.6 23.9 -67.2
v 70.7 27.9 -67.7
v 69.3 32.3 -69.0
v 67.3 36.5 -69.8
v 64.4 40.0 -70.0
v 61.3 43.3 -70.0
v 58.0 46.4 -70.0
v 54.5 49.4 -70.0
v 50.9 52.1 -70.0
v 47.2 54.7 -70.0
v 43.2 56.8 -69.6
v 39.1 58.7 -69.4
v 34.9 60.4 -69.1
v 30.7 61.9 -68.9
v 26.4 63.3 -68.8
v 22.1 64.4 -68.7
v 17.9 66.3 -69.5
v 13.5 67.3 -69.6
v 9.1 68.6 -70.0
v 4.6 69.0 -70.0
v 0.0 69.1 -70.0
v -4.6 69.0 -70.0
v -9.1 68.6 -70.0
v -13.6 67.7 -70.0
v -17.9 66.4 -69.6
v -22.0 64.2 -68.4
v -26.2 62.8 -68.3
v -30.5 61.4 -68.3
v -34.8 60.1 -68.8
v -39.1 58.7 -69.4
v -43.1 56.6 -69.5
v -46.9 54.3 -69.5
v -50.9 52.1 -70.0
v -54.5 49.4 -70.0
v -58.0 46.4 -70.0
v -61.3 43.3 -70.0
v -64.4 40.0 -70.0
v -67.4 36.5 -70.0
v -69.9 32.8 -69.7
v -71.5 28.5 -68.6
v -73.3 24.3 -68.0
v -74.6 20.0 -67.1
v -76.2 15.9 -66.8
v -77.7 11.8 -66.6
v -79.0 7.7 -66.5
v -80.0 3.4 -66.2
v -80.9 -0.8 -66.1
v -81.4 -5.1 -65.8
v -81.6 -9.4 -65.5
v -81.6 -13.7 -65.1
v -79.8 -18.0 -63.2
v -77.3 -22.1 -60.9
v -75.4 -25.9 -59.3
v -79.6 -30.6 -64.0
v -81.2 -35.3 -66.4
v -77.8 -38.9 -64.0
v -75.5 -42.5 -62.8
v -74.2 -46.5 -62.9
v -73.1 -50.6 -63.5
v -72.1 -54.7 -64.3
v -71.0 -59.0 -65.4
v -69.2 -63.0 -65.9
v -67.1 -66.7 -66.2
v -64.5 -70.2 -66.3
v -61.9 -73.8 -66.7
v -59.0 -77.0 -66.7
v -55.9 -80.1 -66.9
v -53.0 -83.4 -67.5
v -49.8 -86.6 -68.1
v -46.6 -89.7 -68.8
v -43.2 -92.9 -69.8
v -39.3 -95.2 -70.0
v -35.3 -97.2 -70.0
v -31.1 -98.9 -70.0
v -26.8 -100.4 -70.0
v -22.4 -101.8 -70.0
v -18.0 -102.9 -70.0
v -13.6 -103.7 -70.0
v -9.1 -104.3 -70.0
v -4.5 -104.6 -70.0
v -0.0 -104.8 -70.0
v 4.5 -104.6 -70.0
v 9.1 -104.3 -70.0
v 13.6 -103.7 -70.0
v 18.0 -102.9 -70.0
v 22.5 -101.8 -70.0
v 26.8 -100.5 -70.0
v 31.1 -98.9 -70.0
v 35.3 -97.2 -70.0
v 39.3 -95.2 -70.0
v 43.2 -92.9 -69.8
v 46.6 -89.7 -68.8
v 49.8 -86.6 -68.1
v 53.0 -83.4 -67.5
v 56.0 -80.2 -67.0
v 59.0 -77.0 -66.7
v 61.9 -73.8 -66.7
v 64.5 -70.2 -66.3
v 67.1 -66.7 -66.2
v 69.2 -62.9 -65.9
v 70.7 -58.8 -65.0
v 71.9 -54.7 -64.1
v 72.7 -50.4 -63.1
v 73.6 -46.2 -62.3
v 75.4 -42.5 -62.7
v 79.8 -39.4 -65.9
v 81.7 -35.4 -66.9
v 79.7 -30.6 -64.1
v 74.4 -25.8 -58.4
v 74.4 -21.9 -58.0
v 77.3 -18.0 -67.1
v 77.9 -13.9 -67.8
v 77.7 -9.8 -67.9
v 77.4 -5.7 -68.2
v 76.9 -1.6 -68.5
v 76.0 2.4 -68.6
v 75.2 6.4 -68.9
v 74.5 10.6 -69.7
v 73.0 14.5 -69.8
v 71.2 18.3 -69.8
v 69.2 22.0 -69.8
v 67.1 25.6 -69.9
v 64.9 29.1 -70.0
v 62.4 32.5 -70.0
v 59.7 35.7 -70.0
v 56.8 38.8 -70.0
v 53.7 41.7 -70.0
v 50.5 44.4 -70.0
v 47.2 47.0 -70.0
v 43.4 48.8 -69.6
v 38.4 48.5 -66.5
v 33.9 48.4 -64.2
v 29.6 48.5 -62.2
v 25.6 48.8 -60.9
v 21.7 48.9 -59.7
v 17.9 48.6 -58.2
v 15.0 52.8 -61.8
v 12.2 59.3 -68.0
v 8.4 61.5 -69.8
v 4.2 62.2 -70.0
v 0.0 62.3 -70.0
v -4.2 62.2 -70.0
v -8.4 61.8 -70.0
v -12.4 60.5 -69.4
v -15.2 53.3 -62.4
v -17.7 48.2 -57.8
v -21.6 48.4 -59.2
v -25.6 48.6 -60.7
v -29.6 48.5 -62.2
v -33.8 48.4 -64.1
v -37.8 47.4 -65.2
v -42.2 47.0 -67.3
v -46.8 46.4 -69.4
v -50.5 44.4 -70.0
v -53.7 41.7 -70.0
v -56.8 38.8 -70.0
v -59.7 35.7 -70.0
v -62.4 32.5 -70.0
v -65.0 29.2 -70.0
v -67.2 25.6 -70.0
v -69.3 22.0 -70.0
v -71.2 18.3 -69.8
v -73.0 14.5 -69.8
v -74.6 10.6 -69.8
v -75.9 6.7 -69.8
v -76.9 2.6 -69.5
v -77.8 -1.5 -69.4
v -78.3 -5.6 -69.2
v -78.6 -9.7 -68.9
v -78.7 -13.9 -68.6
v -77.7 -18.0 -67.4
v -77.1 -22.0 -66.9
v -76.1 -26.0 -66.2
v -76.9 -30.2 -67.6
v -75.8 -34.1 -67.3
v -74.2 -37.9 -66.5
v -73.2 -41.8 -66.7
v -72.1 -45.7 -67.0
v -70.8 -49.5 -67.3
v -69.4 -53.4 -67.7
v -68.3 -57.4 -68.7
v -66.5 -61.2 -69.2
v -64.4 -64.8 -69.4
v -61.9 -68.1 -69.5
v -59.3 -71.4 -69.8
v -56.5 -74.5 -69.8
v -53.5 -77.4 -69.8
v -50.3 -80.1 -69.9
v -47.1 -82.8 -70.0
v -43.6 -85.2 -70.0
v -40.2 -87.6 -70.0
v -36.5 -89.6 -70.0
v -32.7 -91.4 -70.0
v -28.8 -93.0 -70.0
v -24.8 -94.4 -70.0
v -20.8 -95.6 -70.0
v -16.7 -96.6 -70.0
v -12.6 -97.3 -70.0
v -8.4 -97.9 -70.0
v -4.2 -98.2 -70.0
v -0.0 -98.3 -70.0
v 4.2 -98.2 -70.0
v 8.4 -97.9 -70.0
v 12.6 -97.3 -70.0
v 16.7 -96.6 -70.0
v 20.8 -95.6 -70.0
v 24.8 -94.4 -70.0
v 28.8 -93.0 -70.0
v 32.7 -91.4 -70.0
v 36.5 -89.6 -70.0
v 40.2 -87.6 -70.0
v 43.6 -85.2 -70.0
v 47.1 -82.8 -70.0
v 50.3 -80.1 -69.9
v 53.5 -77.4 -69.8
v 56.5 -74.5 -69.8
v 59.3 -71.4 -69.8
v 61.9 -68.1 -69.5
v 64.4 -64.8 -69.4
v 66.4 -61.1 -69.1
v 67.9 -57.2 -68.3
v 69.3 -53.3 -67.6
v 70.6 -49.4 -67.1
v 71.5 -45.4 -66.3
v 72.5 -41.6 -65.9
v 75.0 -38.1 -67.4
v 77.4 -34.4 -69.0
v 78.4 -30.4 -69.2
v 76.4 -26.0 -66.5
v 76.4 -22.0 -66.2
v 73.9 -18.0 -69.9
v 73.8 -14.1 -70.0
v 73.5 -10.3 -70.0
v 73.1 -6.4 -70.0
v 72.4 -2.6 -70.0
v 71.5 1.2 -70.0
v 70.4 4.9 -70.0
v 69.3 8.6 -70.0
v 67.8 12.2 -70.0
v 66.1 15.7 -70.0
v 64.3 19.1 -70.0
v 62.2 22.4 -70.0
v 60.0 25.6 -70.0
v 57.7 28.7 -70.0
v 55.1 31.6 -70.0
v 52.5 34.5 -70.0
v 49.6 37.1 -70.0
v 46.7 39.7 -70.0
v 43.3 41.6 -69.7
v 38.3 41.0 -65.8
v 31.7 36.8 -57.8
v 26.5 33.9 -52.0
v 22.8 33.1 -49.3
v 19.6 33.1 -48.0
v 15.6 29.9 -42.9
v 11.3 24.3 -35.3
v 9.8 28.3 -39.4
v 10.6 49.2 -63.2
v 7.7 55.3 -69.8
v 3.9 56.1 -70.0
v 0.0 56.2 -70.0
v -3.9 56.1 -70.0
v -7.7 55.5 -70.0
v -10.7 49.5 -63.6
v -9.8 28.3 -39.4
v -11.2 23.9 -34.9
v -15.2 28.7 -41.5
v -19.3 32.2 -46.8
v -22.5 32.5 -48.6
v -25.8 32.7 -50.4
v -30.6 35.0 -55.4
v -37.1 39.2 -63.4
v -42.5 40.5 -68.1
v -46.4 39.3 -69.8
v -49.6 37.1 -70.0
v -52.5 34.5 -70.0
v -55.1 31.6 -70.0
v -57.7 28.7 -70.0
v -60.0 25.6 -70.0
v -62.2 22.4 -70.0
v -64.3 19.1 -70.0
v -66.1 15.7 -70.0
v -67.8 12.2 -70.0
v -69.3 8.6 -70.0
v -70.6 4.9 -70.0
v -71.6 1.2 -70.0
v -72.5 -2.6 -70.0
v -73.2 -6.4 -70.0
v -73.7 -10.3 -70.0
v -74.0 -14.1 -70.0
v -73.9 -18.0 -69.9
v -73.8 -21.9 -69.9
v -73.5 -25.7 -69.9
v -72.7 -29.5 -69.6
v -70.8 -33.1 -68.3
v -69.8 -36.7 -68.0
v -69.0 -40.4 -68.5
v -65.4 -43.1 -65.5
v -67.2 -47.9 -69.6
v -65.8 -51.5 -69.9
v -64.1 -55.0 -70.0
v -62.2 -58.4 -70.0
v -60.0 -61.6 -70.0
v -57.6 -64.7 -70.0
v -55.1 -67.6 -70.0
v -52.5 -70.5 -70.0
v -49.6 -73.1 -70.0
v -46.7 -75.7 -70.0
v -43.6 -78.0 -70.0
v -40.4 -80.2 -70.0
v -37.1 -82.3 -70.0
v -33.7 -84.1 -70.0
v -30.2 -85.8 -70.0
v -26.6 -87.3 -70.0
v -22.9 -88.6 -70.0
v -19.2 -89.7 -70.0
v -15.4 -90.6 -70.0
v -11.6 -91.3 -70.0
v -7.8 -91.8 -70.0
v -3.9 -92.1 -70.0
v -0.0 -92.2 -70.0
v 3.9 -92.1 -70.0
v 7.8 -91.8 -70.0
v 11.6 -91.3 -70.0
v 15.4 -90.6 -70.0
v 19.2 -89.7 -70.0
v 22.9 -88.6 -70.0
v 26.6 -87.3 -70.0
v 30.2 -85.8 -70.0
v 33.7 -84.1 -70.0
v 37.1 -82.3 -70.0
v 40.4 -80.2 -70.0
v 43.6 -78.0 -70.0
v 46.7 -75.7 -70.0
v 49.6 -73.1 -70.0
v 52.5 -70.5 -70.0
v 55.1 -67.6 -70.0
v 57.6 -64.7 -70.0
v 60.0 -61.6 -70.0
v 62.2 -58.4 -70.0
v 64.1 -55.0 -70.0
v 65.6 -51.4 -69.7
v 65.2 -47.0 -67.0
v 64.9 -42.9 -65.0
v 68.9 -40.4 -68.3
v 70.4 -36.9 -68.8
v 71.7 -33.2 -69.3
v 73.1 -29.6 -70.0
v 73.5 -25.7 -69.9
v 73.8 -21.9 -69.9
v 68.5 -18.0 -70.0
v 68.4 -14.4 -70.0
v 68.1 -10.8 -70.0
v 67.7 -7.3 -70.0
v 67.0 -3.8 -70.0
v 66.2 -0.3 -70.0
v 65.2 3.2 -70.0
v 64.0 6.6 -70.0
v 62.6 9.9 -70.0
v 61.0 13.1 -70.0
v 59.3 16.3 -70.0
v 57.5 19.3 -70.0
v 55.4 22.3 -70.0
v 53.2 25.1 -70.0
v 50.9 27.8 -70.0
v 48.4 30.4 -70.0
v 45.8 32.9 -70.0
v 42.9 35.0 -70.0
v 38.8 35.4 -67.3
v 32.9 32.6 -60.2
v 27.4 29.5 -53.4
v 23.5 28.2 -49.6
v 20.5 28.1 -47.9
v 17.0 26.2 -44.1
v 12.3 19.8 -34.5
v 9.3 16.6 -29.7
v 8.3 21.0 -34.7
v 9.8 44.1 -63.4
v 7.1 49.8 -70.0
v 3.6 50.4 -70.0
v 0.0 50.5 -70.0
v -3.6 50.4 -70.0
v -7.1 49.9 -70.0
v -9.8 44.0 -63.3
v -8.2 20.8 -34.4
v -9.2 16.5 -29.5
v -11.9 18.6 -33.0
v -16.1 24.0 -41.1
v -20.1 27.1 -46.6
v -23.2 27.4 -48.6
v -26.7 28.3 -51.6
v -31.9 31.1 -57.9
v -38.1 34.4 -65.7
v -42.7 34.7 -69.5
v -45.8 32.8 -70.0
v -48.4 30.4 -70.0
v -50.9 27.8 -70.0
v -53.2 25.1 -70.0
v -55.4 22.3 -70.0
v -57.5 19.3 -70.0
v -59.3 16.3 -70.0
v -61.0 13.1 -70.0
v -62.6 9.9 -70.0
v -64.0 6.6 -70.0
v -65.2 3.2 -70.0
v -66.2 -0.3 -70.0
v -67.0 -3.8 -70.0
v -67.7 -7.3 -70.0
v -68.1 -10.8 -70.0
v -68.4 -14.4 -70.0
v -68.5 -18.0 -70.0
v -68.4 -21.6 -70.0
v -68.1 -25.2 -70.0
v -67.7 -28.7 -70.0
v -66.8 -32.2 -70.0
v -65.4 -35.5 -69.4
v -60.4 -37.6 -64.1
v -47.5 -36.2 -48.4
v -58.1 -43.8 -64.2
v -60.3 -48.7 -69.4
v -59.3 -52.2 -70.0
v -57.5 -55.3 -70.0
v -55.4 -58.3 -70.0
v -53.2 -61.1 -70.0
v -50.9 -63.8 -70.0
v -48.4 -66.4 -70.0
v -45.8 -68.9 -70.0
v -43.1 -71.2 -70.0
v -40.3 -73.4 -70.0
v -37.3 -75.5 -70.0
v -34.3 -77.3 -70.0
v -31.1 -79.0 -70.0
v -27.9 -80.6 -70.0
v -24.6 -82.0 -70.0
v -21.2 -83.2 -70.0
v -17.7 -84.2 -70.0
v -14.2 -85.0 -70.0
v -10.7 -85.7 -70.0
v -7.2 -86.1 -70.0
v -3.6 -86.4 -70.0
v -0.0 -86.5 -70.0
v 3.6 -86.4 -70.0
v 7.2 -86.1 -70.0
v 10.7 -85.7 -70.0
v 14.2 -85.0 -70.0
v 17.7 -84.2 -70.0
v 21.2 -83.2 -70.0
v 24.6 -82.0 -70.0
v 27.9 -80.6 -70.0
v 31.1 -79.0 -70.0
v 34.3 -77.3 -70.0
v 37.3 -75.5 -70.0
v 40.3 -73.4 -70.0
v 43.1 -71.2 -70.0
v 45.8 -68.9 -70.0
v 48.4 -66.4 -70.0
v 50.9 -63.8 -70.0
v 53.2 -61.1 -70.0
v 55.4 -58.3 -70.0
v 57.5 -55.3 -70.0
v 59.1 -52.1 -70.0
v 57.8 -47.5 -65.9
v 48.9 -39.8 -51.8
v 45.8 -35.6 -46.2
v 60.3 -37.6 -64.0
v 65.5 -35.6 -69.6
v 66.9 -32.2 -70.0
v 67.7 -28.7 -70.0
v 68.1 -25.2 -70.0
v 68.4 -21.6 -70.0
v 63.0 -18.0 -70.0
v 62.9 -14.7 -70.0
v 62.7 -11.4 -70.0
v 62.2 -8.1 -70.0
v 61.6 -4.9 -70.0
v 60.9 -1.7 -70.0
v 59.9 1.5 -70.0
v 58.8 4.6 -70.0
v 57.6 7.6 -70.0
v 56.2 10.6 -70.0
v 54.6 13.5 -70.0
v 52.9 16.3 -70.0
v 51.0 19.0 -70.0
v 48.8 21.5 -70.0
v 46.7 24.0 -70.0
v 44.5 26.5 -70.0
v 42.2 28.8 -70.0
v 39.5 30.8 -70.0
v 35.6 31.1 -67.1
v 30.1 28.3 -59.8
v 25.7 26.4 -54.5
v 22.2 25.6 -51.3
v 19.1 25.0 -48.6
v 15.5 22.3 -43.5
v 10.9 15.7 -32.9
v 8.6 14.0 -29.9
v 7.6 17.9 -34.6
v 9.1 39.2 -63.4
v 6.6 44.5 -70.0
v 3.3 44.9 -70.0
v 0.0 45.0 -70.0
v -3.3 44.9 -70.0
v -6.6 44.5 -70.0
v -9.1 39.3 -63.6
v -7.7 18.3 -35.2
v -8.6 14.2 -30.1
v -10.4 14.1 -30.7
v -13.3 16.7 -35.3
v -18.0 22.4 -44.9
v -21.8 24.8 -50.0
v -25.2 25.7 -53.3
v -29.2 26.9 -57.5
v -34.2 29.1 -63.8
v -39.0 30.2 -69.0
v -42.2 28.8 -70.0
v -44.6 26.6 -70.0
v -46.8 24.2 -70.0
v -49.0 21.7 -70.0
v -51.0 19.0 -70.0
v -52.9 16.3 -70.0
v -54.6 13.5 -70.0
v -56.2 10.6 -70.0
v -57.6 7.6 -70.0
v -58.8 4.6 -70.0
v -59.9 1.5 -70.0
v -60.9 -1.7 -70.0
v -61.6 -4.9 -70.0
v -62.2 -8.1 -70.0
v -62.7 -11.4 -70.0
v -62.9 -14.7 -70.0
v -63.0 -18.0 -70.0
v -62.9 -21.3 -70.0
v -62.7 -24.6 -70.0
v -62.2 -27.9 -70.0
v -61.4 -31.1 -70.0
v -59.7 -34.0 -68.7
v -55.3 -36.0 -63.7
v -43.7 -34.8 -48.3
v -53.1 -41.6 -63.7
v -55.0 -46.0 -68.6
v -54.4 -49.4 -70.0
v -52.9 -52.3 -70.0
v -51.0 -55.0 -70.0
v -49.0 -57.7 -70.0
v -46.8 -60.2 -70.0
v -44.6 -62.6 -70.0
v -42.2 -64.8 -70.0
v -39.7 -67.0 -70.0
v -37.0 -69.0 -70.0
v -34.3 -70.9 -70.0
v -31.5 -72.6 -70.0
v -28.6 -74.2 -70.0
v -25.6 -75.6 -70.0
v -22.6 -76.8 -70.0
v -19.5 -77.9 -70.0
v -16.3 -78.9 -70.0
v -13.1 -79.6 -70.0
v -9.9 -80.2 -70.0
v -6.6 -80.7 -70.0
v -3.3 -80.9 -70.0
v -0.0 -81.0 -70.0
v 3.3 -80.9 -70.0
v 6.6 -80.7 -70.0
v 9.9 -80.2 -70.0
v 13.1 -79.6 -70.0
v 16.3 -78.9 -70.0
v 19.5 -77.9 -70.0
v 22.6 -76.8 -70.0
v 25.6 -75.6 -70.0
v 28.6 -74.2 -70.0
v 31.5 -72.6 -70.0
v 34.3 -70.9 -70.0
v 37.0 -69.0 -70.0
v 39.7 -67.0 -70.0
v 42.2 -64.8 -70.0
v 44.6 -62.6 -70.0
v 46.8 -60.2 -70.0
v 49.0 -57.7 -70.0
v 51.0 -55.0 -70.0
v 52.9 -52.3 -70.0
v 54.4 -49.4 -70.0
v 53.4 -45.2 -66.1
v 45.4 -38.2 -52.3
v 42.3 -34.3 -46.4
v 54.8 -35.8 -63.0
v 59.4 -33.9 -68.2
v 61.4 -31.1 -70.0
v 62.2 -27.9 -70.0
v 62.7 -24.6 -70.0
v 62.9 -21.3 -70.0
v 57.9 -18.0 -70.0
v 57.8 -15.0 -70.0
v 57.4 -12.0 -70.0
v 57.0 -9.0 -70.0
v 56.6 -6.0 -70.0
v 55.9 -3.0 -70.0
v 55.1 -0.1 -70.0
v 54.1 2.7 -70.0
v 52.9 5.5 -70.0
v 51.6 8.3 -70.0
v 50.1 10.9 -70.0
v 48.6 13.5 -70.0
v 46.8 16.0 -70.0
v 45.0 18.4 -70.0
v 43.0 20.7 -70.0
v 40.9 22.9 -70.0
v 38.7 25.0 -70.0
v 36.3 26.9 -70.0
v 32.9 27.3 -67.5
v 28.3 25.6 -61.6
v 24.6 24.5 -57.3
v 21.6 24.3 -54.9
v 18.5 23.6 -52.1
v 14.8 20.5 -45.8
v 10.2 13.3 -33.4
v 8.0 11.9 -30.6
v 7.7 18.1 -39.4
v 8.4 34.8 -63.7
v 6.0 39.4 -70.0
v 3.0 39.8 -70.0
v 0.0 39.9 -70.0
v -3.0 39.8 -70.0
v -6.0 39.4 -70.0
v -8.4 34.8 -63.7
v -7.7 18.3 -39.6
v -8.0 11.9 -30.6
v -9.7 11.9 -31.3
v -12.3 14.1 -35.6
v -17.0 20.3 -46.7
v -21.0 23.2 -53.0
v -24.2 23.9 -56.3
v -27.6 24.5 -59.7
v -31.6 25.4 -64.1
v -35.6 25.9 -68.2
v -38.6 24.9 -70.0
v -40.9 22.9 -70.0
v -43.0 20.7 -70.0
v -45.0 18.4 -70.0
v -46.8 16.0 -70.0
v -48.6 13.5 -70.0
v -50.1 10.9 -70.0
v -51.6 8.3 -70.0
v -52.9 5.5 -70.0
v -54.1 2.7 -70.0
v -55.1 -0.1 -70.0
v -55.9 -3.0 -70.0
v -56.6 -6.0 -70.0
v -57.2 -8.9 -70.0
v -57.6 -11.9 -70.0
v -57.8 -15.0 -70.0
v -57.9 -18.0 -70.0
v -57.8 -21.0 -70.0
v -57.6 -24.1 -70.0
v -57.2 -27.1 -70.0
v -56.6 -30.0 -70.0
v -55.6 -32.9 -69.7
v -54.0 -35.5 -68.6
v -50.4 -37.3 -64.5
v -51.8 -41.1 -68.6
v -51.2 -44.1 -69.7
v -50.1 -46.9 -70.0
v -48.6 -49.5 -70.0
v -46.8 -52.0 -70.0
v -45.0 -54.4 -70.0
v -43.0 -56.7 -70.0
v -40.9 -58.9 -70.0
v -38.7 -61.0 -70.0
v -36.4 -63.0 -70.0
v -34.0 -64.8 -70.0
v -31.5 -66.6 -70.0
v -28.9 -68.1 -70.0
v -26.3 -69.6 -70.0
v -23.5 -70.9 -70.0
v -20.7 -72.1 -70.0
v -17.9 -73.1 -70.0
v -15.0 -73.9 -70.0
v -12.0 -74.6 -70.0
v -9.1 -75.2 -70.0
v -6.1 -75.6 -70.0
v -3.0 -75.8 -70.0
v -0.0 -75.9 -70.0
v 3.0 -75.8 -70.0
v 6.1 -75.6 -70.0
v 9.1 -75.2 -70.0
v 12.0 -74.6 -70.0
v 15.0 -73.9 -70.0
v 17.9 -73.1 -70.0
v 20.7 -72.1 -70.0
v 23.5 -70.9 -70.0
v 26.3 -69.6 -70.0
v 28.9 -68.1 -70.0
v 31.5 -66.6 -70.0
v 34.0 -64.8 -70.0
v 36.4 -63.0 -70.0
v 38.7 -61.0 -70.0
v 40.9 -58.9 -70.0
v 43.0 -56.7 -70.0
v 45.0 -54.4 -70.0
v 46.8 -52.0 -70.0
v 48.6 -49.5 -70.0
v 50.1 -46.9 -70.0
v 51.2 -44.1 -69.7
v 50.4 -40.4 -66.3
v 50.4 -37.4 -64.6
v 53.7 -35.4 -68.1
v 54.9 -32.7 -68.7
v 56.5 -30.0 -70.0
v 57.2 -27.1 -70.0
v 57.6 -24.1 -70.0
v 57.8 -21.0 -70.0
v 53.1 -18.0 -70.0
v 52.9 -15.2 -70.0
v 52.2 -12.5 -69.3
v 51.8 -9.8 -69.3
v 51.8 -7.0 -70.0
v 51.3 -4.3 -70.0
v 50.5 -1.6 -70.0
v 49.6 1.0 -70.0
v 48.5 3.6 -70.0
v 47.3 6.1 -70.0
v 46.0 8.6 -70.0
v 44.5 10.9 -70.0
v 43.0 13.2 -70.0
v 41.3 15.4 -70.0
v 39.5 17.5 -70.0
v 37.6 19.6 -70.0
v 35.5 21.5 -70.0
v 33.3 23.1 -70.0
v 30.4 23.8 -68.0
v 26.9 23.4 -64.3
v 23.6 22.9 -60.9
v 20.8 22.9 -58.8
v 18.2 22.8 -56.7
v 14.9 20.8 -51.8
v 10.4 14.0 -39.1
v 8.9 15.2 -40.2
v 9.4 26.4 -57.9
v 8.1 33.3 -68.5
v 5.5 34.7 -70.0
v 2.8 35.0 -70.0
v 0.0 35.1 -70.0
v -2.8 35.0 -70.0
v -5.5 34.7 -70.0
v -8.1 33.3 -68.5
v -9.5 26.5 -58.1
v -8.8 15.0 -39.9
v -10.1 13.1 -37.5
v -13.6 17.3 -45.8
v -17.5 21.3 -54.1
v -20.6 22.4 -57.8
v -23.4 22.5 -60.1
v -26.3 22.5 -62.5
v -29.6 22.7 -65.9
v -32.6 22.3 -68.3
v -35.4 21.3 -70.0
v -37.6 19.6 -70.0
v -39.5 17.5 -70.0
v -41.3 15.4 -70.0
v -43.0 13.2 -70.0
v -44.5 10.9 -70.0
v -46.0 8.6 -70.0
v -47.3 6.1 -70.0
v -48.5 3.6 -70.0
v -49.6 1.0 -70.0
v -50.5 -1.6 -70.0
v -51.3 -4.3 -70.0
v -51.9 -7.0 -70.0
v -52.5 -9.7 -70.0
v -52.8 -12.4 -70.0
v -53.0 -15.2 -70.0
v -53.1 -18.0 -70.0
v -53.0 -20.8 -70.0
v -52.8 -23.6 -70.0
v -52.5 -26.3 -70.0
v -51.9 -29.0 -70.0
v -51.3 -31.7 -70.0
v -50.3 -34.4 -70.0
v -49.4 -37.0 -70.0
v -48.4 -39.5 -70.0
v -47.3 -42.1 -70.0
v -46.0 -44.6 -70.0
v -44.5 -46.9 -70.0
v -43.0 -49.2 -70.0
v -41.3 -51.4 -70.0
v -39.5 -53.5 -70.0
v -37.6 -55.6 -70.0
v -35.5 -57.5 -70.0
v -33.4 -59.3 -70.0
v -31.2 -61.0 -70.0
v -28.9 -62.5 -70.0
v -26.6 -64.0 -70.0
v -24.1 -65.3 -70.0
v -21.6 -66.5 -70.0
v -19.0 -67.6 -70.0
v -16.4 -68.5 -70.0
v -13.7 -69.3 -70.0
v -11.0 -69.9 -70.0
v -8.3 -70.5 -70.0
v -5.6 -70.8 -70.0
v -2.8 -71.0 -70.0
v -0.0 -71.1 -70.0
v 2.8 -71.0 -70.0
v 5.6 -70.8 -70.0
v 8.3 -70.5 -70.0
v 11.0 -69.9 -70.0
v 13.7 -69.3 -70.0
v 16.4 -68.5 -70.0
v 19.0 -67.6 -70.0
v 21.6 -66.5 -70.0
v 24.1 -65.3 -70.0
v 26.6 -64.0 -70.0
v 28.9 -62.5 -70.0
v 31.2 -61.0 -70.0
v 33.4 -59.3 -70.0
v 35.5 -57.5 -70.0
v 37.6 -55.6 -70.0
v 39.5 -53.5 -70.0
v 41.3 -51.4 -70.0
v 43.0 -49.2 -70.0
v 44.5 -46.9 -70.0
v 46.0 -44.6 -70.0
v 47.3 -42.1 -70.0
v 48.4 -39.5 -70.0
v 49.4 -37.0 -70.0
v 50.3 -34.4 -70.0
v 51.1 -31.7 -70.0
v 51.9 -29.0 -70.0
v 52.5 -26.3 -70.0
v 52.8 -23.6 -70.0
v 53.0 -20.8 -70.0
v 48.5 -18.0 -70.0
v 48.4 -15.5 -70.0
v 48.1 -12.9 -70.0
v 47.7 -10.4 -70.0
v 47.4 -7.9 -70.0
v 46.8 -5.5 -70.0
v 46.1 -3.0 -70.0
v 45.2 -0.6 -70.0
v 44.3 1.7 -70.0
v 43.2 4.0 -70.0
v 42.0 6.2 -70.0
v 40.6 8.4 -70.0
v 39.2 10.5 -70.0
v 37.7 12.5 -70.0
v 36.0 14.4 -70.0
v 34.3 16.3 -70.0
v 32.4 18.0 -70.0
v 30.4 19.6 -70.0
v 28.0 20.5 -68.7
v 25.3 21.0 -66.8
v 22.6 21.2 -64.6
v 20.0 21.2 -62.5
v 17.6 21.4 -60.9
v 15.2 21.5 -59.4
v 12.5 20.6 -56.4
v 10.9 22.7 -59.1
v 9.8 28.0 -67.7
v 7.5 29.6 -69.8
v 5.1 30.2 -70.0
v 2.5 30.4 -70.0
v 0.0 30.5 -70.0
v -2.5 30.4 -70.0
v -5.1 30.2 -70.0
v -7.5 29.6 -69.8
v -9.8 28.0 -67.6
v -10.8 22.4 -58.6
v -12.6 20.8 -56.7
v -15.0 21.0 -58.5
v -17.4 21.2 -60.4
v -19.9 21.0 -61.9
v -22.4 20.7 -63.7
v -25.0 20.4 -65.6
v -27.7 20.1 -67.9
v -30.0 19.1 -68.9
v -32.3 17.9 -70.0
v -34.3 16.3 -70.0
v -36.0 14.4 -70.0
v -37.7 12.5 -70.0
v -39.2 10.5 -70.0
v -40.6 8.4 -70.0
v -42.0 6.2 -70.0
v -43.2 4.0 -70.0
v -44.3 1.7 -70.0
v -45.2 -0.6 -70.0
v -46.1 -3.0 -70.0
v -46.8 -5.5 -70.0
v -47.4 -7.9 -70.0
v -47.9 -10.4 -70.0
v -48.2 -12.9 -70.0
v -48.4 -15.5 -70.0
v -48.5 -18.0 -70.0
v -48.4 -20.5 -70.0
v -48.2 -23.1 -70.0
v -47.9 -25.6 -70.0
v -47.4 -28.1 -70.0
v -46.8 -30.5 -70.0
v -46.1 -33.0 -70.0
v -45.2 -35.4 -70.0
v -44.3 -37.7 -70.0
v -43.2 -40.0 -70.0
v -42.0 -42.2 -70.0
v -40.6 -44.4 -70.0
v -39.2 -46.5 -70.0
v -37.7 -48.5 -70.0
v -36.0 -50.4 -70.0
v -34.3 -52.3 -70.0
v -32.4 -54.0 -70.0
v -30.5 -55.7 -70.0
v -28.5 -57.2 -70.0
v -26.4 -58.6 -70.0
v -24.2 -60.0 -70.0
v -21.8 -60.8 -69.5
v -19.6 -61.9 -69.5
v -17.2 -62.9 -69.7
v -15.0 -64.1 -70.0
v -12.5 -64.8 -70.0
v -10.1 -65.3 -70.0
v -7.5 -65.4 -69.5
v -5.0 -65.7 -69.4
v -2.5 -65.8 -69.1
v -0.0 -65.9 -69.2
v 2.5 -65.9 -69.4
v 5.0 -65.8 -69.5
v 7.6 -65.9 -70.0
v 10.1 -65.4 -70.0
v 12.5 -64.8 -70.0
v 15.0 -64.1 -70.0
v 17.3 -63.1 -70.0
v 19.6 -62.0 -69.7
v 21.8 -60.8 -69.5
v 24.2 -60.0 -70.0
v 26.4 -58.6 -70.0
v 28.5 -57.2 -70.0
v 30.5 -55.7 -70.0
v 32.4 -54.0 -70.0
v 34.3 -52.3 -70.0
v 36.0 -50.4 -70.0
v 37.7 -48.5 -70.0
v 39.2 -46.5 -70.0
v 40.6 -44.4 -70.0
v 42.0 -42.2 -70.0
v 43.2 -40.0 -70.0
v 44.3 -37.7 -70.0
v 45.2 -35.4 -70.0
v 46.1 -33.0 -70.0
v 46.8 -30.5 -70.0
v 47.4 -28.1 -70.0
v 47.9 -25.6 -70.0
v 48.2 -23.1 -70.0
v 48.4 -20.5 -70.0
v 44.1 -18.0 -70.0
v 44.0 -15.7 -70.0
v 43.9 -13.4 -70.0
v 43.5 -11.1 -70.0
v 43.1 -8.8 -70.0
v 42.6 -6.6 -70.0
v 41.9 -4.4 -70.0
v 41.2 -2.2 -70.0
v 40.3 -0.1 -70.0
v 39.3 2.0 -70.0
v 38.2 4.0 -70.0
v 37.0 6.0 -70.0
v 35.7 7.9 -70.0
v 34.3 9.7 -70.0
v 32.8 11.5 -70.0
v 31.2 13.2 -70.0
v 29.5 14.8 -70.0
v 27.7 16.3 -70.0
v 25.8 17.5 -69.8
v 23.6 18.3 -68.8
v 21.4 19.1 -67.8
v 19.1 19.5 -66.4
v 17.0 20.1 -65.7
v 14.8 20.4 -64.6
v 12.7 21.2 -64.7
v 11.0 23.2 -67.6
v 9.1 24.9 -69.8
v 6.8 25.0 -69.3
v 4.6 25.8 -70.0
v 2.3 25.9 -70.0
v 0.0 26.1 -70.0
v -2.3 26.0 -70.0
v -4.6 25.8 -70.0
v -6.8 25.1 -69.4
v -9.1 24.9 -69.8
v -11.0 23.1 -67.4
v -12.8 21.3 -64.8
v -14.7 20.2 -64.1
v -16.7 19.6 -64.6
v -18.9 19.1 -65.5
v -21.2 18.7 -66.9
v -23.4 18.1 -68.2
v -25.6 17.2 -69.2
v -27.6 16.1 -69.9
v -29.5 14.8 -70.0
v -31.2 13.2 -70.0
v -32.8 11.5 -70.0
v -34.3 9.7 -70.0
v -35.7 7.9 -70.0
v -37.0 6.0 -70.0
v -38.2 4.0 -70.0
v -39.3 2.0 -70.0
v -40.3 -0.1 -70.0
v -41.2 -2.2 -70.0
v -41.9 -4.4 -70.0
v -42.6 -6.6 -70.0
v -43.1 -8.8 -70.0
v -43.5 -11.1 -70.0
v -43.9 -13.4 -70.0
v -44.0 -15.7 -70.0
v -44.1 -18.0 -70.0
v -44.0 -20.3 -70.0
v -43.9 -22.6 -70.0
v -43.5 -24.9 -70.0
v -43.1 -27.2 -70.0
v -42.6 -29.4 -70.0
v -41.9 -31.6 -70.0
v -41.2 -33.8 -70.0
v -40.3 -35.9 -70.0
v -39.3 -38.0 -70.0
v -38.2 -40.0 -70.0
v -37.0 -42.0 -70.0
v -35.7 -43.9 -70.0
v -34.3 -45.7 -70.0
v -32.8 -47.5 -70.0
v -31.2 -49.2 -70.0
v -29.5 -50.8 -70.0
v -27.7 -52.3 -70.0
v -25.9 -53.7 -70.0
v -24.0 -55.0 -70.0
v -21.7 -55.6 -68.9
v -19.0 -55.3 -66.1
v -16.9 -56.0 -65.5
v -15.1 -57.4 -66.6
v -13.4 -59.4 -69.2
v -11.3 -60.2 -69.6
v -9.0 -60.2 -68.4
v -6.5 -59.1 -65.4
v -4.3 -58.6 -63.9
v -2.1 -58.1 -62.7
v -0.0 -58.4 -63.2
v 2.1 -59.0 -64.3
v 4.4 -59.6 -65.9
v 6.8 -60.9 -69.0
v 9.1 -60.9 -69.9
v 11.4 -60.4 -69.9
v 13.5 -59.7 -69.7
v 15.5 -58.3 -68.4
v 17.1 -56.5 -66.5
v 19.1 -55.4 -66.2
v 21.7 -55.6 -68.9
v 24.0 -55.0 -70.0
v 25.9 -53.7 -70.0
v 27.7 -52.3 -70.0
v 29.5 -50.8 -70.0
v 31.2 -49.2 -70.0
v 32.8 -47.5 -70.0
v 34.3 -45.7 -70.0
v 35.7 -43.9 -70.0
v 37.0 -42.0 -70.0
v 38.2 -40.0 -70.0
v 39.3 -38.0 -70.0
v 40.3 -35.9 -70.0
v 41.2 -33.8 -70.0
v 41.9 -31.6 -70.0
v 42.6 -29.4 -70.0
v 43.1 -27.2 -70.0
v 43.5 -24.9 -70.0
v 43.9 -22.6 -70.0
v 44.0 -20.3 -70.0
v 39.8 -18.0 -70.0
v 39.8 -15.9 -70.0
v 39.6 -13.8 -70.0
v 39.4 -11.8 -70.0
v 39.0 -9.7 -70.0
v 38.5 -7.7 -70.0
v 37.9 -5.7 -70.0
v 37.2 -3.7 -70.0
v 36.4 -1.8 -70.0
v 35.5 0.1 -70.0
v 34.5 1.9 -70.0
v 33.4 3.7 -70.0
v 32.2 5.4 -70.0
v 31.0 7.1 -70.0
v 29.6 8.7 -70.0
v 28.2 10.2 -70.0
v 26.7 11.6 -70.0
v 25.1 13.0 -70.0
v 23.4 14.2 -70.0
v 21.6 15.3 -69.8
v 19.7 16.1 -69.1
v 17.8 16.9 -68.7
v 15.9 17.7 -68.7
v 14.0 18.4 -68.5
v 12.1 19.2 -68.6
v 10.3 20.3 -69.8
v 8.1 20.0 -68.0
v 5.8 18.8 -64.8
v 4.0 20.4 -67.5
v 2.1 21.3 -69.2
v 0.0 21.8 -70.0
v -2.1 21.6 -69.9
v -4.0 20.5 -67.8
v -5.9 19.0 -65.0
v -8.1 19.9 -67.9
v -10.3 20.3 -69.8
v -12.1 19.2 -68.6
v -13.9 18.3 -68.1
v -15.8 17.5 -68.1
v -17.7 16.8 -68.5
v -19.6 16.0 -69.0
v -21.6 15.3 -69.8
v -23.4 14.2 -70.0
v -25.1 13.0 -70.0
v -26.7 11.6 -70.0
v -28.2 10.2 -70.0
v -29.6 8.7 -70.0
v -31.0 7.1 -70.0
v -32.2 5.4 -70.0
v -33.4 3.7 -70.0
v -34.5 1.9 -70.0
v -35.5 0.1 -70.0
v -36.4 -1.8 -70.0
v -37.2 -3.7 -70.0
v -37.9 -5.7 -70.0
v -38.5 -7.7 -70.0
v -39.0 -9.7 -70.0
v -39.4 -11.8 -70.0
v -39.6 -13.8 -70.0
v -39.8 -15.9 -70.0
v -39.8 -18.0 -70.0
v -39.8 -20.1 -70.0
v -39.6 -22.2 -70.0
v -39.4 -24.2 -70.0
v -39.0 -26.3 -70.0
v -38.5 -28.3 -70.0
v -37.9 -30.3 -70.0
v -37.2 -32.3 -70.0
v -36.4 -34.2 -70.0
v -35.5 -36.1 -70.0
v -34.5 -37.9 -70.0
v -33.4 -39.7 -70.0
v -32.2 -41.4 -70.0
v -31.0 -43.1 -70.0
v -29.6 -44.7 -70.0
v -28.2 -46.2 -70.0
v -26.7 -47.6 -70.0
v -25.1 -49.0 -70.0
v -23.2 -49.9 -69.4
v -21.4 -50.9 -68.8
v -19.1 -51.1 -66.6
v -17.1 -51.5 -65.4
v -15.4 -52.5 -65.7
v -13.6 -53.3 -66.0
v -11.8 -54.2 -66.4
v -9.8 -54.6 -66.0
v -7.8 -54.9 -65.7
v -5.8 -54.7 -64.4
v -3.8 -54.5 -63.5
v -1.9 -54.3 -62.8
v -0.0 -54.6 -63.2
v 1.9 -54.8 -63.8
v 3.9 -55.2 -64.9
v 6.0 -55.6 -66.5
v 8.0 -55.7 -67.3
v 10.0 -55.4 -67.7
v 12.0 -54.8 -67.7
v 13.8 -54.0 -67.4
v 15.6 -53.0 -66.9
v 17.2 -51.8 -66.0
v 19.1 -51.1 -66.7
v 21.4 -50.9 -69.0
v 23.2 -50.0 -69.5
v 25.1 -49.0 -70.0
v 26.7 -47.6 -70.0
v 28.2 -46.2 -70.0
v 29.6 -44.7 -70.0
v 31.0 -43.1 -70.0
v 32.2 -41.4 -70.0
v 33.4 -39.7 -70.0
v 34.5 -37.9 -70.0
v 35.5 -36.1 -70.0
v 36.4 -34.2 -70.0
v 37.2 -32.3 -70.0
v 37.9 -30.3 -70.0
v 38.5 -28.3 -70.0
v 39.0 -26.3 -70.0
v 39.4 -24.2 -70.0
v 39.6 -22.2 -70.0
v 39.8 -20.1 -70.0
v 35.8 -18.0 -70.0
v 35.8 -16.1 -70.0
v 35.6 -14.3 -70.0
v 35.4 -12.4 -70.0
v 35.0 -10.6 -70.0
v 34.6 -8.7 -70.0
v 34.1 -6.9 -70.0
v 33.4 -5.2 -70.0
v 32.7 -3.4 -70.0
v 31.9 -1.7 -70.0
v 31.0 -0.1 -70.0
v 30.0 1.5 -70.0
v 29.0 3.1 -70.0
v 27.8 4.5 -70.0
v 26.6 6.0 -70.0
v 25.3 7.3 -70.0
v 24.0 8.6 -70.0
v 22.5 9.8 -70.0
v 21.1 11.0 -70.0
v 19.5 12.0 -70.0
v 17.9 13.0 -70.0
v 16.2 13.9 -70.0
v 14.5 14.6 -70.0
v 12.8 15.3 -69.8
v 10.9 15.6 -69.1
v 9.0 15.6 -67.9
v 6.8 14.1 -63.1
v 5.0 13.7 -61.3
v 3.5 15.2 -64.5
v 1.8 16.9 -68.1
v 0.0 17.6 -69.8
v -1.8 17.0 -68.5
v -3.5 15.3 -64.6
v -5.0 13.3 -60.4
v -6.7 13.6 -61.9
v -9.0 15.5 -67.6
v -10.9 15.5 -68.9
v -12.6 14.8 -68.7
v -14.4 14.4 -69.5
v -16.2 13.8 -70.0
v -17.9 13.0 -70.0
v -19.5 12.0 -70.0
v -21.1 11.0 -70.0
v -22.5 9.8 -70.0
v -24.0 8.6 -70.0
v -25.3 7.3 -70.0
v -26.6 6.0 -70.0
v -27.8 4.5 -70.0
v -29.0 3.1 -70.0
v -30.0 1.5 -70.0
v -31.0 -0.1 -70.0
v -31.9 -1.7 -70.0
v -32.7 -3.4 -70.0
v -33.4 -5.2 -70.0
v -34.1 -6.9 -70.0
v -34.6 -8.7 -70.0
v -35.0 -10.6 -70.0
v -35.4 -12.4 -70.0
v -35.6 -14.3 -70.0
v -35.8 -16.1 -70.0
v -35.8 -18.0 -70.0
v -35.8 -19.9 -70.0
v -35.6 -21.7 -70.0
v -35.4 -23.6 -70.0
v -35.0 -25.4 -70.0
v -34.6 -27.3 -70.0
v -34.1 -29.1 -70.0
v -33.4 -30.8 -70.0
v -32.7 -32.6 -70.0
v -31.9 -34.3 -70.0
v -31.0 -35.9 -70.0
v -30.0 -37.5 -70.0
v -29.0 -39.1 -70.0
v -27.8 -40.5 -70.0
v -26.6 -42.0 -70.0
v -25.1 -43.1 -69.5
v -23.8 -44.4 -69.5
v -22.1 -45.3 -68.6
v -19.8 -45.3 -65.2
v -18.3 -46.2 -65.2
v -17.1 -47.7 -66.6
v -15.7 -48.8 -67.3
v -14.1 -49.6 -67.3
v -12.2 -49.9 -66.2
v -10.5 -50.2 -65.6
v -8.7 -50.6 -65.4
v -7.1 -51.3 -66.0
v -5.3 -51.5 -65.8
v -3.5 -51.5 -65.3
v -1.8 -51.6 -65.0
v -0.0 -51.7 -65.2
v 1.8 -51.7 -65.4
v 3.6 -52.1 -66.5
v 5.4 -52.1 -67.1
v 7.2 -51.8 -67.2
v 8.9 -51.4 -67.3
v 10.7 -50.9 -67.4
v 12.5 -50.6 -68.1
v 14.3 -50.1 -68.7
v 15.9 -49.2 -68.4
v 17.2 -47.8 -66.9
v 18.5 -46.5 -66.0
v 20.0 -45.5 -66.0
v 22.1 -45.4 -68.8
v 23.8 -44.4 -69.6
v 25.3 -43.3 -70.0
v 26.6 -42.0 -70.0
v 27.8 -40.5 -70.0
v 29.0 -39.1 -70.0
v 30.0 -37.5 -70.0
v 31.0 -35.9 -70.0
v 31.9 -34.3 -70.0
v 32.7 -32.6 -70.0
v 33.4 -30.8 -70.0
v 34.1 -29.1 -70.0
v 34.6 -27.3 -70.0
v 35.0 -25.4 -70.0
v 35.4 -23.6 -70.0
v 35.6 -21.7 -70.0
v 35.8 -19.9 -70.0
v 31.9 -18.0 -70.0
v 31.9 -16.3 -70.0
v 31.7 -14.7 -70.0
v 31.5 -13.0 -70.0
v 31.2 -11.4 -70.0
v 30.8 -9.7 -70.0
v 30.3 -8.1 -70.0
v 29.8 -6.6 -70.0
v 29.1 -5.0 -70.0
v 28.4 -3.5 -70.0
v 27.6 -2.0 -70.0
v 26.8 -0.6 -70.0
v 25.8 0.8 -70.0
v 24.8 2.1 -70.0
v 23.7 3.3 -70.0
v 22.6 4.6 -70.0
v 21.3 5.7 -70.0
v 20.1 6.8 -70.0
v 18.8 7.8 -70.0
v 17.4 8.8 -70.0
v 16.0 9.6 -70.0
v 14.5 10.4 -70.0
v 12.8 10.8 -69.4
v 11.0 10.7 -67.1
v 9.1 10.0 -63.9
v 7.5 10.0 -62.4
v 5.9 9.9 -61.2
v 4.5 10.5 -62.0
v 3.1 11.4 -64.1
v 1.6 12.5 -66.7
v 0.0 13.3 -68.7
v -1.6 12.9 -67.7
v -3.1 11.7 -64.8
v -4.5 10.5 -62.2
v -5.9 9.8 -60.9
v -7.4 9.8 -61.9
v -8.9 9.4 -62.2
v -10.5 9.3 -63.3
v -12.6 10.3 -67.9
v -14.4 10.3 -69.9
v -16.0 9.6 -70.0
v -17.4 8.8 -70.0
v -18.8 7.8 -70.0
v -20.1 6.8 -70.0
v -21.3 5.7 -70.0
v -22.6 4.6 -70.0
v -23.7 3.3 -70.0
v -24.8 2.1 -70.0
v -25.8 0.8 -70.0
v -26.8 -0.6 -70.0
v -27.6 -2.0 -70.0
v -28.4 -3.5 -70.0
v -29.1 -5.0 -70.0
v -29.8 -6.6 -70.0
v -30.3 -8.1 -70.0
v -30.8 -9.7 -70.0
v -31.2 -11.4 -70.0
v -31.5 -13.0 -70.0
v -31.7 -14.7 -70.0
v -31.9 -16.3 -70.0
v -31.9 -18.0 -70.0
v -31.9 -19.7 -70.0
v -31.7 -21.3 -70.0
v -31.5 -23.0 -70.0
v -31.2 -24.6 -70.0
v -30.8 -26.3 -70.0
v -30.3 -27.9 -70.0
v -29.8 -29.4 -70.0
v -29.1 -31.0 -70.0
v -28.4 -32.5 -70.0
v -27.6 -34.0 -70.0
v -26.8 -35.4 -70.0
v -25.8 -36.8 -70.0
v -24.8 -38.1 -70.0
v -23.4 -39.1 -69.4
v -21.4 -39.4 -65.8
v -19.7 -39.8 -63.6
v -18.4 -40.7 -63.3
v -17.2 -41.6 -63.0
v -16.1 -42.9 -64.3
v -15.5 -44.8 -67.9
v -14.3 -46.1 -69.2
v -12.7 -46.6 -68.6
v -10.9 -46.5 -66.7
v -9.4 -46.9 -66.2
v -7.9 -47.6 -66.9
v -6.5 -48.6 -68.7
v -4.9 -49.0 -69.0
v -3.3 -49.2 -68.9
v -1.6 -49.3 -68.9
v -0.0 -49.4 -68.9
v 1.6 -49.3 -68.9
v 3.3 -49.3 -69.1
v 4.9 -49.1 -69.1
v 6.5 -48.5 -68.5
v 8.0 -48.0 -68.1
v 9.6 -47.5 -67.8
v 11.2 -47.1 -68.5
v 12.9 -46.9 -69.5
v 14.4 -46.3 -69.9
v 15.6 -45.1 -68.7
v 16.6 -43.5 -66.4
v 17.5 -42.1 -64.6
v 18.8 -41.2 -64.8
v 20.3 -40.5 -66.1
v 22.2 -40.2 -68.9
v 23.7 -39.3 -70.0
v 24.8 -38.1 -70.0
v 25.8 -36.8 -70.0
v 26.8 -35.4 -70.0
v 27.6 -34.0 -70.0
v 28.4 -32.5 -70.0
v 29.1 -31.0 -70.0
v 29.8 -29.4 -70.0
v 30.3 -27.9 -70.0
v 30.8 -26.3 -70.0
v 31.2 -24.6 -70.0
v 31.5 -23.0 -70.0
v 31.7 -21.3 -70.0
v 31.9 -19.7 -70.0
v 28.1 -18.0 -70.0
v 28.1 -16.5 -70.0
v 28.0 -15.1 -70.0
v 27.8 -13.6 -70.0
v 27.5 -12.2 -70.0
v 27.2 -10.7 -70.0
v 26.8 -9.3 -70.0
v 26.3 -7.9 -70.0
v 25.7 -6.6 -70.0
v 25.1 -5.2 -70.0
v 24.4 -3.9 -70.0
v 23.6 -2.7 -70.0
v 22.8 -1.5 -70.0
v 21.9 -0.3 -70.0
v 20.9 0.8 -70.0
v 19.9 1.9 -70.0
v 18.8 2.9 -70.0
v 17.7 3.9 -70.0
v 16.5 4.8 -70.0
v 15.3 5.6 -70.0
v 14.1 6.4 -70.0
v 12.7 7.0 -70.0
v 11.2 7.1 -68.6
v 9.4 6.5 -64.5
v 7.9 6.3 -62.6
v 6.6 6.6 -62.4
v 5.3 7.0 -62.6
v 4.0 7.5 -63.3
v 2.7 8.0 -64.3
v 1.4 8.5 -65.6
v 0.0 9.0 -66.9
v -1.4 8.7 -66.2
v -2.7 8.1 -64.5
v -4.0 7.5 -63.4
v -5.3 7.0 -62.5
v -6.5 6.4 -61.7
v -7.8 6.0 -61.6
v -9.1 5.8 -62.5
v -11.0 6.6 -66.9
v -12.6 6.8 -69.5
v -14.0 6.3 -70.0
v -15.3 5.6 -70.0
v -16.5 4.8 -70.0
v -17.7 3.9 -70.0
v -18.8 2.9 -70.0
v -19.9 1.9 -70.0
v -20.9 0.8 -70.0
v -21.9 -0.3 -70.0
v -22.8 -1.5 -70.0
v -23.6 -2.7 -70.0
v -24.4 -3.9 -70.0
v -25.1 -5.2 -70.0
v -25.7 -6.6 -70.0
v -26.3 -7.9 -70.0
v -26.8 -9.3 -70.0
v -27.2 -10.7 -70.0
v -27.5 -12.2 -70.0
v -27.8 -13.6 -70.0
v -28.0 -15.1 -70.0
v -28.1 -16.5 -70.0
v -28.1 -18.0 -70.0
v -28.1 -19.5 -70.0
v -28.0 -20.9 -70.0
v -27.8 -22.4 -70.0
v -27.5 -23.8 -70.0
v -27.2 -25.3 -70.0
v -26.8 -26.7 -70.0
v -26.3 -28.1 -70.0
v -25.7 -29.4 -70.0
v -25.1 -30.8 -70.0
v -24.4 -32.1 -70.0
v -23.6 -33.3 -70.0
v -22.8 -34.5 -70.0
v -21.8 -35.7 -70.0
v -20.5 -36.5 -68.9
v -18.5 -36.5 -64.3
v -16.0 -35.8 -57.8
v -14.5 -35.9 -54.9
v -14.2 -37.6 -58.6
v -13.9 -39.3 -62.2
v -13.4 -41.2 -66.2
v -12.6 -42.7 -69.1
v -11.1 -43.0 -68.1
v -9.5 -42.9 -65.9
v -8.2 -43.3 -65.9
v -7.0 -44.3 -67.6
v -5.8 -45.4 -70.0
v -4.4 -45.7 -70.0
v -2.9 -45.9 -70.0
v -1.5 -46.1 -70.0
v -0.0 -46.1 -70.0
v 1.5 -46.1 -70.0
v 2.9 -45.9 -70.0
v 4.4 -45.7 -70.0
v 5.8 -45.2 -69.4
v 7.1 -44.4 -67.9
v 8.4 -43.8 -67.5
v 9.8 -43.5 -68.0
v 11.3 -43.3 -69.2
v 12.7 -42.9 -69.9
v 13.8 -41.9 -68.9
v 14.5 -40.3 -65.7
v 14.7 -38.2 -60.9
v 16.0 -37.8 -62.3
v 17.3 -37.3 -63.7
v 18.8 -36.8 -65.8
v 20.5 -36.5 -68.8
v 21.8 -35.7 -70.0
v 22.8 -34.5 -70.0
v 23.6 -33.3 -70.0
v 24.4 -32.1 -70.0
v 25.1 -30.8 -70.0
v 25.7 -29.4 -70.0
v 26.3 -28.1 -70.0
v 26.8 -26.7 -70.0
v 27.2 -25.3 -70.0
v 27.5 -23.8 -70.0
v 27.8 -22.4 -70.0
v 28.0 -20.9 -70.0
v 28.1 -19.5 -70.0
v 24.3 -18.0 -70.0
v 24.3 -16.7 -70.0
v 24.2 -15.5 -70.0
v 24.0 -14.2 -70.0
v 23.8 -12.9 -70.0
v 23.5 -11.7 -70.0
v 23.1 -10.5 -70.0
v 22.7 -9.3 -70.0
v 22.2 -8.1 -70.0
v 21.7 -7.0 -70.0
v 21.1 -5.8 -70.0
v 20.4 -4.7 -70.0
v 19.7 -3.7 -70.0
v 18.9 -2.7 -70.0
v 18.1 -1.7 -70.0
v 17.2 -0.8 -70.0
v 16.3 0.1 -70.0
v 15.3 0.9 -70.0
v 14.3 1.7 -70.0
v 13.3 2.4 -70.0
v 12.2 3.1 -70.0
v 11.0 3.7 -70.0
v 9.7 3.8 -68.4
v 8.1 3.1 -64.3
v 6.9 3.3 -63.4
v 5.8 3.7 -63.6
v 4.7 4.1 -64.1
v 3.5 4.4 -64.3
v 2.4 4.6 -64.7
v 1.2 4.9 -65.3
v 0.0 5.0 -65.6
v -1.2 4.9 -65.4
v -2.4 4.6 -64.6
v -3.5 4.4 -64.3
v -4.7 4.1 -64.1
v -5.8 3.6 -63.3
v -6.9 3.2 -63.0
v -8.0 2.9 -63.2
v -9.3 2.8 -64.8
v -10.8 3.2 -68.4
v -12.2 3.0 -70.0
v -13.3 2.4 -70.0
v -14.3 1.7 -70.0
v -15.3 0.9 -70.0
v -16.3 0.1 -70.0
v -17.2 -0.8 -70.0
v -18.1 -1.7 -70.0
v -18.9 -2.7 -70.0
v -19.7 -3.7 -70.0
v -20.4 -4.7 -70.0
v -21.1 -5.8 -70.0
v -21.7 -7.0 -70.0
v -22.2 -8.1 -70.0
v -22.7 -9.3 -70.0
v -23.1 -10.5 -70.0
v -23.5 -11.7 -70.0
v -23.8 -12.9 -70.0
v -24.0 -14.2 -70.0
v -24.2 -15.5 -70.0
v -24.3 -16.7 -70.0
v -24.3 -18.0 -70.0
v -24.3 -19.3 -70.0
v -24.2 -20.5 -70.0
v -24.0 -21.8 -70.0
v -23.8 -23.1 -70.0
v -23.5 -24.3 -70.0
v -23.1 -25.5 -70.0
v -22.7 -26.7 -70.0
v -22.2 -27.9 -70.0
v -21.7 -29.0 -70.0
v -21.1 -30.2 -70.0
v -20.4 -31.3 -70.0
v -19.7 -32.3 -70.0
v -18.9 -33.3 -70.0
v -17.8 -34.1 -69.0
v -16.5 -34.5 -66.8
v -14.3 -33.9 -59.8
v -11.8 -32.6 -50.6
v -11.0 -33.2 -50.6
v -11.3 -35.4 -57.4
v -11.1 -37.2 -62.4
v -10.5 -38.6 -66.1
v -9.5 -39.2 -66.4
v -8.2 -39.5 -65.5
v -7.1 -40.0 -65.8
v -6.1 -40.6 -66.8
v -5.0 -41.6 -69.3
v -3.8 -42.0 -69.9
v -2.5 -42.2 -70.0
v -1.3 -42.3 -70.0
v -0.0 -42.3 -70.0
v 1.3 -42.3 -70.0
v 2.5 -42.2 -70.0
v 3.8 -42.0 -69.9
v 5.0 -41.6 -69.3
v 6.1 -40.7 -67.3
v 7.2 -40.2 -66.8
v 8.4 -39.9 -67.2
v 9.7 -39.7 -68.3
v 10.8 -39.3 -68.5
v 11.6 -38.2 -66.4
v 11.6 -35.8 -59.2
v 11.4 -33.7 -53.0
v 13.4 -34.6 -59.6
v 15.3 -35.0 -64.9
v 16.5 -34.5 -66.7
v 17.8 -34.1 -69.0
v 18.9 -33.3 -70.0
v 19.7 -32.3 -70.0
v 20.4 -31.3 -70.0
v 21.1 -30.2 -70.0
v 21.7 -29.0 -70.0
v 22.2 -27.9 -70.0
v 22.7 -26.7 -70.0
v 23.1 -25.5 -70.0
v 23.5 -24.3 -70.0
v 23.8 -23.1 -70.0
v 24.0 -21.8 -70.0
v 24.2 -20.5 -70.0
v 24.3 -19.3 -70.0
v 20.7 -18.0 -70.0
v 20.7 -16.9 -70.0
v 20.6 -15.8 -70.0
v 20.4 -14.8 -70.0
v 20.2 -13.7 -70.0
v 20.0 -12.6 -70.0
v 19.7 -11.6 -70.0
v 19.3 -10.6 -70.0
v 18.9 -9.6 -70.0
v 18.4 -8.6 -70.0
v 17.9 -7.7 -70.0
v 17.4 -6.7 -70.0
v 16.7 -5.8 -70.0
v 16.1 -5.0 -70.0
v 15.4 -4.2 -70.0
v 14.6 -3.4 -70.0
v 13.8 -2.6 -70.0
v 13.0 -1.9 -70.0
v 12.2 -1.3 -70.0
v 11.3 -0.6 -70.0
v 10.3 -0.1 -70.0
v 9.4 0.4 -69.7
v 8.2 0.4 -68.0
v 7.0 0.2 -65.2
v 6.0 0.5 -64.9
v 5.0 0.8 -65.2
v 4.1 1.1 -65.3
v 3.1 1.3 -65.5
v 2.1 1.6 -65.9
v 1.0 1.7 -66.1
v 0.0 1.7 -66.1
v -1.0 1.7 -66.0
v -2.0 1.5 -65.4
v -3.1 1.3 -65.3
v -4.1 1.1 -65.2
v -5.0 0.7 -64.6
v -6.0 0.4 -64.4
v -6.9 0.1 -64.5
v -7.9 -0.2 -64.9
v -9.2 -0.0 -68.0
v -10.3 -0.2 -69.7
v -11.3 -0.6 -70.0
v -12.2 -1.3 -70.0
v -13.0 -1.9 -70.0
v -13.8 -2.6 -70.0
v -14.6 -3.4 -70.0
v -15.4 -4.2 -70.0
v -16.1 -5.0 -70.0
v -16.7 -5.8 -70.0
v -17.4 -6.7 -70.0
v -17.9 -7.7 -70.0
v -18.4 -8.6 -70.0
v -18.9 -9.6 -70.0
v -19.3 -10.6 -70.0
v -19.7 -11.6 -70.0
v -20.0 -12.6 -70.0
v -20.2 -13.7 -70.0
v -20.4 -14.8 -70.0
v -20.6 -15.8 -70.0
v -20.7 -16.9 -70.0
v -20.7 -18.0 -70.0
v -20.7 -19.1 -70.0
v -20.6 -20.2 -70.0
v -20.4 -21.2 -70.0
v -20.2 -22.3 -70.0
v -20.0 -23.4 -70.0
v -19.7 -24.4 -70.0
v -19.3 -25.4 -70.0
v -18.9 -26.4 -70.0
v -18.4 -27.4 -70.0
v -17.9 -28.3 -70.0
v -17.4 -29.3 -70.0
v -16.7 -30.2 -70.0
v -16.1 -31.0 -70.0
v -15.3 -31.8 -69.9
v -14.0 -32.0 -66.6
v -11.5 -30.8 -55.7
v -9.7 -30.0 -48.3
v -9.2 -30.7 -49.5
v -9.3 -32.3 -55.0
v -9.0 -33.5 -58.6
v -8.3 -34.3 -60.1
v -7.5 -34.8 -60.7
v -6.6 -35.3 -61.2
v -5.9 -36.0 -62.9
v -5.0 -36.7 -64.7
v -4.2 -37.6 -67.2
v -3.2 -38.0 -68.4
v -2.1 -38.3 -68.9
v -1.1 -38.4 -69.1
v -0.0 -38.7 -70.0
v 1.1 -38.7 -70.0
v 2.2 -38.5 -69.7
v 3.2 -38.1 -68.6
v 4.2 -37.6 -67.3
v 5.0 -36.8 -65.0
v 6.0 -36.4 -64.6
v 6.9 -36.0 -64.3
v 7.9 -35.6 -64.4
v 8.7 -35.0 -63.3
v 9.0 -33.5 -58.7
v 8.8 -31.6 -51.6
v 9.1 -30.5 -48.3
v 10.4 -30.8 -52.7
v 12.9 -32.3 -64.3
v 14.4 -32.4 -68.7
v 15.3 -31.8 -69.9
v 16.1 -31.0 -70.0
v 16.7 -30.2 -70.0
v 17.4 -29.3 -70.0
v 17.9 -28.3 -70.0
v 18.4 -27.4 -70.0
v 18.9 -26.4 -70.0
v 19.3 -25.4 -70.0
v 19.7 -24.4 -70.0
v 20.0 -23.4 -70.0
v 20.2 -22.3 -70.0
v 20.4 -21.2 -70.0
v 20.6 -20.2 -70.0
v 20.7 -19.1 -70.0
v 17.2 -18.0 -70.0
v 17.2 -17.1 -70.0
v 17.1 -16.2 -70.0
v 17.0 -15.3 -70.0
v 16.8 -14.4 -70.0
v 16.6 -13.6 -70.0
v 16.3 -12.7 -70.0
v 16.0 -11.8 -70.0
v 15.7 -11.0 -70.0
v 15.3 -10.2 -70.0
v 14.9 -9.4 -70.0
v 14.4 -8.6 -70.0
v 13.9 -7.9 -70.0
v 13.4 -7.2 -70.0
v 12.8 -6.5 -70.0
v 12.2 -5.8 -70.0
v 11.5 -5.2 -70.0
v 10.8 -4.6 -70.0
v 10.1 -4.1 -70.0
v 9.4 -3.6 -70.0
v 8.6 -3.1 -70.0
v 7.8 -2.7 -70.0
v 6.9 -2.5 -69.2
v 6.0 -2.5 -67.7
v 5.1 -2.2 -67.3
v 4.3 -2.0 -67.4
v 3.5 -1.8 -67.4
v 2.6 -1.6 -67.3
v 1.7 -1.5 -67.2
v 0.9 -1.5 -67.1
v 0.0 -1.5 -67.1
v -0.9 -1.5 -67.1
v -1.7 -1.6 -67.0
v -2.6 -1.6 -67.3
v -3.5 -1.8 -67.4
v -4.3 -2.0 -67.3
v -5.1 -2.2 -67.3
v -5.9 -2.5 -67.3
v -6.8 -2.8 -67.6
v -7.7 -2.9 -69.2
v -8.6 -3.2 -70.0
v -9.4 -3.6 -70.0
v -10.1 -4.1 -70.0
v -10.8 -4.6 -70.0
v -11.5 -5.2 -70.0
v -12.2 -5.8 -70.0
v -12.8 -6.5 -70.0
v -13.4 -7.2 -70.0
v -13.9 -7.9 -70.0
v -14.4 -8.6 -70.0
v -14.9 -9.4 -70.0
v -15.3 -10.2 -70.0
v -15.7 -11.0 -70.0
v -16.0 -11.8 -70.0
v -16.3 -12.7 -70.0
v -16.6 -13.6 -70.0
v -16.8 -14.4 -70.0
v -17.0 -15.3 -70.0
v -17.1 -16.2 -70.0
v -17.2 -17.1 -70.0
v -17.2 -18.0 -70.0
v -17.2 -18.9 -70.0
v -17.1 -19.8 -70.0
v -17.0 -20.7 -70.0
v -16.8 -21.6 -70.0
v -16.6 -22.4 -70.0
v -16.3 -23.3 -70.0
v -16.0 -24.2 -70.0
v -15.7 -25.0 -70.0
v -15.3 -25.8 -70.0
v -14.9 -26.6 -70.0
v -14.4 -27.4 -70.0
v -13.9 -28.1 -70.0
v -13.4 -28.8 -70.0
v -12.8 -29.5 -70.0
v -12.1 -30.1 -70.0
v -10.7 -29.9 -64.6
v -8.5 -28.5 -51.8
v -7.6 -28.5 -49.3
v -7.3 -29.2 -51.5
v -7.2 -30.5 -56.4
v -6.6 -31.0 -57.4
v -5.9 -31.3 -57.4
v -5.2 -31.6 -57.4
v -4.6 -32.0 -58.2
v -3.9 -32.7 -60.3
v -3.4 -33.8 -65.0
v -2.6 -34.1 -66.1
v -1.6 -33.7 -63.3
v -0.8 -33.8 -63.5
v -0.0 -34.7 -67.7
v 0.9 -34.9 -68.9
v 1.8 -34.8 -68.6
v 2.6 -34.5 -67.8
v 3.4 -34.1 -66.8
v 4.2 -33.5 -64.7
v 4.9 -33.1 -63.5
v 5.5 -32.5 -61.8
v 6.3 -32.1 -61.4
v 6.8 -31.3 -59.2
v 6.8 -29.8 -52.4
v 7.1 -28.9 -49.6
v 7.6 -28.5 -49.3
v 8.8 -28.9 -54.5
v 11.0 -30.2 -66.8
v 12.1 -30.1 -70.0
v 12.8 -29.5 -70.0
v 13.4 -28.8 -70.0
v 13.9 -28.1 -70.0
v 14.4 -27.4 -70.0
v 14.9 -26.6 -70.0
v 15.3 -25.8 -70.0
v 15.7 -25.0 -70.0
v 16.0 -24.2 -70.0
v 16.3 -23.3 -70.0
v 16.6 -22.4 -70.0
v 16.8 -21.6 -70.0
v 17.0 -20.7 -70.0
v 17.1 -19.8 -70.0
v 17.2 -18.9 -70.0
v 13.7 -18.0 -70.0
v 13.7 -17.3 -70.0
v 13.6 -16.6 -70.0
v 13.5 -15.9 -70.0
v 13.4 -15.2 -70.0
v 13.2 -14.5 -70.0
v 13.0 -13.8 -70.0
v 12.8 -13.1 -70.0
v 12.5 -12.4 -70.0
v 12.2 -11.8 -70.0
v 11.9 -11.1 -70.0
v 11.5 -10.5 -70.0
v 11.1 -9.9 -70.0
v 10.6 -9.4 -70.0
v 10.2 -8.8 -70.0
v 9.7 -8.3 -70.0
v 9.2 -7.8 -70.0
v 8.6 -7.4 -70.0
v 8.1 -6.9 -70.0
v 7.5 -6.5 -70.0
v 6.9 -6.1 -70.0
v 6.2 -5.8 -70.0
v 5.5 -5.5 -70.0
v 4.9 -5.3 -69.7
v 4.2 -5.1 -69.7
v 3.5 -4.9 -69.7
v 2.8 -4.7 -69.7
v 2.1 -4.6 -69.6
v 1.4 -4.6 -69.2
v 0.7 -4.5 -69.2
v 0.0 -4.5 -69.2
v -0.7 -4.5 -69.2
v -1.4 -4.6 -69.2
v -2.1 -4.6 -69.6
v -2.8 -4.7 -69.7
v -3.5 -4.9 -69.7
v -4.2 -5.1 -69.7
v -4.9 -5.3 -69.7
v -5.5 -5.6 -69.7
v -6.2 -5.8 -70.0
v -6.8 -6.2 -70.0
v -7.5 -6.5 -70.0
v -8.1 -6.9 -70.0
v -8.6 -7.4 -70.0
v -9.2 -7.8 -70.0
v -9.7 -8.3 -70.0
v -10.2 -8.8 -70.0
v -10.6 -9.4 -70.0
v -11.1 -9.9 -70.0
v -11.5 -10.5 -70.0
v -11.9 -11.1 -70.0
v -12.2 -11.8 -70.0
v -12.5 -12.4 -70.0
v -12.8 -13.1 -70.0
v -13.0 -13.8 -70.0
v -13.2 -14.5 -70.0
v -13.4 -15.2 -70.0
v -13.5 -15.9 -70.0
v -13.6 -16.6 -70.0
v -13.7 -17.3 -70.0
v -13.7 -18.0 -70.0
v -13.7 -18.7 -70.0
v -13.6 -19.4 -70.0
v -13.5 -20.1 -70.0
v -13.4 -20.8 -70.0
v -13.2 -21.5 -70.0
v -13.0 -22.2 -70.0
v -12.8 -22.9 -70.0
v -12.5 -23.6 -70.0
v -12.2 -24.2 -70.0
v -11.9 -24.9 -70.0
v -11.5 -25.5 -70.0
v -11.1 -26.1 -70.0
v -10.6 -26.6 -70.0
v -10.2 -27.2 -70.0
v -9.7 -27.7 -70.0
v -8.9 -27.8 -67.6
v -7.1 -26.7 -55.0
v -6.4 -26.8 -52.6
v -6.0 -27.2 -53.7
v -5.9 -28.2 -58.2
v -5.4 -28.5 -58.8
v -4.7 -28.6 -57.3
v -3.9 -28.1 -52.6
v -3.3 -28.2 -52.1
v -2.8 -28.6 -53.6
v -2.6 -30.0 -61.5
v -1.9 -30.3 -62.4
v -1.2 -29.6 -57.5
v -0.6 -29.5 -57.1
v -0.0 -30.4 -62.1
v 0.7 -30.7 -64.3
v 1.3 -30.7 -64.5
v 2.0 -30.5 -64.0
v 2.6 -30.4 -63.7
v 3.3 -30.1 -63.4
v 3.9 -29.9 -62.9
v 4.3 -29.2 -59.8
v 4.8 -28.9 -59.2
v 5.3 -28.3 -57.2
v 5.4 -27.3 -51.9
v 5.8 -26.9 -51.0
v 6.6 -27.1 -55.0
v 8.1 -28.0 -65.0
v 9.1 -28.1 -70.0
v 9.7 -27.7 -70.0
v 10.2 -27.2 -70.0
v 10.6 -26.6 -70.0
v 11.1 -26.1 -70.0
v 11.5 -25.5 -70.0
v 11.9 -24.9 -70.0
v 12.2 -24.2 -70.0
v 12.5 -23.6 -70.0
v 12.8 -22.9 -70.0
v 13.0 -22.2 -70.0
v 13.2 -21.5 -70.0
v 13.4 -20.8 -70.0
v 13.5 -20.1 -70.0
v 13.6 -19.4 -70.0
v 13.7 -18.7 -70.0
v 10.2 -18.0 -70.0
v 10.2 -17.5 -70.0
v 10.2 -16.9 -70.0
v 10.1 -16.4 -70.0
v 10.0 -15.9 -70.0
v 9.9 -15.4 -70.0
v 9.7 -14.8 -70.0
v 9.6 -14.3 -70.0
v 9.4 -13.8 -70.0
v 9.1 -13.4 -70.0
v 8.9 -12.9 -70.0
v 8.6 -12.4 -70.0
v 8.3 -12.0 -70.0
v 8.0 -11.6 -70.0
v 7.6 -11.2 -70.0
v 7.2 -10.8 -70.0
v 6.8 -10.4 -70.0
v 6.4 -10.0 -70.0
v 6.0 -9.7 -70.0
v 5.6 -9.4 -70.0
v 5.1 -9.1 -70.0
v 4.6 -8.9 -70.0
v 4.2 -8.7 -70.0
v 3.7 -8.5 -70.0
v 3.2 -8.3 -70.0
v 2.6 -8.1 -70.0
v 2.1 -8.0 -70.0
v 1.6 -7.9 -70.0
v 1.1 -7.9 -70.0
v 0.5 -7.8 -69.9
v 0.0 -7.8 -69.9
v -0.5 -7.8 -69.9
v -1.1 -7.9 -70.0
v -1.6 -7.9 -70.0
v -2.1 -8.0 -70.0
v -2.6 -8.1 -70.0
v -3.2 -8.3 -70.0
v -3.7 -8.5 -70.0
v -4.2 -8.7 -70.0
v -4.6 -8.9 -70.0
v -5.1 -9.1 -70.0
v -5.6 -9.4 -70.0
v -6.0 -9.7 -70.0
v -6.4 -10.0 -70.0
v -6.8 -10.4 -70.0
v -7.2 -10.8 -70.0
v -7.6 -11.2 -70.0
v -8.0 -11.6 -70.0
v -8.3 -12.0 -70.0
v -8.6 -12.4 -70.0
v -8.9 -12.9 -70.0
v -9.1 -13.4 -70.0
v -9.4 -13.8 -70.0
v -9.6 -14.3 -70.0
v -9.7 -14.8 -70.0
v -9.9 -15.4 -70.0
v -10.0 -15.9 -70.0
v -10.1 -16.4 -70.0
v -10.2 -16.9 -70.0
v -10.2 -17.5 -70.0
v -10.2 -18.0 -70.0
v -10.2 -18.5 -70.0
v -10.2 -19.1 -70.0
v -10.1 -19.6 -70.0
v -10.0 -20.1 -70.0
v -9.9 -20.6 -70.0
v -9.7 -21.2 -70.0
v -9.6 -21.7 -70.0
v -9.4 -22.2 -70.0
v -9.1 -22.6 -70.0
v -8.9 -23.1 -70.0
v -8.6 -23.6 -70.0
v -8.3 -24.0 -70.0
v -8.0 -24.4 -70.0
v -7.6 -24.8 -70.0
v -7.2 -25.2 -70.0
v -6.8 -25.6 -70.0
v -6.2 -25.7 -67.5
v -5.8 -26.0 -67.5
v -5.4 -26.3 -67.5
v -5.0 -26.7 -68.4
v -4.5 -26.9 -68.4
v -3.9 -26.9 -65.9
v -3.1 -26.0 -56.1
v -2.5 -25.8 -53.8
v -2.2 -26.2 -56.1
v -2.0 -27.6 -66.5
v -1.5 -27.7 -67.2
v -0.9 -26.9 -59.8
v -0.5 -26.9 -59.5
v -0.0 -27.8 -66.9
v 0.5 -28.1 -69.1
v 1.1 -28.0 -69.1
v 1.6 -27.9 -69.0
v 2.1 -27.8 -69.0
v 2.6 -27.7 -69.0
v 3.1 -27.4 -67.7
v 3.3 -26.6 -62.1
v 3.7 -26.3 -60.8
v 4.1 -26.0 -60.3
v 4.4 -25.6 -58.4
v 4.9 -25.5 -59.7
v 5.7 -25.9 -66.0
v 6.4 -25.9 -70.0
v 6.8 -25.6 -70.0
v 7.2 -25.2 -70.0
v 7.6 -24.8 -70.0
v 8.0 -24.4 -70.0
v 8.3 -24.0 -70.0
v 8.6 -23.6 -70.0
v 8.9 -23.1 -70.0
v 9.1 -22.6 -70.0
v 9.4 -22.2 -70.0
v 9.6 -21.7 -70.0
v 9.7 -21.2 -70.0
v 9.9 -20.6 -70.0
v 10.0 -20.1 -70.0
v 10.1 -19.6 -70.0
v 10.2 -19.1 -70.0
v 10.2 -18.5 -70.0
v 6.8 -18.0 -70.0
v 6.8 -17.6 -70.0
v 6.8 -17.3 -70.0
v 6.7 -16.9 -70.0
v 6.6 -16.6 -70.0
v 6.6 -16.2 -70.0
v 6.5 -15.9 -70.0
v 6.3 -15.6 -70.0
v 6.2 -15.2 -70.0
v 6.1 -14.9 -70.0
v 5.9 -14.6 -70.0
v 5.7 -14.3 -70.0
v 5.5 -14.0 -70.0
v 5.3 -13.7 -70.0
v 5.1 -13.5 -70.0
v 4.8 -13.2 -70.0
v 4.5 -12.9 -70.0
v 4.3 -12.7 -70.0
v 4.0 -12.5 -70.0
v 3.7 -12.3 -70.0
v 3.4 -12.1 -70.0
v 3.1 -11.9 -70.0
v 2.8 -11.8 -70.0
v 2.4 -11.7 -70.0
v 2.1 -11.5 -70.0
v 1.8 -11.4 -70.0
v 1.4 -11.4 -70.0
v 1.1 -11.3 -70.0
v 0.7 -11.2 -70.0
v 0.4 -11.2 -70.0
v 0.0 -11.2 -70.0
v -0.4 -11.2 -70.0
v -0.7 -11.2 -70.0
v -1.1 -11.3 -70.0
v -1.4 -11.4 -70.0
v -1.8 -11.4 -70.0
v -2.1 -11.5 -70.0
v -2.4 -11.7 -70.0
v -2.8 -11.8 -70.0
v -3.1 -11.9 -70.0
v -3.4 -12.1 -70.0
v -3.7 -12.3 -70.0
v -4.0 -12.5 -70.0
v -4.3 -12.7 -70.0
v -4.5 -12.9 -70.0
v -4.8 -13.2 -70.0
v -5.1 -13.5 -70.0
v -5.3 -13.7 -70.0
v -5.5 -14.0 -70.0
v -5.7 -14.3 -70.0
v -5.9 -14.6 -70.0
v -6.1 -14.9 -70.0
v -6.2 -15.2 -70.0
v -6.3 -15.6 -70.0
v -6.5 -15.9 -70.0
v -6.6 -16.2 -70.0
v -6.6 -16.6 -70.0
v -6.7 -16.9 -70.0
v -6.8 -17.3 -70.0
v -6.8 -17.6 -70.0
v -6.8 -18.0 -70.0
v -6.8 -18.4 -70.0
v -6.8 -18.7 -70.0
v -6.7 -19.1 -70.0
v -6.6 -19.4 -70.0
v -6.6 -19.8 -70.0
v -6.5 -20.1 -70.0
v -6.3 -20.4 -70.0
v -6.2 -20.8 -70.0
v -6.1 -21.1 -70.0
v -5.9 -21.4 -70.0
v -5.7 -21.7 -70.0
v -5.5 -22.0 -70.0
v -5.3 -22.3 -70.0
v -5.1 -22.5 -70.0
v -4.8 -22.8 -70.0
v -4.5 -23.1 -70.0
v -4.3 -23.3 -70.0
v -4.0 -23.5 -70.0
v -3.7 -23.7 -70.0
v -3.4 -23.9 -70.0
v -3.1 -24.1 -70.0
v -2.8 -24.2 -70.0
v -2.4 -24.2 -67.9
v -2.0 -24.3 -67.9
v -1.7 -24.4 -67.9
v -1.4 -24.6 -70.0
v -1.1 -24.7 -70.0
v -0.7 -24.6 -68.5
v -0.3 -24.6 -68.5
v -0.0 -24.8 -70.0
v 0.4 -24.8 -70.0
v 0.7 -24.8 -70.0
v 1.1 -24.7 -70.0
v 1.4 -24.6 -70.0
v 1.8 -24.6 -70.0
v 2.1 -24.5 -70.0
v 2.4 -24.2 -68.9
v 2.7 -24.1 -68.9
v 3.0 -24.0 -68.9
v 3.3 -23.8 -68.7
v 3.6 -23.6 -68.7
v 4.0 -23.5 -70.0
v 4.3 -23.3 -70.0
v 4.5 -23.1 -70.0
v 4.8 -22.8 -70.0
v 5.1 -22.5 -70.0
v 5.3 -22.3 -70.0
v 5.5 -22.0 -70.0
v 5.7 -21.7 -70.0
v 5.9 -21.4 -70.0
v 6.1 -21.1 -70.0
v 6.2 -20.8 -70.0
v 6.3 -20.4 -70.0
v 6.5 -20.1 -70.0
v 6.6 -19.8 -70.0
v 6.6 -19.4 -70.0
v 6.7 -19.1 -70.0
v 6.8 -18.7 -70.0
v 6.8 -18.4 -70.0
v 3.4 -18.0 -70.0
v 3.4 -17.8 -70.0
v 3.4 -17.6 -70.0
v 3.4 -17.5 -70.0
v 3.3 -17.3 -70.0
v 3.3 -17.1 -70.0
v 3.2 -16.9 -70.0
v 3.2 -16.8 -70.0
v 3.1 -16.6 -70.0
v 3.0 -16.5 -70.0
v 2.9 -16.3 -70.0
v 2.9 -16.1 -70.0
v 2.7 -16.0 -70.0
v 2.6 -15.9 -70.0
v 2.5 -15.7 -70.0
v 2.4 -15.6 -70.0
v 2.3 -15.5 -70.0
v 2.1 -15.4 -70.0
v 2.0 -15.3 -70.0
v 1.9 -15.1 -70.0
v 1.7 -15.1 -70.0
v 1.5 -15.0 -70.0
v 1.4 -14.9 -70.0
v 1.2 -14.8 -70.0
v 1.1 -14.8 -70.0
v 0.9 -14.7 -70.0
v 0.7 -14.7 -70.0
v 0.5 -14.6 -70.0
v 0.4 -14.6 -70.0
v 0.2 -14.6 -70.0
v 0.0 -14.6 -70.0
v -0.2 -14.6 -70.0
v -0.4 -14.6 -70.0
v -0.5 -14.6 -70.0
v -0.7 -14.7 -70.0
v -0.9 -14.7 -70.0
v -1.1 -14.8 -70.0
v -1.2 -14.8 -70.0
v -1.4 -14.9 -70.0
v -1.5 -15.0 -70.0
v -1.7 -15.1 -70.0
v -1.9 -15.1 -70.0
v -2.0 -15.3 -70.0
v -2.1 -15.4 -70.0
v -2.3 -15.5 -70.0
v -2.4 -15.6 -70.0
v -2.5 -15.7 -70.0
v -2.6 -15.9 -70.0
v -2.7 -16.0 -70.0
v -2.9 -16.1 -70.0
v -2.9 -16.3 -70.0
v -3.0 -16.5 -70.0
v -3.1 -16.6 -70.0
v -3.2 -16.8 -70.0
v -3.2 -16.9 -70.0
v -3.3 -17.1 -70.0
v -3.3 -17.3 -70.0
v -3.4 -17.5 -70.0
v -3.4 -17.6 -70.0
v -3.4 -17.8 -70.0
v -3.4 -18.0 -70.0
v -3.4 -18.2 -70.0
v -3.4 -18.4 -70.0
v -3.4 -18.5 -70.0
v -3.3 -18.7 -70.0
v -3.3 -18.9 -70.0
v -3.2 -19.1 -70.0
v -3.2 -19.2 -70.0
v -3.1 -19.4 -70.0
v -3.0 -19.5 -70.0
v -2.9 -19.7 -70.0
v -2.9 -19.9 -70.0
v -2.7 -20.0 -70.0
v -2.6 -20.1 -70.0
v -2.5 -20.3 -70.0
v -2.4 -20.4 -70.0
v -2.3 -20.5 -70.0
v -2.1 -20.6 -70.0
v -2.0 -20.7 -70.0
v -1.9 -20.9 -70.0
v -1.7 -20.9 -70.0
v -1.5 -21.0 -70.0
v -1.4 -21.1 -70.0
v -1.2 -21.2 -70.0
v -1.1 -21.2 -70.0
v -0.9 -21.3 -70.0
v -0.7 -21.3 -70.0
v -0.5 -21.4 -70.0
v -0.4 -21.4 -70.0
v -0.2 -21.4 -70.0
v -0.0 -21.4 -70.0
v 0.2 -21.4 -70.0
v 0.4 -21.4 -70.0
v 0.5 -21.4 -70.0
v 0.7 -21.3 -70.0
v 0.9 -21.3 -70.0
v 1.1 -21.2 -70.0
v 1.2 -21.2 -70.0
v 1.4 -21.1 -70.0
v 1.5 -21.0 -70.0
v 1.7 -20.9 -70.0
v 1.9 -20.9 -70.0
v 2.0 -20.7 -70.0
v 2.1 -20.6 -70.0
v 2.3 -20.5 -70.0
v 2.4 -20.4 -70.0
v 2.5 -20.3 -70.0
v 2.6 -20.1 -70.0
v 2.7 -20.0 -70.0
v 2.9 -19.9 -70.0
v 2.9 -19.7 -70.0
v 3.0 -19.5 -70.0
v 3.1 -19.4 -70.0
v 3.2 -19.2 -70.0
v 3.2 -19.1 -70.0
v 3.3 -18.9 -70.0
v 3.3 -18.7 -70.0
v 3.4 -18.5 -70.0
v 3.4 -18.4 -70.0
v 3.4 -18.2 -70.0
v 0.0 -18.0 -70.0
f 1 3 2
f 1 4 3
f 1 5 4
f 1 6 5
f 1 7 6
f 1 8 7
f 1 9 8
f 1 10 9
f 1 11 10
f 1 12 11
f 1 13 12
f 1 14 13
f 1 15 14
f 1 16 15
f 1 17 16
f 1 18 17
f 1 19 18
f 1 20 19
f 1 21 20
f 1 22 21
f 1 23 22
f 1 24 23
f 1 25 24
f 1 26 25
f 1 27 26
f 1 28 27
f 1 29 28
f 1 30 29
f 1 31 30
f 1 32 31
f 1 33 32
f 1 34 33
f 1 35 34
f 1 36 35
f 1 37 36
f 1 38 37
f 1 39 38
f 1 40 39
f 1 41 40
f 1 42 41
f 1 43 42
f 1 44 43
f 1 45 44
f 1 46 45
f 1 47 46
f 1 48 47
f 1 49 48
f 1 50 49
f 1 51 50
f 1 52 51
f 1 53 52
f 1 54 53
f 1 55 54
f 1 56 55
f 1 57 56
f 1 58 57
f 1 59 58
f 1 60 59
f 1 61 60
f 1 62 61
f 1 63 62
f 1 64 63
f 1 65 64
f 1 66 65
f 1 67 66
f 1 68 67
f 1 69 68
f 1 70 69
f 1 71 70
f 1 72 71
f 1 73 72
f 1 74 73
f 1 75 74
f 1 76 75
f 1 77 76
f 1 78 77
f 1 79 78
f 1 80 79
f 1 81 80
f 1 82 81
f 1 83 82
f 1 84 83
f 1 85 84
f 1 86 85
f 1 87 86
f 1 88 87
f 1 89 88
f 1 90 89
f 1 91 90
f 1 92 91
f 1 93 92
f 1 94 93
f 1 95 94
f 1 96 95
f 1 97 96
f 1 98 97
f 1 99 98
f 1 100 99
f 1 101 100
f 1 102 101
f 1 103 102
f 1 104 103
f 1 105 104
f 1 106 105
f 1 107 106
f 1 108 107
f 1 109 108
f 1 110 109
f 1 111 110
f 1 112 111
f 1 113 112
f 1 114 113
f 1 115 114
f 1 116 115
f 1 117 116
f 1 118 117
f 1 119 118
f 1 120 119
f 1 121 120
f 1 2 121
f 2 3 123
f 2 123 122
f 3 4 124
f 3 124 123
f 4 5 125
f 4 125 124
f 5 6 126
f 5 126 125
f 6 7 127
f 6 127 126
f 7 8 128
f 7 128 127
f 8 9 129
f 8 129 128
f 9 10 130
f 9 130 129
f 10 11 131
f 10 131 130
f 11 12 132
f 11 132 131
f 12 13 133
f 12 133 132
f 13 14 134
f 13 134 133
f 14 15 135
f 14 135 134
f 15 16 136
f 15 136 135
f 16 17 137
f 16 137 136
f 17 18 138
f 17 138 137
f 18 19 139
f 18 139 138
f 19 20 140
f 19 140 139
f 20 21 141
f 20 141 140
f 21 22 142
f 21 142 141
f 22 23 143
f 22 143 142
f 23 24 144
f 23 144 143
f 24 25 145
f 24 145 144
f 25 26 146
f 25 146 145
f 26 27 147
f 26 147 146
f 27 28 148
f 27 148 147
f 28 29 149
f 28 149 148
f 29 30 150
f 29 150 149
f 30 31 151
f 30 151 150
f 31 32 152
f 31 152 151
f 32 33 153
f 32 153 152
f 33 34 154
f 33 154 153
f 34 35 155
f 34 155 154
f 35 36 156
f 35 156 155
f 36 37 157
f 36 157 156
f 37 38 158
f 37 158 157
f 38 39 159
f 38 159 158
f 39 40 160
f 39 160 159
f 40 41 161
f 40 161 160
f 41 42 162
f 41 162 161
f 42 43 163
f 42 163 162
f 43 44 164
f 43 164 163
f 44 45 165
f 44 165 164
f 45 46 166
f 45 166 165
f 46 47 167
f 46 167 166
f 47 48 168
f 47 168 167
f 48 49 169
f 48 169 168
f 49 50 170
f 49 170 169
f 50 51 171
f 50 171 170
f 51 52 172
f 51 172 171
f 52 53 173
f 52 173 172
f 53 54 174
f 53 174 173
f 54 55 175
f 54 175 174
f 55 56 176
f 55 176 175
f 56 57 177
f 56 177 176
f 57 58 178
f 57 178 177
f 58 59 179
f 58 179 178
f 59 60 180
f 59 180 179
f 60 61 181
f 60 181 180
f 61 62 182
f 61 182 181
f 62 63 183
f 62 183 182
f 63 64 184
f 63 184 183
f 64 65 185
f 64 185 184
f 65 66 186
f 65 186 185
f 66 67 187
f 66 187 186
f 67 68 188
f 67 188 187
f 68 69 189
f 68 189 188
f 69 70 190
f 69 190 189
f 70 71 191
f 70 191 190
f 71 72 192
f 71 192 191
f 72 73 193
f 72 193 192
f 73 74 194
f 73 194 193
f 74 75 195
f 74 195 194
f 75 76 196
f 75 196 195
f 76 77 197
f 76 197 196
f 77 78 198
f 77 198 197
f 78 79 199
f 78 199 198
f 79 80 200
f 79 200 199
f 80 81 201
f 80 201 200
f 81 82 202
f 81 202 201
f 82 83 203
f 82 203 202
f 83 84 204
f 83 204 203
f 84 85 205
f 84 205 204
f 85 86 206
f 85 206 205
f 86 87 207
f 86 207 206
f 87 88 208
f 87 208 207
f 88 89 209
f 88 209 208
f 89 90 210
f 89 210 209
f 90 91 211
f 90 211 210
f 91 92 212
f 91 212 211
f 92 93 213
f 92 213 212
f 93 94 214
f 93 214 213
f 94 95 215
f 94 215 214
f 95 96 216
f 95 216 215
f 96 97 217
f 96 217 216
f 97 98 218
f 97 218 217
f 98 99 219
f 98 219 218
f 99 100 220
f 99 220 219
f 100 101 221
f 100 221 220
f 101 102 222
f 101 222 221
f 102 103 223
f 102 223 222
f 103 104 224
f 103 224 223
f 104 105 225
f 104 225 224
f 105 106 226
f 105 226 225
f 106 107 227
f 106 227 226
f 107 108 228
f 107 228 227
f 108 109 229
f 108 229 228
f 109 110 230
f 109 230 229
f 110 111 231
f 110 231 230
f 111 112 232
f 111 232 231
f 112 113 233
f 112 233 232
f 113 114 234
f 113 234 233
f 114 115 235
f 114 235 234
f 115 116 236
f 115 236 235
f 116 117 237
f 116 237 236
f 117 118 238
f 117 238 237
f 118 119 239
f 118 239 238
f 119 120 240
f 119 240 239
f 120 121 241
f 120 241 240
f 121 2 122
f 121 122 241
f 122 123 243
f 122 243 242
f 123 124 244
f 123 244 243
f 124 125 245
f 124 245 244
f 125 126 246
f 125 246 245
f 126 127 247
f 126 247 246
f 127 128 248
f 127 248 247
f 128 129 249
f 128 249 248
f 129 130 250
f 129 250 249
f 130 131 251
f 130 251 250
f 131 132 252
f 131 252 251
f 132 133 253
f 132 253 252
f 133 134 254
f 133 254 253
f 134 135 255
f 134 255 254
f 135 136 256
f 135 256 255
f 136 137 257
f 136 257 256
f 137 138 258
f 137 258 257
f 138 139 259
f 138 259 258
f 139 140 260
f 139 260 259
f 140 141 261
f 140 261 260
f 141 142 262
f 141 262 261
f 142 143 263
f 142 263 262
f 143 144 264
f 143 264 263
f 144 145 265
f 144 265 264
f 145 146 266
f 145 266 265
f 146 147 267
f 146 267 266
f 147 148 268
f 147 268 267
f 148 149 269
f 148 269 268
f 149 150 270
f 149 270 269
f 150 151 271
f 150 271 270
f 151 152 272
f 151 272 271
f 152 153 273
f 152 273 272
f 153 154 274
f 153 274 273
f 154 155 275
f 154 275 274
f 155 156 276
f 155 276 275
f 156 157 277
f 156 277 276
f 157 158 278
f 157 278 277
f 158 159 279
f 158 279 278
f 159 160 280
f 159 280 279
f 160 161 281
f 160 281 280
f 161 162 282
f 161 282 281
f 162 163 283
f 162 283 282
f 163 164 284
f 163 284 283
f 164 165 285
f 164 285 284
f 165 166 286
f 165 286 285
f 166 167 287
f 166 287 286
f 167 168 288
f 167 288 287
f 168 169 289
f 168 289 288
f 169 170 290
f 169 290 289
f 170 171 291
f 170 291 290
f 171 172 292
f 171 292 291
f 172 173 293
f 172 293 292
f 173 174 294
f 173 294 293
f 174 175 295
f 174 295 294
f 175 176 296
f 175 296 295
f 176 177 297
f 176 297 296
f 177 178 298
f 177 298 297
f 178 179 299
f 178 299 298
f 179 180 300
f 179 300 299
f 180 181 301
f 180 301 300
f 181 182 302
f 181 302 301
f 182 183 303
f 182 303 302
f 183 184 304
f 183 304 303
f 184 185 305
f 184 305 304
f 185 186 306
f 185 306 305
f 186 187 307
f 186 307 306
f 187 188 308
f 187 308 307
f 188 189 309
f 188 309 308
f 189 190 310
f 189 310 309
f 190 191 311
f 190 311 310
f 191 192 312
f 191 312 311
f 192 193 313
f 192 313 312
f 193 194 314
f 193 314 313
f 194 195 315
f 194 315 314
f 195 196 316
f 195 316 315
f 196 197 317
f 196 317 316
f 197 198 318
f 197 318 317
f 198 199 319
f 198 319 318
f 199 200 320
f 199 320 319
f 200 201 321
f 200 321 320
f 201 202 322
f 201 322 321
f 202 203 323
f 202 323 322
f 203 204 324
f 203 324 323
f 204 205 325
f 204 325 324
f 205 206 326
f 205 326 325
f 206 207 327
f 206 327 326
f 207 208 328
f 207 328 327
f 208 209 329
f 208 329 328
f 209 210 330
f 209 330 329
f 210 211 331
f 210 331 330
f 211 212 332
f 211 332 331
f 212 213 333
f 212 333 332
f 213 214 334
f 213 334 333
f 214 215 335
f 214 335 334
f 215 216 336
f 215 336 335
f 216 217 337
f 216 337 336
f 217 218 338
f 217 338 337
f 218 219 339
f 218 339 338
f 219 220 340
f 219 340 339
f 220 221 341
f 220 341 340
f 221 222 342
f 221 342 341
f 222 223 343
f 222 343 342
f 223 224 344
f 223 344 343
f 224 225 345
f 224 345 344
f 225 226 346
f 225 346 345
f 226 227 347
f 226 347 346
f 227 228 348
f 227 348 347
f 228 229 349
f 228 349 348
f 229 230 350
f 229 350 349
f 230 231 351
f 230 351 350
f 231 232 352
f 231 352 351
f 232 233 353
f 232 353 352
f 233 234 354
f 233 354 353
f 234 235 355
f 234 355 354
f 235 236 356
f 235 356 355
f 236 237 357
f 236 357 356
f 237 238 358
f 237 358 357
f 238 239 359
f 238 359 358
f 239 240 360
f 239 360 359
f 240 241 361
f 240 361 360
f 241 122 242
f 241 242 361
f 242 243 363
f 242 363 362
f 243 244 364
f 243 364 363
f 244 245 365
f 244 365 364
f 245 246 366
f 245 366 365
f 246 247 367
f 246 367 366
f 247 248 368
f 247 368 367
f 248 249 369
f 248 369 368
f 249 250 370
f 249 370 369
f 250 251 371
f 250 371 370
f 251 252 372
f 251 372 371
f 252 253 373
f 252 373 372
f 253 254 374
f 253 374 373
f 254 255 375
f 254 375 374
f 255 256 376
f 255 376 375
f 256 257 377
f 256 377 376
f 257 258 378
f 257 378 377
f 258 259 379
f 258 379 378
f 259 260 380
f 259 380 379
f 260 261 381
f 260 381 380
f 261 262 382
f 261 382 381
f 262 263 383
f 262 383 382
f 263 264 384
f 263 384 383
f 264 265 385
f 264 385 384
f 265 266 386
f 265 386 385
f 266 267 387
f 266 387 386
f 267 268 388
f 267 388 387
f 268 269 389
f 268 389 388
f 269 270 390
f 269 390 389
f 270 271 391
f 270 391 390
f 271 272 392
f 271 392 391
f 272 273 393
f 272 393 392
f 273 274 394
f 273 394 393
f 274 275 395
f 274 395 394
f 275 276 396
f 275 396 395
f 276 277 397
f 276 397 396
f 277 278 398
f 277 398 397
f 278 279 399
f 278 399 398
f 279 280 400
f 279 400 399
f 280 281 401
f 280 401 400
f 281 282 402
f 281 402 401
f 282 283 403
f 282 403 402
f 283 284 404
f 283 404 403
f 284 285 405
f 284 405 404
f 285 286 406
f 285 406 405
f 286 287 407
f 286 407 406
f 287 288 408
f 287 408 407
f 288 289 409
f 288 409 408
f 289 290 410
f 289 410 409
f 290 291 411
f 290 411 410
f 291 292 412
f 291 412 411
f 292 293 413
f 292 413 412
f 293 294 414
f 293 414 413
f 294 295 415
f 294 415 414
f 295 296 416
f 295 416 415
f 296 297 417
f 296 417 416
f 297 298 418
f 297 418 417
f 298 299 419
f 298 419 418
f 299 300 420
f 299 420 419
f 300 301 421
f 300 421 420
f 301 302 422
f 301 422 421
f 302 303 423
f 302 423 422
f 303 304 424
f 303 424 423
f 304 305 425
f 304 425 424
f 305 306 426
f 305 426 425
f 306 307 427
f 306 427 426
f 307 308 428
f 307 428 427
f 308 309 429
f 308 429 428
f 309 310 430
f 309 430 429
f 310 311 431
f 310 431 430
f 311 312 432
f 311 432 431
f 312 313 433
f 312 433 432
f 313 314 434
f 313 434 433
f 314 315 435
f 314 435 434
f 315 316 436
f 315 436 435
f 316 317 437
f 316 437 436
f 317 318 438
f 317 438 437
f 318 319 439
f 318 439 438
f 319 320 440
f 319 440 439
f 320 321 441
f 320 441 440
f 321 322 442
f 321 442 441
f 322 323 443
f 322 443 442
f 323 324 444
f 323 444 443
f 324 325 445
f 324 445 444
f 325 326 446
f 325 446 445
f 326 327 447
f 326 447 446
f 327 328 448
f 327 448 447
f 328 329 449
f 328 449 448
f 329 330 450
f 329 450 449
f 330 331 451
f 330 451 450
f 331 332 452
f 331 452 451
f 332 333 453
f 332 453 452
f 333 334 454
f 333 454 453
f 334 335 455
f 334 455 454
f 335 336 456
f 335 456 455
f 336 337 457
f 336 457 456
f 337 338 458
f 337 458 457
f 338 339 459
f 338 459 458
f 339 340 460
f 339 460 459
f 340 341 461
f 340 461 460
f 341 342 462
f 341 462 461
f 342 343 463
f 342 463 462
f 343 344 464
f 343 464 463
f 344 345 465
f 344 465 464
f 345 346 466
f 345 466 465
f 346 347 467
f 346 467 466
f 347 348 468
f 347 468 467
f 348 349 469
f 348 469 468
f 349 350 470
f 349 470 469
f 350 351 471
f 350 471 470
f 351 352 472
f 351 472 471
f 352 353 473
f 352 473 472
f 353 354 474
f 353 474 473
f 354 355 475
f 354 475 474
f 355 356 476
f 355 476 475
f 356 357 477
f 356 477 476
f 357 358 478
f 357 478 477
f 358 359 479
f 358 479 478
f 359 360 480
f 359 480 479
f 360 361 481
f 360 481 480
f 361 242 362
f 361 362 481
f 362 363 483
f 362 483 482
f 363 364 484
f 363 484 483
f 364 365 485
f 364 485 484
f 365 366 486
f 365 486 485
f 366 367 487
f 366 487 486
f 367 368 488
f 367 488 487
f 368 369 489
f 368 489 488
f 369 370 490
f 369 490 489
f 370 371 491
f 370 491 490
f 371 372 492
f 371 492 491
f 372 373 493
f 372 493 492
f 373 374 494
f 373 494 493
f 374 375 495
f 374 495 494
f 375 376 496
f 375 496 495
f 376 377 497
f 376 497 496
f 377 378 498
f 377 498 497
f 378 379 499
f 378 499 498
f 379 380 500
f 379 500 499
f 380 381 501
f 380 501 500
f 381 382 502
f 381 502 501
f 382 383 503
f 382 503 502
f 383 384 504
f 383 504 503
f 384 385 505
f 384 505 504
f 385 386 506
f 385 506 505
f 386 387 507
f 386 507 506
f 387 388 508
f 387 508 507
f 388 389 509
f 388 509 508
f 389 390 510
f 389 510 509
f 390 391 511
f 390 511 510
f 391 392 512
f 391 512 511
f 392 393 513
f 392 513 512
f 393 394 514
f 393 514 513
f 394 395 515
f 394 515 514
f 395 396 516
f 395 516 515
f 396 397 517
f 396 517 516
f 397 398 518
f 397 518 517
f 398 399 519
f 398 519 518
f 399 400 520
f 399 520 519
f 400 401 521
f 400 521 520
f 401 402 522
f 401 522 521
f 402 403 523
f 402 523 522
f 403 404 524
f 403 524 523
f 404 405 525
f 404 525 524
f 405 406 526
f 405 526 525
f 406 407 527
f 406 527 526
f 407 408 528
f 407 528 527
f 408 409 529
f 408 529 528
f 409 410 530
f 409 530 529
f 410 411 531
f 410 531 530
f 411 412 532
f 411 532 531
f 412 413 533
f 412 533 532
f 413 414 534
f 413 534 533
f 414 415 535
f 414 535 534
f 415 416 536
f 415 536 535
f 416 417 537
f 416 537 536
f 417 418 538
f 417 538 537
f 418 419 539
f 418 539 538
f 419 420 540
f 419 540 539
f 420 421 541
f 420 541 540
f 421 422 542
f 421 542 541
f 422 423 543
f 422 543 542
f 423 424 544
f 423 544 543
f 424 425 545
f 424 545 544
f 425 426 546
f 425 546 545
f 426 427 547
f 426 547 546
f 427 428 548
f 427 548 547
f 428 429 549
f 428 549 548
f 429 430 550
f 429 550 549
f 430 431 551
f 430 551 550
f 431 432 552
f 431 552 551
f 432 433 553
f 432 553 552
f 433 434 554
f 433 554 553
f 434 435 555
f 434 555 554
f 435 436 556
f 435 556 555
f 436 437 557
f 436 557 556
f 437 438 558
f 437 558 557
f 438 439 559
f 438 559 558
f 439 440 560
f 439 560 559
f 440 441 561
f 440 561 560
f 441 442 562
f 441 562 561
f 442 443 563
f 442 563 562
f 443 444 564
f 443 564 563
f 444 445 565
f 444 565 564
f 445 446 566
f 445 566 565
f 446 447 567
f 446 567 566
f 447 448 568
f 447 568 567
f 448 449 569
f 448 569 568
f 449 450 570
f 449 570 569
f 450 451 571
f 450 571 570
f 451 452 572
f 451 572 571
f 452 453 573
f 452 573 572
f 453 454 574
f 453 574 573
f 454 455 575
f 454 575 574
f 455 456 576
f 455 576 575
f 456 457 577
f 456 577 576
f 457 458 578
f 457 578 577
f 458 459 579
f 458 579 578
f 459 460 580
f 459 580 579
f 460 461 581
f 460 581 580
f 461 462 582
f 461 582 581
f 462 463 583
f 462 583 582
f 463 464 584
f 463 584 583
f 464 465 585
f 464 585 584
f 465 466 586
f 465 586 585
f 466 467 587
f 466 587 586
f 467 468 588
f 467 588 587
f 468 469 589
f 468 589 588
f 469 470 590
f 469 590 589
f 470 471 591
f 470 591 590
f 471 472 592
f 471 592 591
f 472 473 593
f 472 593 592
f 473 474 594
f 473 594 593
f 474 475 595
f 474 595 594
f 475 476 596
f 475 596 595
f 476 477 597
f 476 597 596
f 477 478 598
f 477 598 597
f 478 479 599
f 478 599 598
f 479 480 600
f 479 600 599
f 480 481 601
f 480 601 600
f 481 362 482
f 481 482 601
f 482 483 603
f 482 603 602
f 483 484 604
f 483 604 603
f 484 485 605
f 484 605 604
f 485 486 606
f 485 606 605
f 486 487 607
f 486 607 606
f 487 488 608
f 487 608 607
f 488 489 609
f 488 609 608
f 489 490 610
f 489 610 609
f 490 491 611
f 490 611 610
f 491 492 612
f 491 612 611
f 492 493 613
f 492 613 612
f 493 494 614
f 493 614 613
f 494 495 615
f 494 615 614
f 495 496 616
f 495 616 615
f 496 497 617
f 496 617 616
f 497 498 618
f 497 618 617
f 498 499 619
f 498 619 618
f 499 500 620
f 499 620 619
f 500 501 621
f 500 621 620
f 501 502 622
f 501 622 621
f 502 503 623
f 502 623 622
f 503 504 624
f 503 624 623
f 504 505 625
f 504 625 624
f 505 506 626
f 505 626 625
f 506 507 627
f 506 627 626
f 507 508 628
f 507 628 627
f 508 509 629
f 508 629 628
f 509 510 630
f 509 630 629
f 510 511 631
f 510 631 630
f 511 512 632
f 511 632 631
f 512 513 633
f 512 633 632
f 513 514 634
f 513 634 633
f 514 515 635
f 514 635 634
f 515 516 636
f 515 636 635
f 516 517 637
f 516 637 636
f 517 518 638
f 517 638 637
f 518 519 639
f 518 639 638
f 519 520 640
f 519 640 639
f 520 521 641
f 520 641 640
f 521 522 642
f 521 642 641
f 522 523 643
f 522 643 642
f 523 524 644
f 523 644 643
f 524 525 645
f 524 645 644
f 525 526 646
f 525 646 645
f 526 527 647
f 526 647 646
f 527 528 648
f 527 648 647
f 528 529 649
f 528 649 648
f 529 530 650
f 529 650 649
f 530 531 651
f 530 651 650
f 531 532 652
f 531 652 651
f 532 533 653
f 532 653 652
f 533 534 654
f 533 654 653
f 534 535 655
f 534 655 654
f 535 536 656
f 535 656 655
f 536 537 657
f 536 657 656
f 537 538 658
f 537 658 657
f 538 539 659
f 538 659 658
f 539 540 660
f 539 660 659
f 540 541 661
f 540 661 660
f 541 542 662
f 541 662 661
f 542 543 663
f 542 663 662
f 543 544 664
f 543 664 663
f 544 545 665
f 544 665 664
f 545 546 666
f 545 666 665
f 546 547 667
f 546 667 666
f 547 548 668
f 547 668 667
f 548 549 669
f 548 669 668
f 549 550 670
f 549 670 669
f 550 551 671
f 550 671 670
f 551 552 672
f 551 672 671
f 552 553 673
f 552 673 672
f 553 554 674
f 553 674 673
f 554 555 675
f 554 675 674
f 555 556 676
f 555 676 675
f 556 557 677
f 556 677 676
f 557 558 678
f 557 678 677
f 558 559 679
f 558 679 678
f 559 560 680
f 559 680 679
f 560 561 681
f 560 681 680
f 561 562 682
f 561 682 681
f 562 563 683
f 562 683 682
f 563 564 684
f 563 684 683
f 564 565 685
f 564 685 684
f 565 566 686
f 565 686 685
f 566 567 687
f 566 687 686
f 567 568 688
f 567 688 687
f 568 569 689
f 568 689 688
f 569 570 690
f 569 690 689
f 570 571 691
f 570 691 690
f 571 572 692
f 571 692 691
f 572 573 693
f 572 693 692
f 573 574 694
f 573 694 693
f 574 575 695
f 574 695 694
f 575 576 696
f 575 696 695
f 576 577 697
f 576 697 696
f 577 578 698
f 577 698 697
f 578 579 699
f 578 699 698
f 579 580 700
f 579 700 699
f 580 581 701
f 580 701 700
f 581 582 702
f 581 702 701
f 582 583 703
f 582 703 702
f 583 584 704
f 583 704 703
f 584 585 705
f 584 705 704
f 585 586 706
f 585 706 705
f 586 587 707
f 586 707 706
f 587 588 708
f 587 708 707
f 588 589 709
f 588 709 708
f 589 590 710
f 589 710 709
f 590 591 711
f 590 711 710
f 591 592 712
f 591 712 711
f 592 593 713
f 592 713 712
f 593 594 714
f 593 714 713
f 594 595 715
f 594 715 714
f 595 596 716
f 595 716 715
f 596 597 717
f 596 717 716
f 597 598 718
f 597 718 717
f 598 599 719
f 598 719 718
f 599 600 720
f 599 720 719
f 600 601 721
f 600 721 720
f 601 482 602
f 601 602 721
f 602 603 723
f 602 723 722
f 603 604 724
f 603 724 723
f 604 605 725
f 604 725 724
f 605 606 726
f 605 726 725
f 606 607 727
f 606 727 726
f 607 608 728
f 607 728 727
f 608 609 729
f 608 729 728
f 609 610 730
f 609 730 729
f 610 611 731
f 610 731 730
f 611 612 732
f 611 732 731
f 612 613 733
f 612 733 732
f 613 614 734
f 613 734 733
f 614 615 735
f 614 735 734
f 615 616 736
f 615 736 735
f 616 617 737
f 616 737 736
f 617 618 738
f 617 738 737
f 618 619 739
f 618 739 738
f 619 620 740
f 619 740 739
f 620 621 741
f 620 741 740
f 621 622 742
f 621 742 741
f 622 623 743
f 622 743 742
f 623 624 744
f 623 744 743
f 624 625 745
f 624 745 744
f 625 626 746
f 625 746 745
f 626 627 747
f 626 747 746
f 627 628 748
f 627 748 747
f 628 629 749
f 628 749 748
f 629 630 750
f 629 750 749
f 630 631 751
f 630 751 750
f 631 632 752
f 631 752 751
f 632 633 753
f 632 753 752
f 633 634 754
f 633 754 753
f 634 635 755
f 634 755 754
f 635 636 756
f 635 756 755
f 636 637 757
f 636 757 756
f 637 638 758
f 637 758 757
f 638 639 759
f 638 759 758
f 639 640 760
f 639 760 759
f 640 641 761
f 640 761 760
f 641 642 762
f 641 762 761
f 642 643 763
f 642 763 762
f 643 644 764
f 643 764 763
f 644 645 765
f 644 765 764
f 645 646 766
f 645 766 765
f 646 647 767
f 646 767 766
f 647 648 768
f 647 768 767
f 648 649 769
f 648 769 768
f 649 650 770
f 649 770 769
f 650 651 771
f 650 771 770
f 651 652 772
f 651 772 771
f 652 653 773
f 652 773 772
f 653 654 774
f 653 774 773
f 654 655 775
f 654 775 774
f 655 656 776
f 655 776 775
f 656 657 777
f 656 777 776
f 657 658 778
f 657 778 777
f 658 659 779
f 658 779 778
f 659 660 780
f 659 780 779
f 660 661 781
f 660 781 780
f 661 662 782
f 661 782 781
f 662 663 783
f 662 783 782
f 663 664 784
f 663 784 783
f 664 665 785
f 664 785 784
f 665 666 786
f 665 786 785
f 666 667 787
f 666 787 786
f 667 668 788
f 667 788 787
f 668 669 789
f 668 789 788
f 669 670 790
f 669 790 789
f 670 671 791
f 670 791 790
f 671 672 792
f 671 792 791
f 672 673 793
f 672 793 792
f 673 674 794
f 673 794 793
f 674 675 795
f 674 795 794
f 675 676 796
f 675 796 795
f 676 677 797
f 676 797 796
f 677 678 798
f 677 798 797
f 678 679 799
f 678 799 798
f 679 680 800
f 679 800 799
f 680 681 801
f 680 801 800
f 681 682 802
f 681 802 801
f 682 683 803
f 682 803 802
f 683 684 804
f 683 804 803
f 684 685 805
f 684 805 804
f 685 686 806
f 685 806 805
f 686 687 807
f 686 807 806
f 687 688 808
f 687 808 807
f 688 689 809
f 688 809 808
f 689 690 810
f 689 810 809
f 690 691 811
f 690 811 810
f 691 692 812
f 691 812 811
f 692 693 813
f 692 813 812
f 693 694 814
f 693 814 813
f 694 695 815
f 694 815 814
f 695 696 816
f 695 816 815
f 696 697 817
f 696 817 816
f 697 698 818
f 697 818 817
f 698 699 819
f 698 819 818
f 699 700 820
f 699 820 819
f 700 701 821
f 700 821 820
f 701 702 822
f 701 822 821
f 702 703 823
f 702 823 822
f 703 704 824
f 703 824 823
f 704 705 825
f 704 825 824
f 705 706 826
f 705 826 825
f 706 707 827
f 706 827 826
f 707 708 828
f 707 828 827
f 708 709 829
f 708 829 828
f 709 710 830
f 709 830 829
f 710 711 831
f 710 831 830
f 711 712 832
f 711 832 831
f 712 713 833
f 712 833 832
f 713 714 834
f 713 834 833
f 714 715 835
f 714 835 834
f 715 716 836
f 715 836 835
f 716 717 837
f 716 837 836
f 717 718 838
f 717 838 837
f 718 719 839
f 718 839 838
f 719 720 840
f 719 840 839
f 720 721 841
f 720 841 840
f 721 602 722
f 721 722 841
f 722 723 843
f 722 843 842
f 723 724 844
f 723 844 843
f 724 725 845
f 724 845 844
f 725 726 846
f 725 846 845
f 726 727 847
f 726 847 846
f 727 728 848
f 727 848 847
f 728 729 849
f 728 849 848
f 729 730 850
f 729 850 849
f 730 731 851
f 730 851 850
f 731 732 852
f 731 852 851
f 732 733 853
f 732 853 852
f 733 734 854
f 733 854 853
f 734 735 855
f 734 855 854
f 735 736 856
f 735 856 855
f 736 737 857
f 736 857 856
f 737 738 858
f 737 858 857
f 738 739 859
f 738 859 858
f 739 740 860
f 739 860 859
f 740 741 861
f 740 861 860
f 741 742 862
f 741 862 861
f 742 743 863
f 742 863 862
f 743 744 864
f 743 864 863
f 744 745 865
f 744 865 864
f 745 746 866
f 745 866 865
f 746 747 867
f 746 867 866
f 747 748 868
f 747 868 867
f 748 749 869
f 748 869 868
f 749 750 870
f 749 870 869
f 750 751 871
f 750 871 870
f 751 752 872
f 751 872 871
f 752 753 873
f 752 873 872
f 753 754 874
f 753 874 873
f 754 755 875
f 754 875 874
f 755 756 876
f 755 876 875
f 756 757 877
f 756 877 876
f 757 758 878
f 757 878 877
f 758 759 879
f 758 879 878
f 759 760 880
f 759 880 879
f 760 761 881
f 760 881 880
f 761 762 882
f 761 882 881
f 762 763 883
f 762 883 882
f 763 764 884
f 763 884 883
f 764 765 885
f 764 885 884
f 765 766 886
f 765 886 885
f 766 767 887
f 766 887 886
f 767 768 888
f 767 888 887
f 768 769 889
f 768 889 888
f 769 770 890
f 769 890 889
f 770 771 891
f 770 891 890
f 771 772 892
f 771 892 891
f 772 773 893
f 772 893 892
f 773 774 894
f 773 894 893
f 774 775 895
f 774 895 894
f 775 776 896
f 775 896 895
f 776 777 897
f 776 897 896
f 777 778 898
f 777 898 897
f 778 779 899
f 778 899 898
f 779 780 900
f 779 900 899
f 780 781 901
f 780 901 900
f 781 782 902
f 781 902 901
f 782 783 903
f 782 903 902
f 783 784 904
f 783 904 903
f 784 785 905
f 784 905 904
f 785 786 906
f 785 906 905
f 786 787 907
f 786 907 906
f 787 788 908
f 787 908 907
f 788 789 909
f 788 909 908
f 789 790 910
f 789 910 909
f 790 791 911
f 790 911 910
f 791 792 912
f 791 912 911
f 792 793 913
f 792 913 912
f 793 794 914
f 793 914 913
f 794 795 915
f 794 915 914
f 795 796 916
f 795 916 915
f 796 797 917
f 796 917 916
f 797 798 918
f 797 918 917
f 798 799 919
f 798 919 918
f 799 800 920
f 799 920 919
f 800 801 921
f 800 921 920
f 801 802 922
f 801 922 921
f 802 803 923
f 802 923 922
f 803 804 924
f 803 924 923
f 804 805 925
f 804 925 924
f 805 806 926
f 805 926 925
f 806 807 927
f 806 927 926
f 807 808 928
f 807 928 927
f 808 809 929
f 808 929 928
f 809 810 930
f 809 930 929
f 810 811 931
f 810 931 930
f 811 812 932
f 811 932 931
f 812 813 933
f 812 933 932
f 813 814 934
f 813 934 933
f 814 815 935
f 814 935 934
f 815 816 936
f 815 936 935
f 816 817 937
f 816 937 936
f 817 818 938
f 817 938 937
f 818 819 939
f 818 939 938
f 819 820 940
f 819 940 939
f 820 821 941
f 820 941 940
f 821 822 942
f 821 942 941
f 822 823 943
f 822 943 942
f 823 824 944
f 823 944 943
f 824 825 945
f 824 945 944
f 825 826 946
f 825 946 945
f 826 827 947
f 826 947 946
f 827 828 948
f 827 948 947
f 828 829 949
f 828 949 948
f 829 830 950
f 829 950 949
f 830 831 951
f 830 951 950
f 831 832 952
f 831 952 951
f 832 833 953
f 832 953 952
f 833 834 954
f 833 954 953
f 834 835 955
f 834 955 954
f 835 836 956
f 835 956 955
f 836 837 957
f 836 957 956
f 837 838 958
f 837 958 957
f 838 839 959
f 838 959 958
f 839 840 960
f 839 960 959
f 840 841 961
f 840 961 960
f 841 722 842
f 841 842 961
f 842 843 963
f 842 963 962
f 843 844 964
f 843 964 963
f 844 845 965
f 844 965 964
f 845 846 966
f 845 966 965
f 846 847 967
f 846 967 966
f 847 848 968
f 847 968 967
f 848 849 969
f 848 969 968
f 849 850 970
f 849 970 969
f 850 851 971
f 850 971 970
f 851 852 972
f 851 972 971
f 852 853 973
f 852 973 972
f 853 854 974
f 853 974 973
f 854 855 975
f 854 975 974
f 855 856 976
f 855 976 975
f 856 857 977
f 856 977 976
f 857 858 978
f 857 978 977
f 858 859 979
f 858 979 978
f 859 860 980
f 859 980 979
f 860 861 981
f 860 981 980
f 861 862 982
f 861 982 981
f 862 863 983
f 862 983 982
f 863 864 984
f 863 984 983
f 864 865 985
f 864 985 984
f 865 866 986
f 865 986 985
f 866 867 987
f 866 987 986
f 867 868 988
f 867 988 987
f 868 869 989
f 868 989 988
f 869 870 990
f 869 990 989
f 870 871 991
f 870 991 990
f 871 872 992
f 871 992 991
f 872 873 993
f 872 993 992
f 873 874 994
f 873 994 993
f 874 875 995
f 874 995 994
f 875 876 996
f 875 996 995
f 876 877 997
f 876 997 996
f 877 878 998
f 877 998 997
f 878 879 999
f 878 999 998
f 879 880 1000
f 879 1000 999
f 880 881 1001
f 880 1001 1000
f 881 882 1002
f 881 1002 1001
f 882 883 1003
f 882 1003 1002
f 883 884 1004
f 883 1004 1003
f 884 885 1005
f 884 1005 1004
f 885 886 1006
f 885 1006 1005
f 886 887 1007
f 886 1007 1006
f 887 888 1008
f 887 1008 1007
f 888 889 1009
f 888 1009 1008
f 889 890 1010
f 889 1010 1009
f 890 891 1011
f 890 1011 1010
f 891 892 1012
f 891 1012 1011
f 892 893 1013
f 892 1013 1012
f 893 894 1014
f 893 1014 1013
f 894 895 1015
f 894 1015 1014
f 895 896 1016
f 895 1016 1015
f 896 897 1017
f 896 1017 1016
f 897 898 1018
f 897 1018 1017
f 898 899 1019
f 898 1019 1018
f 899 900 1020
f 899 1020 1019
f 900 901 1021
f 900 1021 1020
f 901 902 1022
f 901 1022 1021
f 902 903 1023
f 902 1023 1022
f 903 904 1024
f 903 1024 1023
f 904 905 1025
f 904 1025 1024
f 905 906 1026
f 905 1026 1025
f 906 907 1027
f 906 1027 1026
f 907 908 1028
f 907 1028 1027
f 908 909 1029
f 908 1029 1028
f 909 910 1030
f 909 1030 1029
f 910 911 1031
f 910 1031 1030
f 911 912 1032
f 911 1032 1031
f 912 913 1033
f 912 1033 1032
f 913 914 1034
f 913 1034 1033
f 914 915 1035
f 914 1035 1034
f 915 916 1036
f 915 1036 1035
f 916 917 1037
f 916 1037 1036
f 917 918 1038
f 917 1038 1037
f 918 919 1039
f 918 1039 1038
f 919 920 1040
f 919 1040 1039
f 920 921 1041
f 920 1041 1040
f 921 922 1042
f 921 1042 1041
f 922 923 1043
f 922 1043 1042
f 923 924 1044
f 923 1044 1043
f 924 925 1045
f 924 1045 1044
f 925 926 1046
f 925 1046 1045
f 926 927 1047
f 926 1047 1046
f 927 928 1048
f 927 1048 1047
f 928 929 1049
f 928 1049 1048
f 929 930 1050
f 929 1050 1049
f 930 931 1051
f 930 1051 1050
f 931 932 1052
f 931 1052 1051
f 932 933 1053
f 932 1053 1052
f 933 934 1054
f 933 1054 1053
f 934 935 1055
f 934 1055 1054
f 935 936 1056
f 935 1056 1055
f 936 937 1057
f 936 1057 1056
f 937 938 1058
f 937 1058 1057
f 938 939 1059
f 938 1059 1058
f 939 940 1060
f 939 1060 1059
f 940 941 1061
f 940 1061 1060
f 941 942 1062
f 941 1062 1061
f 942 943 1063
f 942 1063 1062
f 943 944 1064
f 943 1064 1063
f 944 945 1065
f 944 1065 1064
f 945 946 1066
f 945 1066 1065
f 946 947 1067
f 946 1067 1066
f 947 948 1068
f 947 1068 1067
f 948 949 1069
f 948 1069 1068
f 949 950 1070
f 949 1070 1069
f 950 951 1071
f 950 1071 1070
f 951 952 1072
f 951 1072 1071
f 952 953 1073
f 952 1073 1072
f 953 954 1074
f 953 1074 1073
f 954 955 1075
f 954 1075 1074
f 955 956 1076
f 955 1076 1075
f 956 957 1077
f 956 1077 1076
f 957 958 1078
f 957 1078 1077
f 958 959 1079
f 958 1079 1078
f 959 960 1080
f 959 1080 1079
f 960 961 1081
f 960 1081 1080
f 961 842 962
f 961 962 1081
f 962 963 1083
f 962 1083 1082
f 963 964 1084
f 963 1084 1083
f 964 965 1085
f 964 1085 1084
f 965 966 1086
f 965 1086 1085
f 966 967 1087
f 966 1087 1086
f 967 968 1088
f 967 1088 1087
f 968 969 1089
f 968 1089 1088
f 969 970 1090
f 969 1090 1089
f 970 971 1091
f 970 1091 1090
f 971 972 1092
f 971 1092 1091
f 972 973 1093
f 972 1093 1092
f 973 974 1094
f 973 1094 1093
f 974 975 1095
f 974 1095 1094
f 975 976 1096
f 975 1096 1095
f 976 977 1097
f 976 1097 1096
f 977 978 1098
f 977 1098 1097
f 978 979 1099
f 978 1099 1098
f 979 980 1100
f 979 1100 1099
f 980 981 1101
f 980 1101 1100
f 981 982 1102
f 981 1102 1101
f 982 983 1103
f 982 1103 1102
f 983 984 1104
f 983 1104 1103
f 984 985 1105
f 984 1105 1104
f 985 986 1106
f 985 1106 1105
f 986 987 1107
f 986 1107 1106
f 987 988 1108
f 987 1108 1107
f 988 989 1109
f 988 1109 1108
f 989 990 1110
f 989 1110 1109
f 990 991 1111
f 990 1111 1110
f 991 992 1112
f 991 1112 1111
f 992 993 1113
f 992 1113 1112
f 993 994 1114
f 993 1114 1113
f 994 995 1115
f 994 1115 1114
f 995 996 1116
f 995 1116 1115
f 996 997 1117
f 996 1117 1116
f 997 998 1118
f 997 1118 1117
f 998 999 1119
f 998 1119 1118
f 999 1000 1120
f 999 1120 1119
f 1000 1001 1121
f 1000 1121 1120
f 1001 1002 1122
f 1001 1122 1121
f 1002 1003 1123
f 1002 1123 1122
f 1003 1004 1124
f 1003 1124 1123
f 1004 1005 1125
f 1004 1125 1124
f 1005 1006 1126
f 1005 1126 1125
f 1006 1007 1127
f 1006 1127 1126
f 1007 1008 1128
f 1007 1128 1127
f 1008 1009 1129
f 1008 1129 1128
f 1009 1010 1130
f 1009 1130 1129
f 1010 1011 1131
f 1010 1131 1130
f 1011 1012 1132
f 1011 1132 1131
f 1012 1013 1133
f 1012 1133 1132
f 1013 1014 1134
f 1013 1134 1133
f 1014 1015 1135
f 1014 1135 1134
f 1015 1016 1136
f 1015 1136 1135
f 1016 1017 1137
f 1016 1137 1136
f 1017 1018 1138
f 1017 1138 1137
f 1018 1019 1139
f 1018 1139 1138
f 1019 1020 1140
f 1019 1140 1139
f 1020 1021 1141
f 1020 1141 1140
f 1021 1022 1142
f 1021 1142 1141
f 1022 1023 1143
f 1022 1143 1142
f 1023 1024 1144
f 1023 1144 1143
f 1024 1025 1145
f 1024 1145 1144
f 1025 1026 1146
f 1025 1146 1145
f 1026 1027 1147
f 1026 1147 1146
f 1027 1028 1148
f 1027 1148 1147
f 1028 1029 1149
f 1028 1149 1148
f 1029 1030 1150
f 1029 1150 1149
f 1030 1031 1151
f 1030 1151 1150
f 1031 1032 1152
f 1031 1152 1151
f 1032 1033 1153
f 1032 1153 1152
f 1033 1034 1154
f 1033 1154 1153
f 1034 1035 1155
f 1034 1155 1154
f 1035 1036 1156
f 1035 1156 1155
f 1036 1037 1157
f 1036 1157 1156
f 1037 1038 1158
f 1037 1158 1157
f 1038 1039 1159
f 1038 1159 1158
f 1039 1040 1160
f 1039 1160 1159
f 1040 1041 1161
f 1040 1161 1160
f 1041 1042 1162
f 1041 1162 1161
f 1042 1043 1163
f 1042 1163 1162
f 1043 1044 1164
f 1043 1164 1163
f 1044 1045 1165
f 1044 1165 1164
f 1045 1046 1166
f 1045 1166 1165
f 1046 1047 1167
f 1046 1167 1166
f 1047 1048 1168
f 1047 1168 1167
f 1048 1049 1169
f 1048 1169 1168
f 1049 1050 1170
f 1049 1170 1169
f 1050 1051 1171
f 1050 1171 1170
f 1051 1052 1172
f 1051 1172 1171
f 1052 1053 1173
f 1052 1173 1172
f 1053 1054 1174
f 1053 1174 1173
f 1054 1055 1175
f 1054 1175 1174
f 1055 1056 1176
f 1055 1176 1175
f 1056 1057 1177
f 1056 1177 1176
f 1057 1058 1178
f 1057 1178 1177
f 1058 1059 1179
f 1058 1179 1178
f 1059 1060 1180
f 1059 1180 1179
f 1060 1061 1181
f 1060 1181 1180
f 1061 1062 1182
f 1061 1182 1181
f 1062 1063 1183
f 1062 1183 1182
f 1063 1064 1184
f 1063 1184 1183
f 1064 1065 1185
f 1064 1185 1184
f 1065 1066 1186
f 1065 1186 1185
f 1066 1067 1187
f 1066 1187 1186
f 1067 1068 1188
f 1067 1188 1187
f 1068 1069 1189
f 1068 1189 1188
f 1069 1070 1190
f 1069 1190 1189
f 1070 1071 1191
f 1070 1191 1190
f 1071 1072 1192
f 1071 1192 1191
f 1072 1073 1193
f 1072 1193 1192
f 1073 1074 1194
f 1073 1194 1193
f 1074 1075 1195
f 1074 1195 1194
f 1075 1076 1196
f 1075 1196 1195
f 1076 1077 1197
f 1076 1197 1196
f 1077 1078 1198
f 1077 1198 1197
f 1078 1079 1199
f 1078 1199 1198
f 1079 1080 1200
f 1079 1200 1199
f 1080 1081 1201
f 1080 1201 1200
f 1081 962 1082
f 1081 1082 1201
f 1082 1083 1203
f 1082 1203 1202
f 1083 1084 1204
f 1083 1204 1203
f 1084 1085 1205
f 1084 1205 1204
f 1085 1086 1206
f 1085 1206 1205
f 1086 1087 1207
f 1086 1207 1206
f 1087 1088 1208
f 1087 1208 1207
f 1088 1089 1209
f 1088 1209 1208
f 1089 1090 1210
f 1089 1210 1209
f 1090 1091 1211
f 1090 1211 1210
f 1091 1092 1212
f 1091 1212 1211
f 1092 1093 1213
f 1092 1213 1212
f 1093 1094 1214
f 1093 1214 1213
f 1094 1095 1215
f 1094 1215 1214
f 1095 1096 1216
f 1095 1216 1215
f 1096 1097 1217
f 1096 1217 1216
f 1097 1098 1218
f 1097 1218 1217
f 1098 1099 1219
f 1098 1219 1218
f 1099 1100 1220
f 1099 1220 1219
f 1100 1101 1221
f 1100 1221 1220
f 1101 1102 1222
f 1101 1222 1221
f 1102 1103 1223
f 1102 1223 1222
f 1103 1104 1224
f 1103 1224 1223
f 1104 1105 1225
f 1104 1225 1224
f 1105 1106 1226
f 1105 1226 1225
f 1106 1107 1227
f 1106 1227 1226
f 1107 1108 1228
f 1107 1228 1227
f 1108 1109 1229
f 1108 1229 1228
f 1109 1110 1230
f 1109 1230 1229
f 1110 1111 1231
f 1110 1231 1230
f 1111 1112 1232
f 1111 1232 1231
f 1112 1113 1233
f 1112 1233 1232
f 1113 1114 1234
f 1113 1234 1233
f 1114 1115 1235
f 1114 1235 1234
f 1115 1116 1236
f 1115 1236 1235
f 1116 1117 1237
f 1116 1237 1236
f 1117 1118 1238
f 1117 1238 1237
f 1118 1119 1239
f 1118 1239 1238
f 1119 1120 1240
f 1119 1240 1239
f 1120 1121 1241
f 1120 1241 1240
f 1121 1122 1242
f 1121 1242 1241
f 1122 1123 1243
f 1122 1243 1242
f 1123 1124 1244
f 1123 1244 1243
f 1124 1125 1245
f 1124 1245 1244
f 1125 1126 1246
f 1125 1246 1245
f 1126 1127 1247
f 1126 1247 1246
f 1127 1128 1248
f 1127 1248 1247
f 1128 1129 1249
f 1128 1249 1248
f 1129 1130 1250
f 1129 1250 1249
f 1130 1131 1251
f 1130 1251 1250
f 1131 1132 1252
f 1131 1252 1251
f 1132 1133 1253
f 1132 1253 1252
f 1133 1134 1254
f 1133 1254 1253
f 1134 1135 1255
f 1134 1255 1254
f 1135 1136 1256
f 1135 1256 1255
f 1136 1137 1257
f 1136 1257 1256
f 1137 1138 1258
f 1137 1258 1257
f 1138 1139 1259
f 1138 1259 1258
f 1139 1140 1260
f 1139 1260 1259
f 1140 1141 1261
f 1140 1261 1260
f 1141 1142 1262
f 1141 1262 1261
f 1142 1143 1263
f 1142 1263 1262
f 1143 1144 1264
f 1143 1264 1263
f 1144 1145 1265
f 1144 1265 1264
f 1145 1146 1266
f 1145 1266 1265
f 1146 1147 1267
f 1146 1267 1266
f 1147 1148 1268
f 1147 1268 1267
f 1148 1149 1269
f 1148 1269 1268
f 1149 1150 1270
f 1149 1270 1269
f 1150 1151 1271
f 1150 1271 1270
f 1151 1152 1272
f 1151 1272 1271
f 1152 1153 1273
f 1152 1273 1272
f 1153 1154 1274
f 1153 1274 1273
f 1154 1155 1275
f 1154 1275 1274
f 1155 1156 1276
f 1155 1276 1275
f 1156 1157 1277
f 1156 1277 1276
f 1157 1158 1278
f 1157 1278 1277
f 1158 1159 1279
f 1158 1279 1278
f 1159 1160 1280
f 1159 1280 1279
f 1160 1161 1281
f 1160 1281 1280
f 1161 1162 1282
f 1161 1282 1281
f 1162 1163 1283
f 1162 1283 1282
f 1163 1164 1284
f 1163 1284 1283
f 1164 1165 1285
f 1164 1285 1284
f 1165 1166 1286
f 1165 1286 1285
f 1166 1167 1287
f 1166 1287 1286
f 1167 1168 1288
f 1167 1288 1287
f 1168 1169 1289
f 1168 1289 1288
f 1169 1170 1290
f 1169 1290 1289
f 1170 1171 1291
f 1170 1291 1290
f 1171 1172 1292
f 1171 1292 1291
f 1172 1173 1293
f 1172 1293 1292
f 1173 1174 1294
f 1173 1294 1293
f 1174 1175 1295
f 1174 1295 1294
f 1175 1176 1296
f 1175 1296 1295
f 1176 1177 1297
f 1176 1297 1296
f 1177 1178 1298
f 1177 1298 1297
f 1178 1179 1299
f 1178 1299 1298
f 1179 1180 1300
f 1179 1300 1299
f 1180 1181 1301
f 1180 1301 1300
f 1181 1182 1302
f 1181 1302 1301
f 1182 1183 1303
f 1182 1303 1302
f 1183 1184 1304
f 1183 1304 1303
f 1184 1185 1305
f 1184 1305 1304
f 1185 1186 1306
f 1185 1306 1305
f 1186 1187 1307
f 1186 1307 1306
f 1187 1188 1308
f 1187 1308 1307
f 1188 1189 1309
f 1188 1309 1308
f 1189 1190 1310
f 1189 1310 1309
f 1190 1191 1311
f 1190 1311 1310
f 1191 1192 1312
f 1191 1312 1311
f 1192 1193 1313
f 1192 1313 1312
f 1193 1194 1314
f 1193 1314 1313
f 1194 1195 1315
f 1194 1315 1314
f 1195 1196 1316
f 1195 1316 1315
f 1196 1197 1317
f 1196 1317 1316
f 1197 1198 1318
f 1197 1318 1317
f 1198 1199 1319
f 1198 1319 1318
f 1199 1200 1320
f 1199 1320 1319
f 1200 1201 1321
f 1200 1321 1320
f 1201 1082 1202
f 1201 1202 1321
f 1202 1203 1323
f 1202 1323 1322
f 1203 1204 1324
f 1203 1324 1323
f 1204 1205 1325
f 1204 1325 1324
f 1205 1206 1326
f 1205 1326 1325
f 1206 1207 1327
f 1206 1327 1326
f 1207 1208 1328
f 1207 1328 1327
f 1208 1209 1329
f 1208 1329 1328
f 1209 1210 1330
f 1209 1330 1329
f 1210 1211 1331
f 1210 1331 1330
f 1211 1212 1332
f 1211 1332 1331
f 1212 1213 1333
f 1212 1333 1332
f 1213 1214 1334
f 1213 1334 1333
f 1214 1215 1335
f 1214 1335 1334
f 1215 1216 1336
f 1215 1336 1335
f 1216 1217 1337
f 1216 1337 1336
f 1217 1218 1338
f 1217 1338 1337
f 1218 1219 1339
f 1218 1339 1338
f 1219 1220 1340
f 1219 1340 1339
f 1220 1221 1341
f 1220 1341 1340
f 1221 1222 1342
f 1221 1342 1341
f 1222 1223 1343
f 1222 1343 1342
f 1223 1224 1344
f 1223 1344 1343
f 1224 1225 1345
f 1224 1345 1344
f 1225 1226 1346
f 1225 1346 1345
f 1226 1227 1347
f 1226 1347 1346
f 1227 1228 1348
f 1227 1348 1347
f 1228 1229 1349
f 1228 1349 1348
f 1229 1230 1350
f 1229 1350 1349
f 1230 1231 1351
f 1230 1351 1350
f 1231 1232 1352
f 1231 1352 1351
f 1232 1233 1353
f 1232 1353 1352
f 1233 1234 1354
f 1233 1354 1353
f 1234 1235 1355
f 1234 1355 1354
f 1235 1236 1356
f 1235 1356 1355
f 1236 1237 1357
f 1236 1357 1356
f 1237 1238 1358
f 1237 1358 1357
f 1238 1239 1359
f 1238 1359 1358
f 1239 1240 1360
f 1239 1360 1359
f 1240 1241 1361
f 1240 1361 1360
f 1241 1242 1362
f 1241 1362 1361
f 1242 1243 1363
f 1242 1363 1362
f 1243 1244 1364
f 1243 1364 1363
f 1244 1245 1365
f 1244 1365 1364
f 1245 1246 1366
f 1245 1366 1365
f 1246 1247 1367
f 1246 1367 1366
f 1247 1248 1368
f 1247 1368 1367
f 1248 1249 1369
f 1248 1369 1368
f 1249 1250 1370
f 1249 1370 1369
f 1250 1251 1371
f 1250 1371 1370
f 1251 1252 1372
f 1251 1372 1371
f 1252 1253 1373
f 1252 1373 1372
f 1253 1254 1374
f 1253 1374 1373
f 1254 1255 1375
f 1254 1375 1374
f 1255 1256 1376
f 1255 1376 1375
f 1256 1257 1377
f 1256 1377 1376
f 1257 1258 1378
f 1257 1378 1377
f 1258 1259 1379
f 1258 1379 1378
f 1259 1260 1380
f 1259 1380 1379
f 1260 1261 1381
f 1260 1381 1380
f 1261 1262 1382
f 1261 1382 1381
f 1262 1263 1383
f 1262 1383 1382
f 1263 1264 1384
f 1263 1384 1383
f 1264 1265 1385
f 1264 1385 1384
f 1265 1266 1386
f 1265 1386 1385
f 1266 1267 1387
f 1266 1387 1386
f 1267 1268 1388
f 1267 1388 1387
f 1268 1269 1389
f 1268 1389 1388
f 1269 1270 1390
f 1269 1390 1389
f 1270 1271 1391
f 1270 1391 1390
f 1271 1272 1392
f 1271 1392 1391
f 1272 1273 1393
f 1272 1393 1392
f 1273 1274 1394
f 1273 1394 1393
f 1274 1275 1395
f 1274 1395 1394
f 1275 1276 1396
f 1275 1396 1395
f 1276 1277 1397
f 1276 1397 1396
f 1277 1278 1398
f 1277 1398 1397
f 1278 1279 1399
f 1278 1399 1398
f 1279 1280 1400
f 1279 1400 1399
f 1280 1281 1401
f 1280 1401 1400
f 1281 1282 1402
f 1281 1402 1401
f 1282 1283 1403
f 1282 1403 1402
f 1283 1284 1404
f 1283 1404 1403
f 1284 1285 1405
f 1284 1405 1404
f 1285 1286 1406
f 1285 1406 1405
f 1286 1287 1407
f 1286 1407 1406
f 1287 1288 1408
f 1287 1408 1407
f 1288 1289 1409
f 1288 1409 1408
f 1289 1290 1410
f 1289 1410 1409
f 1290 1291 1411
f 1290 1411 1410
f 1291 1292 1412
f 1291 1412 1411
f 1292 1293 1413
f 1292 1413 1412
f 1293 1294 1414
f 1293 1414 1413
f 1294 1295 1415
f 1294 1415 1414
f 1295 1296 1416
f 1295 1416 1415
f 1296 1297 1417
f 1296 1417 1416
f 1297 1298 1418
f 1297 1418 1417
f 1298 1299 1419
f 1298 1419 1418
f 1299 1300 1420
f 1299 1420 1419
f 1300 1301 1421
f 1300 1421 1420
f 1301 1302 1422
f 1301 1422 1421
f 1302 1303 1423
f 1302 1423 1422
f 1303 1304 1424
f 1303 1424 1423
f 1304 1305 1425
f 1304 1425 1424
f 1305 1306 1426
f 1305 1426 1425
f 1306 1307 1427
f 1306 1427 1426
f 1307 1308 1428
f 1307 1428 1427
f 1308 1309 1429
f 1308 1429 1428
f 1309 1310 1430
f 1309 1430 1429
f 1310 1311 1431
f 1310 1431 1430
f 1311 1312 1432
f 1311 1432 1431
f 1312 1313 1433
f 1312 1433 1432
f 1313 1314 1434
f 1313 1434 1433
f 1314 1315 1435
f 1314 1435 1434
f 1315 1316 1436
f 1315 1436 1435
f 1316 1317 1437
f 1316 1437 1436
f 1317 1318 1438
f 1317 1438 1437
f 1318 1319 1439
f 1318 1439 1438
f 1319 1320 1440
f 1319 1440 1439
f 1320 1321 1441
f 1320 1441 1440
f 1321 1202 1322
f 1321 1322 1441
f 1322 1323 1443
f 1322 1443 1442
f 1323 1324 1444
f 1323 1444 1443
f 1324 1325 1445
f 1324 1445 1444
f 1325 1326 1446
f 1325 1446 1445
f 1326 1327 1447
f 1326 1447 1446
f 1327 1328 1448
f 1327 1448 1447
f 1328 1329 1449
f 1328 1449 1448
f 1329 1330 1450
f 1329 1450 1449
f 1330 1331 1451
f 1330 1451 1450
f 1331 1332 1452
f 1331 1452 1451
f 1332 1333 1453
f 1332 1453 1452
f 1333 1334 1454
f 1333 1454 1453
f 1334 1335 1455
f 1334 1455 1454
f 1335 1336 1456
f 1335 1456 1455
f 1336 1337 1457
f 1336 1457 1456
f 1337 1338 1458
f 1337 1458 1457
f 1338 1339 1459
f 1338 1459 1458
f 1339 1340 1460
f 1339 1460 1459
f 1340 1341 1461
f 1340 1461 1460
f 1341 1342 1462
f 1341 1462 1461
f 1342 1343 1463
f 1342 1463 1462
f 1343 1344 1464
f 1343 1464 1463
f 1344 1345 1465
f 1344 1465 1464
f 1345 1346 1466
f 1345 1466 1465
f 1346 1347 1467
f 1346 1467 1466
f 1347 1348 1468
f 1347 1468 1467
f 1348 1349 1469
f 1348 1469 1468
f 1349 1350 1470
f 1349 1470 1469
f 1350 1351 1471
f 1350 1471 1470
f 1351 1352 1472
f 1351 1472 1471
f 1352 1353 1473
f 1352 1473 1472
f 1353 1354 1474
f 1353 1474 1473
f 1354 1355 1475
f 1354 1475 1474
f 1355 1356 1476
f 1355 1476 1475
f 1356 1357 1477
f 1356 1477 1476
f 1357 1358 1478
f 1357 1478 1477
f 1358 1359 1479
f 1358 1479 1478
f 1359 1360 1480
f 1359 1480 1479
f 1360 1361 1481
f 1360 1481 1480
f 1361 1362 1482
f 1361 1482 1481
f 1362 1363 1483
f 1362 1483 1482
f 1363 1364 1484
f 1363 1484 1483
f 1364 1365 1485
f 1364 1485 1484
f 1365 1366 1486
f 1365 1486 1485
f 1366 1367 1487
f 1366 1487 1486
f 1367 1368 1488
f 1367 1488 1487
f 1368 1369 1489
f 1368 1489 1488
f 1369 1370 1490
f 1369 1490 1489
f 1370 1371 1491
f 1370 1491 1490
f 1371 1372 1492
f 1371 1492 1491
f 1372 1373 1493
f 1372 1493 1492
f 1373 1374 1494
f 1373 1494 1493
f 1374 1375 1495
f 1374 1495 1494
f 1375 1376 1496
f 1375 1496 1495
f 1376 1377 1497
f 1376 1497 1496
f 1377 1378 1498
f 1377 1498 1497
f 1378 1379 1499
f 1378 1499 1498
f 1379 1380 1500
f 1379 1500 1499
f 1380 1381 1501
f 1380 1501 1500
f 1381 1382 1502
f 1381 1502 1501
f 1382 1383 1503
f 1382 1503 1502
f 1383 1384 1504
f 1383 1504 1503
f 1384 1385 1505
f 1384 1505 1504
f 1385 1386 1506
f 1385 1506 1505
f 1386 1387 1507
f 1386 1507 1506
f 1387 1388 1508
f 1387 1508 1507
f 1388 1389 1509
f 1388 1509 1508
f 1389 1390 1510
f 1389 1510 1509
f 1390 1391 1511
f 1390 1511 1510
f 1391 1392 1512
f 1391 1512 1511
f 1392 1393 1513
f 1392 1513 1512
f 1393 1394 1514
f 1393 1514 1513
f 1394 1395 1515
f 1394 1515 1514
f 1395 1396 1516
f 1395 1516 1515
f 1396 1397 1517
f 1396 1517 1516
f 1397 1398 1518
f 1397 1518 1517
f 1398 1399 1519
f 1398 1519 1518
f 1399 1400 1520
f 1399 1520 1519
f 1400 1401 1521
f 1400 1521 1520
f 1401 1402 1522
f 1401 1522 1521
f 1402 1403 1523
f 1402 1523 1522
f 1403 1404 1524
f 1403 1524 1523
f 1404 1405 1525
f 1404 1525 1524
f 1405 1406 1526
f 1405 1526 1525
f 1406 1407 1527
f 1406 1527 1526
f 1407 1408 1528
f 1407 1528 1527
f 1408 1409 1529
f 1408 1529 1528
f 1409 1410 1530
f 1409 1530 1529
f 1410 1411 1531
f 1410 1531 1530
f 1411 1412 1532
f 1411 1532 1531
f 1412 1413 1533
f 1412 1533 1532
f 1413 1414 1534
f 1413 1534 1533
f 1414 1415 1535
f 1414 1535 1534
f 1415 1416 1536
f 1415 1536 1535
f 1416 1417 1537
f 1416 1537 1536
f 1417 1418 1538
f 1417 1538 1537
f 1418 1419 1539
f 1418 1539 1538
f 1419 1420 1540
f 1419 1540 1539
f 1420 1421 1541
f 1420 1541 1540
f 1421 1422 1542
f 1421 1542 1541
f 1422 1423 1543
f 1422 1543 1542
f 1423 1424 1544
f 1423 1544 1543
f 1424 1425 1545
f 1424 1545 1544
f 1425 1426 1546
f 1425 1546 1545
f 1426 1427 1547
f 1426 1547 1546
f 1427 1428 1548
f 1427 1548 1547
f 1428 1429 1549
f 1428 1549 1548
f 1429 1430 1550
f 1429 1550 1549
f 1430 1431 1551
f 1430 1551 1550
f 1431 1432 1552
f 1431 1552 1551
f 1432 1433 1553
f 1432 1553 1552
f 1433 1434 1554
f 1433 1554 1553
f 1434 1435 1555
f 1434 1555 1554
f 1435 1436 1556
f 1435 1556 1555
f 1436 1437 1557
f 1436 1557 1556
f 1437 1438 1558
f 1437 1558 1557
f 1438 1439 1559
f 1438 1559 1558
f 1439 1440 1560
f 1439 1560 1559
f 1440 1441 1561
f 1440 1561 1560
f 1441 1322 1442
f 1441 1442 1561
f 1442 1443 1563
f 1442 1563 1562
f 1443 1444 1564
f 1443 1564 1563
f 1444 1445 1565
f 1444 1565 1564
f 1445 1446 1566
f 1445 1566 1565
f 1446 1447 1567
f 1446 1567 1566
f 1447 1448 1568
f 1447 1568 1567
f 1448 1449 1569
f 1448 1569 1568
f 1449 1450 1570
f 1449 1570 1569
f 1450 1451 1571
f 1450 1571 1570
f 1451 1452 1572
f 1451 1572 1571
f 1452 1453 1573
f 1452 1573 1572
f 1453 1454 1574
f 1453 1574 1573
f 1454 1455 1575
f 1454 1575 1574
f 1455 1456 1576
f 1455 1576 1575
f 1456 1457 1577
f 1456 1577 1576
f 1457 1458 1578
f 1457 1578 1577
f 1458 1459 1579
f 1458 1579 1578
f 1459 1460 1580
f 1459 1580 1579
f 1460 1461 1581
f 1460 1581 1580
f 1461 1462 1582
f 1461 1582 1581
f 1462 1463 1583
f 1462 1583 1582
f 1463 1464 1584
f 1463 1584 1583
f 1464 1465 1585
f 1464 1585 1584
f 1465 1466 1586
f 1465 1586 1585
f 1466 1467 1587
f 1466 1587 1586
f 1467 1468 1588
f 1467 1588 1587
f 1468 1469 1589
f 1468 1589 1588
f 1469 1470 1590
f 1469 1590 1589
f 1470 1471 1591
f 1470 1591 1590
f 1471 1472 1592
f 1471 1592 1591
f 1472 1473 1593
f 1472 1593 1592
f 1473 1474 1594
f 1473 1594 1593
f 1474 1475 1595
f 1474 1595 1594
f 1475 1476 1596
f 1475 1596 1595
f 1476 1477 1597
f 1476 1597 1596
f 1477 1478 1598
f 1477 1598 1597
f 1478 1479 1599
f 1478 1599 1598
f 1479 1480 1600
f 1479 1600 1599
f 1480 1481 1601
f 1480 1601 1600
f 1481 1482 1602
f 1481 1602 1601
f 1482 1483 1603
f 1482 1603 1602
f 1483 1484 1604
f 1483 1604 1603
f 1484 1485 1605
f 1484 1605 1604
f 1485 1486 1606
f 1485 1606 1605
f 1486 1487 1607
f 1486 1607 1606
f 1487 1488 1608
f 1487 1608 1607
f 1488 1489 1609
f 1488 1609 1608
f 1489 1490 1610
f 1489 1610 1609
f 1490 1491 1611
f 1490 1611 1610
f 1491 1492 1612
f 1491 1612 1611
f 1492 1493 1613
f 1492 1613 1612
f 1493 1494 1614
f 1493 1614 1613
f 1494 1495 1615
f 1494 1615 1614
f 1495 1496 1616
f 1495 1616 1615
f 1496 1497 1617
f 1496 1617 1616
f 1497 1498 1618
f 1497 1618 1617
f 1498 1499 1619
f 1498 1619 1618
f 1499 1500 1620
f 1499 1620 1619
f 1500 1501 1621
f 1500 1621 1620
f 1501 1502 1622
f 1501 1622 1621
f 1502 1503 1623
f 1502 1623 1622
f 1503 1504 1624
f 1503 1624 1623
f 1504 1505 1625
f 1504 1625 1624
f 1505 1506 1626
f 1505 1626 1625
f 1506 1507 1627
f 1506 1627 1626
f 1507 1508 1628
f 1507 1628 1627
f 1508 1509 1629
f 1508 1629 1628
f 1509 1510 1630
f 1509 1630 1629
f 1510 1511 1631
f 1510 1631 1630
f 1511 1512 1632
f 1511 1632 1631
f 1512 1513 1633
f 1512 1633 1632
f 1513 1514 1634
f 1513 1634 1633
f 1514 1515 1635
f 1514 1635 1634
f 1515 1516 1636
f 1515 1636 1635
f 1516 1517 1637
f 1516 1637 1636
f 1517 1518 1638
f 1517 1638 1637
f 1518 1519 1639
f 1518 1639 1638
f 1519 1520 1640
f 1519 1640 1639
f 1520 1521 1641
f 1520 1641 1640
f 1521 1522 1642
f 1521 1642 1641
f 1522 1523 1643
f 1522 1643 1642
f 1523 1524 1644
f 1523 1644 1643
f 1524 1525 1645
f 1524 1645 1644
f 1525 1526 1646
f 1525 1646 1645
f 1526 1527 1647
f 1526 1647 1646
f 1527 1528 1648
f 1527 1648 1647
f 1528 1529 1649
f 1528 1649 1648
f 1529 1530 1650
f 1529 1650 1649
f 1530 1531 1651
f 1530 1651 1650
f 1531 1532 1652
f 1531 1652 1651
f 1532 1533 1653
f 1532 1653 1652
f 1533 1534 1654
f 1533 1654 1653
f 1534 1535 1655
f 1534 1655 1654
f 1535 1536 1656
f 1535 1656 1655
f 1536 1537 1657
f 1536 1657 1656
f 1537 1538 1658
f 1537 1658 1657
f 1538 1539 1659
f 1538 1659 1658
f 1539 1540 1660
f 1539 1660 1659
f 1540 1541 1661
f 1540 1661 1660
f 1541 1542 1662
f 1541 1662 1661
f 1542 1543 1663
f 1542 1663 1662
f 1543 1544 1664
f 1543 1664 1663
f 1544 1545 1665
f 1544 1665 1664
f 1545 1546 1666
f 1545 1666 1665
f 1546 1547 1667
f 1546 1667 1666
f 1547 1548 1668
f 1547 1668 1667
f 1548 1549 1669
f 1548 1669 1668
f 1549 1550 1670
f 1549 1670 1669
f 1550 1551 1671
f 1550 1671 1670
f 1551 1552 1672
f 1551 1672 1671
f 1552 1553 1673
f 1552 1673 1672
f 1553 1554 1674
f 1553 1674 1673
f 1554 1555 1675
f 1554 1675 1674
f 1555 1556 1676
f 1555 1676 1675
f 1556 1557 1677
f 1556 1677 1676
f 1557 1558 1678
f 1557 1678 1677
f 1558 1559 1679
f 1558 1679 1678
f 1559 1560 1680
f 1559 1680 1679
f 1560 1561 1681
f 1560 1681 1680
f 1561 1442 1562
f 1561 1562 1681
f 1562 1563 1683
f 1562 1683 1682
f 1563 1564 1684
f 1563 1684 1683
f 1564 1565 1685
f 1564 1685 1684
f 1565 1566 1686
f 1565 1686 1685
f 1566 1567 1687
f 1566 1687 1686
f 1567 1568 1688
f 1567 1688 1687
f 1568 1569 1689
f 1568 1689 1688
f 1569 1570 1690
f 1569 1690 1689
f 1570 1571 1691
f 1570 1691 1690
f 1571 1572 1692
f 1571 1692 1691
f 1572 1573 1693
f 1572 1693 1692
f 1573 1574 1694
f 1573 1694 1693
f 1574 1575 1695
f 1574 1695 1694
f 1575 1576 1696
f 1575 1696 1695
f 1576 1577 1697
f 1576 1697 1696
f 1577 1578 1698
f 1577 1698 1697
f 1578 1579 1699
f 1578 1699 1698
f 1579 1580 1700
f 1579 1700 1699
f 1580 1581 1701
f 1580 1701 1700
f 1581 1582 1702
f 1581 1702 1701
f 1582 1583 1703
f 1582 1703 1702
f 1583 1584 1704
f 1583 1704 1703
f 1584 1585 1705
f 1584 1705 1704
f 1585 1586 1706
f 1585 1706 1705
f 1586 1587 1707
f 1586 1707 1706
f 1587 1588 1708
f 1587 1708 1707
f 1588 1589 1709
f 1588 1709 1708
f 1589 1590 1710
f 1589 1710 1709
f 1590 1591 1711
f 1590 1711 1710
f 1591 1592 1712
f 1591 1712 1711
f 1592 1593 1713
f 1592 1713 1712
f 1593 1594 1714
f 1593 1714 1713
f 1594 1595 1715
f 1594 1715 1714
f 1595 1596 1716
f 1595 1716 1715
f 1596 1597 1717
f 1596 1717 1716
f 1597 1598 1718
f 1597 1718 1717
f 1598 1599 1719
f 1598 1719 1718
f 1599 1600 1720
f 1599 1720 1719
f 1600 1601 1721
f 1600 1721 1720
f 1601 1602 1722
f 1601 1722 1721
f 1602 1603 1723
f 1602 1723 1722
f 1603 1604 1724
f 1603 1724 1723
f 1604 1605 1725
f 1604 1725 1724
f 1605 1606 1726
f 1605 1726 1725
f 1606 1607 1727
f 1606 1727 1726
f 1607 1608 1728
f 1607 1728 1727
f 1608 1609 1729
f 1608 1729 1728
f 1609 1610 1730
f 1609 1730 1729
f 1610 1611 1731
f 1610 1731 1730
f 1611 1612 1732
f 1611 1732 1731
f 1612 1613 1733
f 1612 1733 1732
f 1613 1614 1734
f 1613 1734 1733
f 1614 1615 1735
f 1614 1735 1734
f 1615 1616 1736
f 1615 1736 1735
f 1616 1617 1737
f 1616 1737 1736
f 1617 1618 1738
f 1617 1738 1737
f 1618 1619 1739
f 1618 1739 1738
f 1619 1620 1740
f 1619 1740 1739
f 1620 1621 1741
f 1620 1741 1740
f 1621 1622 1742
f 1621 1742 1741
f 1622 1623 1743
f 1622 1743 1742
f 1623 1624 1744
f 1623 1744 1743
f 1624 1625 1745
f 1624 1745 1744
f 1625 1626 1746
f 1625 1746 1745
f 1626 1627 1747
f 1626 1747 1746
f 1627 1628 1748
f 1627 1748 1747
f 1628 1629 1749
f 1628 1749 1748
f 1629 1630 1750
f 1629 1750 1749
f 1630 1631 1751
f 1630 1751 1750
f 1631 1632 1752
f 1631 1752 1751
f 1632 1633 1753
f 1632 1753 1752
f 1633 1634 1754
f 1633 1754 1753
f 1634 1635 1755
f 1634 1755 1754
f 1635 1636 1756
f 1635 1756 1755
f 1636 1637 1757
f 1636 1757 1756
f 1637 1638 1758
f 1637 1758 1757
f 1638 1639 1759
f 1638 1759 1758
f 1639 1640 1760
f 1639 1760 1759
f 1640 1641 1761
f 1640 1761 1760
f 1641 1642 1762
f 1641 1762 1761
f 1642 1643 1763
f 1642 1763 1762
f 1643 1644 1764
f 1643 1764 1763
f 1644 1645 1765
f 1644 1765 1764
f 1645 1646 1766
f 1645 1766 1765
f 1646 1647 1767
f 1646 1767 1766
f 1647 1648 1768
f 1647 1768 1767
f 1648 1649 1769
f 1648 1769 1768
f 1649 1650 1770
f 1649 1770 1769
f 1650 1651 1771
f 1650 1771 1770
f 1651 1652 1772
f 1651 1772 1771
f 1652 1653 1773
f 1652 1773 1772
f 1653 1654 1774
f 1653 1774 1773
f 1654 1655 1775
f 1654 1775 1774
f 1655 1656 1776
f 1655 1776 1775
f 1656 1657 1777
f 1656 1777 1776
f 1657 1658 1778
f 1657 1778 1777
f 1658 1659 1779
f 1658 1779 1778
f 1659 1660 1780
f 1659 1780 1779
f 1660 1661 1781
f 1660 1781 1780
f 1661 1662 1782
f 1661 1782 1781
f 1662 1663 1783
f 1662 1783 1782
f 1663 1664 1784
f 1663 1784 1783
f 1664 1665 1785
f 1664 1785 1784
f 1665 1666 1786
f 1665 1786 1785
f 1666 1667 1787
f 1666 1787 1786
f 1667 1668 1788
f 1667 1788 1787
f 1668 1669 1789
f 1668 1789 1788
f 1669 1670 1790
f 1669 1790 1789
f 1670 1671 1791
f 1670 1791 1790
f 1671 1672 1792
f 1671 1792 1791
f 1672 1673 1793
f 1672 1793 1792
f 1673 1674 1794
f 1673 1794 1793
f 1674 1675 1795
f 1674 1795 1794
f 1675 1676 1796
f 1675 1796 1795
f 1676 1677 1797
f 1676 1797 1796
f 1677 1678 1798
f 1677 1798 1797
f 1678 1679 1799
f 1678 1799 1798
f 1679 1680 1800
f 1679 1800 1799
f 1680 1681 1801
f 1680 1801 1800
f 1681 1562 1682
f 1681 1682 1801
f 1682 1683 1803
f 1682 1803 1802
f 1683 1684 1804
f 1683 1804 1803
f 1684 1685 1805
f 1684 1805 1804
f 1685 1686 1806
f 1685 1806 1805
f 1686 1687 1807
f 1686 1807 1806
f 1687 1688 1808
f 1687 1808 1807
f 1688 1689 1809
f 1688 1809 1808
f 1689 1690 1810
f 1689 1810 1809
f 1690 1691 1811
f 1690 1811 1810
f 1691 1692 1812
f 1691 1812 1811
f 1692 1693 1813
f 1692 1813 1812
f 1693 1694 1814
f 1693 1814 1813
f 1694 1695 1815
f 1694 1815 1814
f 1695 1696 1816
f 1695 1816 1815
f 1696 1697 1817
f 1696 1817 1816
f 1697 1698 1818
f 1697 1818 1817
f 1698 1699 1819
f 1698 1819 1818
f 1699 1700 1820
f 1699 1820 1819
f 1700 1701 1821
f 1700 1821 1820
f 1701 1702 1822
f 1701 1822 1821
f 1702 1703 1823
f 1702 1823 1822
f 1703 1704 1824
f 1703 1824 1823
f 1704 1705 1825
f 1704 1825 1824
f 1705 1706 1826
f 1705 1826 1825
f 1706 1707 1827
f 1706 1827 1826
f 1707 1708 1828
f 1707 1828 1827
f 1708 1709 1829
f 1708 1829 1828
f 1709 1710 1830
f 1709 1830 1829
f 1710 1711 1831
f 1710 1831 1830
f 1711 1712 1832
f 1711 1832 1831
f 1712 1713 1833
f 1712 1833 1832
f 1713 1714 1834
f 1713 1834 1833
f 1714 1715 1835
f 1714 1835 1834
f 1715 1716 1836
f 1715 1836 1835
f 1716 1717 1837
f 1716 1837 1836
f 1717 1718 1838
f 1717 1838 1837
f 1718 1719 1839
f 1718 1839 1838
f 1719 1720 1840
f 1719 1840 1839
f 1720 1721 1841
f 1720 1841 1840
f 1721 1722 1842
f 1721 1842 1841
f 1722 1723 1843
f 1722 1843 1842
f 1723 1724 1844
f 1723 1844 1843
f 1724 1725 1845
f 1724 1845 1844
f 1725 1726 1846
f 1725 1846 1845
f 1726 1727 1847
f 1726 1847 1846
f 1727 1728 1848
f 1727 1848 1847
f 1728 1729 1849
f 1728 1849 1848
f 1729 1730 1850
f 1729 1850 1849
f 1730 1731 1851
f 1730 1851 1850
f 1731 1732 1852
f 1731 1852 1851
f 1732 1733 1853
f 1732 1853 1852
f 1733 1734 1854
f 1733 1854 1853
f 1734 1735 1855
f 1734 1855 1854
f 1735 1736 1856
f 1735 1856 1855
f 1736 1737 1857
f 1736 1857 1856
f 1737 1738 1858
f 1737 1858 1857
f 1738 1739 1859
f 1738 1859 1858
f 1739 1740 1860
f 1739 1860 1859
f 1740 1741 1861
f 1740 1861 1860
f 1741 1742 1862
f 1741 1862 1861
f 1742 1743 1863
f 1742 1863 1862
f 1743 1744 1864
f 1743 1864 1863
f 1744 1745 1865
f 1744 1865 1864
f 1745 1746 1866
f 1745 1866 1865
f 1746 1747 1867
f 1746 1867 1866
f 1747 1748 1868
f 1747 1868 1867
f 1748 1749 1869
f 1748 1869 1868
f 1749 1750 1870
f 1749 1870 1869
f 1750 1751 1871
f 1750 1871 1870
f 1751 1752 1872
f 1751 1872 1871
f 1752 1753 1873
f 1752 1873 1872
f 1753 1754 1874
f 1753 1874 1873
f 1754 1755 1875
f 1754 1875 1874
f 1755 1756 1876
f 1755 1876 1875
f 1756 1757 1877
f 1756 1877 1876
f 1757 1758 1878
f 1757 1878 1877
f 1758 1759 1879
f 1758 1879 1878
f 1759 1760 1880
f 1759 1880 1879
f 1760 1761 1881
f 1760 1881 1880
f 1761 1762 1882
f 1761 1882 1881
f 1762 1763 1883
f 1762 1883 1882
f 1763 1764 1884
f 1763 1884 1883
f 1764 1765 1885
f 1764 1885 1884
f 1765 1766 1886
f 1765 1886 1885
f 1766 1767 1887
f 1766 1887 1886
f 1767 1768 1888
f 1767 1888 1887
f 1768 1769 1889
f 1768 1889 1888
f 1769 1770 1890
f 1769 1890 1889
f 1770 1771 1891
f 1770 1891 1890
f 1771 1772 1892
f 1771 1892 1891
f 1772 1773 1893
f 1772 1893 1892
f 1773 1774 1894
f 1773 1894 1893
f 1774 1775 1895
f 1774 1895 1894
f 1775 1776 1896
f 1775 1896 1895
f 1776 1777 1897
f 1776 1897 1896
f 1777 1778 1898
f 1777 1898 1897
f 1778 1779 1899
f 1778 1899 1898
f 1779 1780 1900
f 1779 1900 1899
f 1780 1781 1901
f 1780 1901 1900
f 1781 1782 1902
f 1781 1902 1901
f 1782 1783 1903
f 1782 1903 1902
f 1783 1784 1904
f 1783 1904 1903
f 1784 1785 1905
f 1784 1905 1904
f 1785 1786 1906
f 1785 1906 1905
f 1786 1787 1907
f 1786 1907 1906
f 1787 1788 1908
f 1787 1908 1907
f 1788 1789 1909
f 1788 1909 1908
f 1789 1790 1910
f 1789 1910 1909
f 1790 1791 1911
f 1790 1911 1910
f 1791 1792 1912
f 1791 1912 1911
f 1792 1793 1913
f 1792 1913 1912
f 1793 1794 1914
f 1793 1914 1913
f 1794 1795 1915
f 1794 1915 1914
f 1795 1796 1916
f 1795 1916 1915
f 1796 1797 1917
f 1796 1917 1916
f 1797 1798 1918
f 1797 1918 1917
f 1798 1799 1919
f 1798 1919 1918
f 1799 1800 1920
f 1799 1920 1919
f 1800 1801 1921
f 1800 1921 1920
f 1801 1682 1802
f 1801 1802 1921
f 1802 1803 1923
f 1802 1923 1922
f 1803 1804 1924
f 1803 1924 1923
f 1804 1805 1925
f 1804 1925 1924
f 1805 1806 1926
f 1805 1926 1925
f 1806 1807 1927
f 1806 1927 1926
f 1807 1808 1928
f 1807 1928 1927
f 1808 1809 1929
f 1808 1929 1928
f 1809 1810 1930
f 1809 1930 1929
f 1810 1811 1931
f 1810 1931 1930
f 1811 1812 1932
f 1811 1932 1931
f 1812 1813 1933
f 1812 1933 1932
f 1813 1814 1934
f 1813 1934 1933
f 1814 1815 1935
f 1814 1935 1934
f 1815 1816 1936
f 1815 1936 1935
f 1816 1817 1937
f 1816 1937 1936
f 1817 1818 1938
f 1817 1938 1937
f 1818 1819 1939
f 1818 1939 1938
f 1819 1820 1940
f 1819 1940 1939
f 1820 1821 1941
f 1820 1941 1940
f 1821 1822 1942
f 1821 1942 1941
f 1822 1823 1943
f 1822 1943 1942
f 1823 1824 1944
f 1823 1944 1943
f 1824 1825 1945
f 1824 1945 1944
f 1825 1826 1946
f 1825 1946 1945
f 1826 1827 1947
f 1826 1947 1946
f 1827 1828 1948
f 1827 1948 1947
f 1828 1829 1949
f 1828 1949 1948
f 1829 1830 1950
f 1829 1950 1949
f 1830 1831 1951
f 1830 1951 1950
f 1831 1832 1952
f 1831 1952 1951
f 1832 1833 1953
f 1832 1953 1952
f 1833 1834 1954
f 1833 1954 1953
f 1834 1835 1955
f 1834 1955 1954
f 1835 1836 1956
f 1835 1956 1955
f 1836 1837 1957
f 1836 1957 1956
f 1837 1838 1958
f 1837 1958 1957
f 1838 1839 1959
f 1838 1959 1958
f 1839 1840 1960
f 1839 1960 1959
f 1840 1841 1961
f 1840 1961 1960
f 1841 1842 1962
f 1841 1962 1961
f 1842 1843 1963
f 1842 1963 1962
f 1843 1844 1964
f 1843 1964 1963
f 1844 1845 1965
f 1844 1965 1964
f 1845 1846 1966
f 1845 1966 1965
f 1846 1847 1967
f 1846 1967 1966
f 1847 1848 1968
f 1847 1968 1967
f 1848 1849 1969
f 1848 1969 1968
f 1849 1850 1970
f 1849 1970 1969
f 1850 1851 1971
f 1850 1971 1970
f 1851 1852 1972
f 1851 1972 1971
f 1852 1853 1973
f 1852 1973 1972
f 1853 1854 1974
f 1853 1974 1973
f 1854 1855 1975
f 1854 1975 1974
f 1855 1856 1976
f 1855 1976 1975
f 1856 1857 1977
f 1856 1977 1976
f 1857 1858 1978
f 1857 1978 1977
f 1858 1859 1979
f 1858 1979 1978
f 1859 1860 1980
f 1859 1980 1979
f 1860 1861 1981
f 1860 1981 1980
f 1861 1862 1982
f 1861 1982 1981
f 1862 1863 1983
f 1862 1983 1982
f 1863 1864 1984
f 1863 1984 1983
f 1864 1865 1985
f 1864 1985 1984
f 1865 1866 1986
f 1865 1986 1985
f 1866 1867 1987
f 1866 1987 1986
f 1867 1868 1988
f 1867 1988 1987
f 1868 1869 1989
f 1868 1989 1988
f 1869 1870 1990
f 1869 1990 1989
f 1870 1871 1991
f 1870 1991 1990
f 1871 1872 1992
f 1871 1992 1991
f 1872 1873 1993
f 1872 1993 1992
f 1873 1874 1994
f 1873 1994 1993
f 1874 1875 1995
f 1874 1995 1994
f 1875 1876 1996
f 1875 1996 1995
f 1876 1877 1997
f 1876 1997 1996
f 1877 1878 1998
f 1877 1998 1997
f 1878 1879 1999
f 1878 1999 1998
f 1879 1880 2000
f 1879 2000 1999
f 1880 1881 2001
f 1880 2001 2000
f 1881 1882 2002
f 1881 2002 2001
f 1882 1883 2003
f 1882 2003 2002
f 1883 1884 2004
f 1883 2004 2003
f 1884 1885 2005
f 1884 2005 2004
f 1885 1886 2006
f 1885 2006 2005
f 1886 1887 2007
f 1886 2007 2006
f 1887 1888 2008
f 1887 2008 2007
f 1888 1889 2009
f 1888 2009 2008
f 1889 1890 2010
f 1889 2010 2009
f 1890 1891 2011
f 1890 2011 2010
f 1891 1892 2012
f 1891 2012 2011
f 1892 1893 2013
f 1892 2013 2012
f 1893 1894 2014
f 1893 2014 2013
f 1894 1895 2015
f 1894 2015 2014
f 1895 1896 2016
f 1895 2016 2015
f 1896 1897 2017
f 1896 2017 2016
f 1897 1898 2018
f 1897 2018 2017
f 1898 1899 2019
f 1898 2019 2018
f 1899 1900 2020
f 1899 2020 2019
f 1900 1901 2021
f 1900 2021 2020
f 1901 1902 2022
f 1901 2022 2021
f 1902 1903 2023
f 1902 2023 2022
f 1903 1904 2024
f 1903 2024 2023
f 1904 1905 2025
f 1904 2025 2024
f 1905 1906 2026
f 1905 2026 2025
f 1906 1907 2027
f 1906 2027 2026
f 1907 1908 2028
f 1907 2028 2027
f 1908 1909 2029
f 1908 2029 2028
f 1909 1910 2030
f 1909 2030 2029
f 1910 1911 2031
f 1910 2031 2030
f 1911 1912 2032
f 1911 2032 2031
f 1912 1913 2033
f 1912 2033 2032
f 1913 1914 2034
f 1913 2034 2033
f 1914 1915 2035
f 1914 2035 2034
f 1915 1916 2036
f 1915 2036 2035
f 1916 1917 2037
f 1916 2037 2036
f 1917 1918 2038
f 1917 2038 2037
f 1918 1919 2039
f 1918 2039 2038
f 1919 1920 2040
f 1919 2040 2039
f 1920 1921 2041
f 1920 2041 2040
f 1921 1802 1922
f 1921 1922 2041
f 1922 1923 2043
f 1922 2043 2042
f 1923 1924 2044
f 1923 2044 2043
f 1924 1925 2045
f 1924 2045 2044
f 1925 1926 2046
f 1925 2046 2045
f 1926 1927 2047
f 1926 2047 2046
f 1927 1928 2048
f 1927 2048 2047
f 1928 1929 2049
f 1928 2049 2048
f 1929 1930 2050
f 1929 2050 2049
f 1930 1931 2051
f 1930 2051 2050
f 1931 1932 2052
f 1931 2052 2051
f 1932 1933 2053
f 1932 2053 2052
f 1933 1934 2054
f 1933 2054 2053
f 1934 1935 2055
f 1934 2055 2054
f 1935 1936 2056
f 1935 2056 2055
f 1936 1937 2057
f 1936 2057 2056
f 1937 1938 2058
f 1937 2058 2057
f 1938 1939 2059
f 1938 2059 2058
f 1939 1940 2060
f 1939 2060 2059
f 1940 1941 2061
f 1940 2061 2060
f 1941 1942 2062
f 1941 2062 2061
f 1942 1943 2063
f 1942 2063 2062
f 1943 1944 2064
f 1943 2064 2063
f 1944 1945 2065
f 1944 2065 2064
f 1945 1946 2066
f 1945 2066 2065
f 1946 1947 2067
f 1946 2067 2066
f 1947 1948 2068
f 1947 2068 2067
f 1948 1949 2069
f 1948 2069 2068
f 1949 1950 2070
f 1949 2070 2069
f 1950 1951 2071
f 1950 2071 2070
f 1951 1952 2072
f 1951 2072 2071
f 1952 1953 2073
f 1952 2073 2072
f 1953 1954 2074
f 1953 2074 2073
f 1954 1955 2075
f 1954 2075 2074
f 1955 1956 2076
f 1955 2076 2075
f 1956 1957 2077
f 1956 2077 2076
f 1957 1958 2078
f 1957 2078 2077
f 1958 1959 2079
f 1958 2079 2078
f 1959 1960 2080
f 1959 2080 2079
f 1960 1961 2081
f 1960 2081 2080
f 1961 1962 2082
f 1961 2082 2081
f 1962 1963 2083
f 1962 2083 2082
f 1963 1964 2084
f 1963 2084 2083
f 1964 1965 2085
f 1964 2085 2084
f 1965 1966 2086
f 1965 2086 2085
f 1966 1967 2087
f 1966 2087 2086
f 1967 1968 2088
f 1967 2088 2087
f 1968 1969 2089
f 1968 2089 2088
f 1969 1970 2090
f 1969 2090 2089
f 1970 1971 2091
f 1970 2091 2090
f 1971 1972 2092
f 1971 2092 2091
f 1972 1973 2093
f 1972 2093 2092
f 1973 1974 2094
f 1973 2094 2093
f 1974 1975 2095
f 1974 2095 2094
f 1975 1976 2096
f 1975 2096 2095
f 1976 1977 2097
f 1976 2097 2096
f 1977 1978 2098
f 1977 2098 2097
f 1978 1979 2099
f 1978 2099 2098
f 1979 1980 2100
f 1979 2100 2099
f 1980 1981 2101
f 1980 2101 2100
f 1981 1982 2102
f 1981 2102 2101
f 1982 1983 2103
f 1982 2103 2102
f 1983 1984 2104
f 1983 2104 2103
f 1984 1985 2105
f 1984 2105 2104
f 1985 1986 2106
f 1985 2106 2105
f 1986 1987 2107
f 1986 2107 2106
f 1987 1988 2108
f 1987 2108 2107
f 1988 1989 2109
f 1988 2109 2108
f 1989 1990 2110
f 1989 2110 2109
f 1990 1991 2111
f 1990 2111 2110
f 1991 1992 2112
f 1991 2112 2111
f 1992 1993 2113
f 1992 2113 2112
f 1993 1994 2114
f 1993 2114 2113
f 1994 1995 2115
f 1994 2115 2114
f 1995 1996 2116
f 1995 2116 2115
f 1996 1997 2117
f 1996 2117 2116
f 1997 1998 2118
f 1997 2118 2117
f 1998 1999 2119
f 1998 2119 2118
f 1999 2000 2120
f 1999 2120 2119
f 2000 2001 2121
f 2000 2121 2120
f 2001 2002 2122
f 2001 2122 2121
f 2002 2003 2123
f 2002 2123 2122
f 2003 2004 2124
f 2003 2124 2123
f 2004 2005 2125
f 2004 2125 2124
f 2005 2006 2126
f 2005 2126 2125
f 2006 2007 2127
f 2006 2127 2126
f 2007 2008 2128
f 2007 2128 2127
f 2008 2009 2129
f 2008 2129 2128
f 2009 2010 2130
f 2009 2130 2129
f 2010 2011 2131
f 2010 2131 2130
f 2011 2012 2132
f 2011 2132 2131
f 2012 2013 2133
f 2012 2133 2132
f 2013 2014 2134
f 2013 2134 2133
f 2014 2015 2135
f 2014 2135 2134
f 2015 2016 2136
f 2015 2136 2135
f 2016 2017 2137
f 2016 2137 2136
f 2017 2018 2138
f 2017 2138 2137
f 2018 2019 2139
f 2018 2139 2138
f 2019 2020 2140
f 2019 2140 2139
f 2020 2021 2141
f 2020 2141 2140
f 2021 2022 2142
f 2021 2142 2141
f 2022 2023 2143
f 2022 2143 2142
f 2023 2024 2144
f 2023 2144 2143
f 2024 2025 2145
f 2024 2145 2144
f 2025 2026 2146
f 2025 2146 2145
f 2026 2027 2147
f 2026 2147 2146
f 2027 2028 2148
f 2027 2148 2147
f 2028 2029 2149
f 2028 2149 2148
f 2029 2030 2150
f 2029 2150 2149
f 2030 2031 2151
f 2030 2151 2150
f 2031 2032 2152
f 2031 2152 2151
f 2032 2033 2153
f 2032 2153 2152
f 2033 2034 2154
f 2033 2154 2153
f 2034 2035 2155
f 2034 2155 2154
f 2035 2036 2156
f 2035 2156 2155
f 2036 2037 2157
f 2036 2157 2156
f 2037 2038 2158
f 2037 2158 2157
f 2038 2039 2159
f 2038 2159 2158
f 2039 2040 2160
f 2039 2160 2159
f 2040 2041 2161
f 2040 2161 2160
f 2041 1922 2042
f 2041 2042 2161
f 2042 2043 2163
f 2042 2163 2162
f 2043 2044 2164
f 2043 2164 2163
f 2044 2045 2165
f 2044 2165 2164
f 2045 2046 2166
f 2045 2166 2165
f 2046 2047 2167
f 2046 2167 2166
f 2047 2048 2168
f 2047 2168 2167
f 2048 2049 2169
f 2048 2169 2168
f 2049 2050 2170
f 2049 2170 2169
f 2050 2051 2171
f 2050 2171 2170
f 2051 2052 2172
f 2051 2172 2171
f 2052 2053 2173
f 2052 2173 2172
f 2053 2054 2174
f 2053 2174 2173
f 2054 2055 2175
f 2054 2175 2174
f 2055 2056 2176
f 2055 2176 2175
f 2056 2057 2177
f 2056 2177 2176
f 2057 2058 2178
f 2057 2178 2177
f 2058 2059 2179
f 2058 2179 2178
f 2059 2060 2180
f 2059 2180 2179
f 2060 2061 2181
f 2060 2181 2180
f 2061 2062 2182
f 2061 2182 2181
f 2062 2063 2183
f 2062 2183 2182
f 2063 2064 2184
f 2063 2184 2183
f 2064 2065 2185
f 2064 2185 2184
f 2065 2066 2186
f 2065 2186 2185
f 2066 2067 2187
f 2066 2187 2186
f 2067 2068 2188
f 2067 2188 2187
f 2068 2069 2189
f 2068 2189 2188
f 2069 2070 2190
f 2069 2190 2189
f 2070 2071 2191
f 2070 2191 2190
f 2071 2072 2192
f 2071 2192 2191
f 2072 2073 2193
f 2072 2193 2192
f 2073 2074 2194
f 2073 2194 2193
f 2074 2075 2195
f 2074 2195 2194
f 2075 2076 2196
f 2075 2196 2195
f 2076 2077 2197
f 2076 2197 2196
f 2077 2078 2198
f 2077 2198 2197
f 2078 2079 2199
f 2078 2199 2198
f 2079 2080 2200
f 2079 2200 2199
f 2080 2081 2201
f 2080 2201 2200
f 2081 2082 2202
f 2081 2202 2201
f 2082 2083 2203
f 2082 2203 2202
f 2083 2084 2204
f 2083 2204 2203
f 2084 2085 2205
f 2084 2205 2204
f 2085 2086 2206
f 2085 2206 2205
f 2086 2087 2207
f 2086 2207 2206
f 2087 2088 2208
f 2087 2208 2207
f 2088 2089 2209
f 2088 2209 2208
f 2089 2090 2210
f 2089 2210 2209
f 2090 2091 2211
f 2090 2211 2210
f 2091 2092 2212
f 2091 2212 2211
f 2092 2093 2213
f 2092 2213 2212
f 2093 2094 2214
f 2093 2214 2213
f 2094 2095 2215
f 2094 2215 2214
f 2095 2096 2216
f 2095 2216 2215
f 2096 2097 2217
f 2096 2217 2216
f 2097 2098 2218
f 2097 2218 2217
f 2098 2099 2219
f 2098 2219 2218
f 2099 2100 2220
f 2099 2220 2219
f 2100 2101 2221
f 2100 2221 2220
f 2101 2102 2222
f 2101 2222 2221
f 2102 2103 2223
f 2102 2223 2222
f 2103 2104 2224
f 2103 2224 2223
f 2104 2105 2225
f 2104 2225 2224
f 2105 2106 2226
f 2105 2226 2225
f 2106 2107 2227
f 2106 2227 2226
f 2107 2108 2228
f 2107 2228 2227
f 2108 2109 2229
f 2108 2229 2228
f 2109 2110 2230
f 2109 2230 2229
f 2110 2111 2231
f 2110 2231 2230
f 2111 2112 2232
f 2111 2232 2231
f 2112 2113 2233
f 2112 2233 2232
f 2113 2114 2234
f 2113 2234 2233
f 2114 2115 2235
f 2114 2235 2234
f 2115 2116 2236
f 2115 2236 2235
f 2116 2117 2237
f 2116 2237 2236
f 2117 2118 2238
f 2117 2238 2237
f 2118 2119 2239
f 2118 2239 2238
f 2119 2120 2240
f 2119 2240 2239
f 2120 2121 2241
f 2120 2241 2240
f 2121 2122 2242
f 2121 2242 2241
f 2122 2123 2243
f 2122 2243 2242
f 2123 2124 2244
f 2123 2244 2243
f 2124 2125 2245
f 2124 2245 2244
f 2125 2126 2246
f 2125 2246 2245
f 2126 2127 2247
f 2126 2247 2246
f 2127 2128 2248
f 2127 2248 2247
f 2128 2129 2249
f 2128 2249 2248
f 2129 2130 2250
f 2129 2250 2249
f 2130 2131 2251
f 2130 2251 2250
f 2131 2132 2252
f 2131 2252 2251
f 2132 2133 2253
f 2132 2253 2252
f 2133 2134 2254
f 2133 2254 2253
f 2134 2135 2255
f 2134 2255 2254
f 2135 2136 2256
f 2135 2256 2255
f 2136 2137 2257
f 2136 2257 2256
f 2137 2138 2258
f 2137 2258 2257
f 2138 2139 2259
f 2138 2259 2258
f 2139 2140 2260
f 2139 2260 2259
f 2140 2141 2261
f 2140 2261 2260
f 2141 2142 2262
f 2141 2262 2261
f 2142 2143 2263
f 2142 2263 2262
f 2143 2144 2264
f 2143 2264 2263
f 2144 2145 2265
f 2144 2265 2264
f 2145 2146 2266
f 2145 2266 2265
f 2146 2147 2267
f 2146 2267 2266
f 2147 2148 2268
f 2147 2268 2267
f 2148 2149 2269
f 2148 2269 2268
f 2149 2150 2270
f 2149 2270 2269
f 2150 2151 2271
f 2150 2271 2270
f 2151 2152 2272
f 2151 2272 2271
f 2152 2153 2273
f 2152 2273 2272
f 2153 2154 2274
f 2153 2274 2273
f 2154 2155 2275
f 2154 2275 2274
f 2155 2156 2276
f 2155 2276 2275
f 2156 2157 2277
f 2156 2277 2276
f 2157 2158 2278
f 2157 2278 2277
f 2158 2159 2279
f 2158 2279 2278
f 2159 2160 2280
f 2159 2280 2279
f 2160 2161 2281
f 2160 2281 2280
f 2161 2042 2162
f 2161 2162 2281
f 2162 2163 2283
f 2162 2283 2282
f 2163 2164 2284
f 2163 2284 2283
f 2164 2165 2285
f 2164 2285 2284
f 2165 2166 2286
f 2165 2286 2285
f 2166 2167 2287
f 2166 2287 2286
f 2167 2168 2288
f 2167 2288 2287
f 2168 2169 2289
f 2168 2289 2288
f 2169 2170 2290
f 2169 2290 2289
f 2170 2171 2291
f 2170 2291 2290
f 2171 2172 2292
f 2171 2292 2291
f 2172 2173 2293
f 2172 2293 2292
f 2173 2174 2294
f 2173 2294 2293
f 2174 2175 2295
f 2174 2295 2294
f 2175 2176 2296
f 2175 2296 2295
f 2176 2177 2297
f 2176 2297 2296
f 2177 2178 2298
f 2177 2298 2297
f 2178 2179 2299
f 2178 2299 2298
f 2179 2180 2300
f 2179 2300 2299
f 2180 2181 2301
f 2180 2301 2300
f 2181 2182 2302
f 2181 2302 2301
f 2182 2183 2303
f 2182 2303 2302
f 2183 2184 2304
f 2183 2304 2303
f 2184 2185 2305
f 2184 2305 2304
f 2185 2186 2306
f 2185 2306 2305
f 2186 2187 2307
f 2186 2307 2306
f 2187 2188 2308
f 2187 2308 2307
f 2188 2189 2309
f 2188 2309 2308
f 2189 2190 2310
f 2189 2310 2309
f 2190 2191 2311
f 2190 2311 2310
f 2191 2192 2312
f 2191 2312 2311
f 2192 2193 2313
f 2192 2313 2312
f 2193 2194 2314
f 2193 2314 2313
f 2194 2195 2315
f 2194 2315 2314
f 2195 2196 2316
f 2195 2316 2315
f 2196 2197 2317
f 2196 2317 2316
f 2197 2198 2318
f 2197 2318 2317
f 2198 2199 2319
f 2198 2319 2318
f 2199 2200 2320
f 2199 2320 2319
f 2200 2201 2321
f 2200 2321 2320
f 2201 2202 2322
f 2201 2322 2321
f 2202 2203 2323
f 2202 2323 2322
f 2203 2204 2324
f 2203 2324 2323
f 2204 2205 2325
f 2204 2325 2324
f 2205 2206 2326
f 2205 2326 2325
f 2206 2207 2327
f 2206 2327 2326
f 2207 2208 2328
f 2207 2328 2327
f 2208 2209 2329
f 2208 2329 2328
f 2209 2210 2330
f 2209 2330 2329
f 2210 2211 2331
f 2210 2331 2330
f 2211 2212 2332
f 2211 2332 2331
f 2212 2213 2333
f 2212 2333 2332
f 2213 2214 2334
f 2213 2334 2333
f 2214 2215 2335
f 2214 2335 2334
f 2215 2216 2336
f 2215 2336 2335
f 2216 2217 2337
f 2216 2337 2336
f 2217 2218 2338
f 2217 2338 2337
f 2218 2219 2339
f 2218 2339 2338
f 2219 2220 2340
f 2219 2340 2339
f 2220 2221 2341
f 2220 2341 2340
f 2221 2222 2342
f 2221 2342 2341
f 2222 2223 2343
f 2222 2343 2342
f 2223 2224 2344
f 2223 2344 2343
f 2224 2225 2345
f 2224 2345 2344
f 2225 2226 2346
f 2225 2346 2345
f 2226 2227 2347
f 2226 2347 2346
f 2227 2228 2348
f 2227 2348 2347
f 2228 2229 2349
f 2228 2349 2348
f 2229 2230 2350
f 2229 2350 2349
f 2230 2231 2351
f 2230 2351 2350
f 2231 2232 2352
f 2231 2352 2351
f 2232 2233 2353
f 2232 2353 2352
f 2233 2234 2354
f 2233 2354 2353
f 2234 2235 2355
f 2234 2355 2354
f 2235 2236 2356
f 2235 2356 2355
f 2236 2237 2357
f 2236 2357 2356
f 2237 2238 2358
f 2237 2358 2357
f 2238 2239 2359
f 2238 2359 2358
f 2239 2240 2360
f 2239 2360 2359
f 2240 2241 2361
f 2240 2361 2360
f 2241 2242 2362
f 2241 2362 2361
f 2242 2243 2363
f 2242 2363 2362
f 2243 2244 2364
f 2243 2364 2363
f 2244 2245 2365
f 2244 2365 2364
f 2245 2246 2366
f 2245 2366 2365
f 2246 2247 2367
f 2246 2367 2366
f 2247 2248 2368
f 2247 2368 2367
f 2248 2249 2369
f 2248 2369 2368
f 2249 2250 2370
f 2249 2370 2369
f 2250 2251 2371
f 2250 2371 2370
f 2251 2252 2372
f 2251 2372 2371
f 2252 2253 2373
f 2252 2373 2372
f 2253 2254 2374
f 2253 2374 2373
f 2254 2255 2375
f 2254 2375 2374
f 2255 2256 2376
f 2255 2376 2375
f 2256 2257 2377
f 2256 2377 2376
f 2257 2258 2378
f 2257 2378 2377
f 2258 2259 2379
f 2258 2379 2378
f 2259 2260 2380
f 2259 2380 2379
f 2260 2261 2381
f 2260 2381 2380
f 2261 2262 2382
f 2261 2382 2381
f 2262 2263 2383
f 2262 2383 2382
f 2263 2264 2384
f 2263 2384 2383
f 2264 2265 2385
f 2264 2385 2384
f 2265 2266 2386
f 2265 2386 2385
f 2266 2267 2387
f 2266 2387 2386
f 2267 2268 2388
f 2267 2388 2387
f 2268 2269 2389
f 2268 2389 2388
f 2269 2270 2390
f 2269 2390 2389
f 2270 2271 2391
f 2270 2391 2390
f 2271 2272 2392
f 2271 2392 2391
f 2272 2273 2393
f 2272 2393 2392
f 2273 2274 2394
f 2273 2394 2393
f 2274 2275 2395
f 2274 2395 2394
f 2275 2276 2396
f 2275 2396 2395
f 2276 2277 2397
f 2276 2397 2396
f 2277 2278 2398
f 2277 2398 2397
f 2278 2279 2399
f 2278 2399 2398
f 2279 2280 2400
f 2279 2400 2399
f 2280 2281 2401
f 2280 2401 2400
f 2281 2162 2282
f 2281 2282 2401
f 2282 2283 2403
f 2282 2403 2402
f 2283 2284 2404
f 2283 2404 2403
f 2284 2285 2405
f 2284 2405 2404
f 2285 2286 2406
f 2285 2406 2405
f 2286 2287 2407
f 2286 2407 2406
f 2287 2288 2408
f 2287 2408 2407
f 2288 2289 2409
f 2288 2409 2408
f 2289 2290 2410
f 2289 2410 2409
f 2290 2291 2411
f 2290 2411 2410
f 2291 2292 2412
f 2291 2412 2411
f 2292 2293 2413
f 2292 2413 2412
f 2293 2294 2414
f 2293 2414 2413
f 2294 2295 2415
f 2294 2415 2414
f 2295 2296 2416
f 2295 2416 2415
f 2296 2297 2417
f 2296 2417 2416
f 2297 2298 2418
f 2297 2418 2417
f 2298 2299 2419
f 2298 2419 2418
f 2299 2300 2420
f 2299 2420 2419
f 2300 2301 2421
f 2300 2421 2420
f 2301 2302 2422
f 2301 2422 2421
f 2302 2303 2423
f 2302 2423 2422
f 2303 2304 2424
f 2303 2424 2423
f 2304 2305 2425
f 2304 2425 2424
f 2305 2306 2426
f 2305 2426 2425
f 2306 2307 2427
f 2306 2427 2426
f 2307 2308 2428
f 2307 2428 2427
f 2308 2309 2429
f 2308 2429 2428
f 2309 2310 2430
f 2309 2430 2429
f 2310 2311 2431
f 2310 2431 2430
f 2311 2312 2432
f 2311 2432 2431
f 2312 2313 2433
f 2312 2433 2432
f 2313 2314 2434
f 2313 2434 2433
f 2314 2315 2435
f 2314 2435 2434
f 2315 2316 2436
f 2315 2436 2435
f 2316 2317 2437
f 2316 2437 2436
f 2317 2318 2438
f 2317 2438 2437
f 2318 2319 2439
f 2318 2439 2438
f 2319 2320 2440
f 2319 2440 2439
f 2320 2321 2441
f 2320 2441 2440
f 2321 2322 2442
f 2321 2442 2441
f 2322 2323 2443
f 2322 2443 2442
f 2323 2324 2444
f 2323 2444 2443
f 2324 2325 2445
f 2324 2445 2444
f 2325 2326 2446
f 2325 2446 2445
f 2326 2327 2447
f 2326 2447 2446
f 2327 2328 2448
f 2327 2448 2447
f 2328 2329 2449
f 2328 2449 2448
f 2329 2330 2450
f 2329 2450 2449
f 2330 2331 2451
f 2330 2451 2450
f 2331 2332 2452
f 2331 2452 2451
f 2332 2333 2453
f 2332 2453 2452
f 2333 2334 2454
f 2333 2454 2453
f 2334 2335 2455
f 2334 2455 2454
f 2335 2336 2456
f 2335 2456 2455
f 2336 2337 2457
f 2336 2457 2456
f 2337 2338 2458
f 2337 2458 2457
f 2338 2339 2459
f 2338 2459 2458
f 2339 2340 2460
f 2339 2460 2459
f 2340 2341 2461
f 2340 2461 2460
f 2341 2342 2462
f 2341 2462 2461
f 2342 2343 2463
f 2342 2463 2462
f 2343 2344 2464
f 2343 2464 2463
f 2344 2345 2465
f 2344 2465 2464
f 2345 2346 2466
f 2345 2466 2465
f 2346 2347 2467
f 2346 2467 2466
f 2347 2348 2468
f 2347 2468 2467
f 2348 2349 2469
f 2348 2469 2468
f 2349 2350 2470
f 2349 2470 2469
f 2350 2351 2471
f 2350 2471 2470
f 2351 2352 2472
f 2351 2472 2471
f 2352 2353 2473
f 2352 2473 2472
f 2353 2354 2474
f 2353 2474 2473
f 2354 2355 2475
f 2354 2475 2474
f 2355 2356 2476
f 2355 2476 2475
f 2356 2357 2477
f 2356 2477 2476
f 2357 2358 2478
f 2357 2478 2477
f 2358 2359 2479
f 2358 2479 2478
f 2359 2360 2480
f 2359 2480 2479
f 2360 2361 2481
f 2360 2481 2480
f 2361 2362 2482
f 2361 2482 2481
f 2362 2363 2483
f 2362 2483 2482
f 2363 2364 2484
f 2363 2484 2483
f 2364 2365 2485
f 2364 2485 2484
f 2365 2366 2486
f 2365 2486 2485
f 2366 2367 2487
f 2366 2487 2486
f 2367 2368 2488
f 2367 2488 2487
f 2368 2369 2489
f 2368 2489 2488
f 2369 2370 2490
f 2369 2490 2489
f 2370 2371 2491
f 2370 2491 2490
f 2371 2372 2492
f 2371 2492 2491
f 2372 2373 2493
f 2372 2493 2492
f 2373 2374 2494
f 2373 2494 2493
f 2374 2375 2495
f 2374 2495 2494
f 2375 2376 2496
f 2375 2496 2495
f 2376 2377 2497
f 2376 2497 2496
f 2377 2378 2498
f 2377 2498 2497
f 2378 2379 2499
f 2378 2499 2498
f 2379 2380 2500
f 2379 2500 2499
f 2380 2381 2501
f 2380 2501 2500
f 2381 2382 2502
f 2381 2502 2501
f 2382 2383 2503
f 2382 2503 2502
f 2383 2384 2504
f 2383 2504 2503
f 2384 2385 2505
f 2384 2505 2504
f 2385 2386 2506
f 2385 2506 2505
f 2386 2387 2507
f 2386 2507 2506
f 2387 2388 2508
f 2387 2508 2507
f 2388 2389 2509
f 2388 2509 2508
f 2389 2390 2510
f 2389 2510 2509
f 2390 2391 2511
f 2390 2511 2510
f 2391 2392 2512
f 2391 2512 2511
f 2392 2393 2513
f 2392 2513 2512
f 2393 2394 2514
f 2393 2514 2513
f 2394 2395 2515
f 2394 2515 2514
f 2395 2396 2516
f 2395 2516 2515
f 2396 2397 2517
f 2396 2517 2516
f 2397 2398 2518
f 2397 2518 2517
f 2398 2399 2519
f 2398 2519 2518
f 2399 2400 2520
f 2399 2520 2519
f 2400 2401 2521
f 2400 2521 2520
f 2401 2282 2402
f 2401 2402 2521
f 2402 2403 2523
f 2402 2523 2522
f 2403 2404 2524
f 2403 2524 2523
f 2404 2405 2525
f 2404 2525 2524
f 2405 2406 2526
f 2405 2526 2525
f 2406 2407 2527
f 2406 2527 2526
f 2407 2408 2528
f 2407 2528 2527
f 2408 2409 2529
f 2408 2529 2528
f 2409 2410 2530
f 2409 2530 2529
f 2410 2411 2531
f 2410 2531 2530
f 2411 2412 2532
f 2411 2532 2531
f 2412 2413 2533
f 2412 2533 2532
f 2413 2414 2534
f 2413 2534 2533
f 2414 2415 2535
f 2414 2535 2534
f 2415 2416 2536
f 2415 2536 2535
f 2416 2417 2537
f 2416 2537 2536
f 2417 2418 2538
f 2417 2538 2537
f 2418 2419 2539
f 2418 2539 2538
f 2419 2420 2540
f 2419 2540 2539
f 2420 2421 2541
f 2420 2541 2540
f 2421 2422 2542
f 2421 2542 2541
f 2422 2423 2543
f 2422 2543 2542
f 2423 2424 2544
f 2423 2544 2543
f 2424 2425 2545
f 2424 2545 2544
f 2425 2426 2546
f 2425 2546 2545
f 2426 2427 2547
f 2426 2547 2546
f 2427 2428 2548
f 2427 2548 2547
f 2428 2429 2549
f 2428 2549 2548
f 2429 2430 2550
f 2429 2550 2549
f 2430 2431 2551
f 2430 2551 2550
f 2431 2432 2552
f 2431 2552 2551
f 2432 2433 2553
f 2432 2553 2552
f 2433 2434 2554
f 2433 2554 2553
f 2434 2435 2555
f 2434 2555 2554
f 2435 2436 2556
f 2435 2556 2555
f 2436 2437 2557
f 2436 2557 2556
f 2437 2438 2558
f 2437 2558 2557
f 2438 2439 2559
f 2438 2559 2558
f 2439 2440 2560
f 2439 2560 2559
f 2440 2441 2561
f 2440 2561 2560
f 2441 2442 2562
f 2441 2562 2561
f 2442 2443 2563
f 2442 2563 2562
f 2443 2444 2564
f 2443 2564 2563
f 2444 2445 2565
f 2444 2565 2564
f 2445 2446 2566
f 2445 2566 2565
f 2446 2447 2567
f 2446 2567 2566
f 2447 2448 2568
f 2447 2568 2567
f 2448 2449 2569
f 2448 2569 2568
f 2449 2450 2570
f 2449 2570 2569
f 2450 2451 2571
f 2450 2571 2570
f 2451 2452 2572
f 2451 2572 2571
f 2452 2453 2573
f 2452 2573 2572
f 2453 2454 2574
f 2453 2574 2573
f 2454 2455 2575
f 2454 2575 2574
f 2455 2456 2576
f 2455 2576 2575
f 2456 2457 2577
f 2456 2577 2576
f 2457 2458 2578
f 2457 2578 2577
f 2458 2459 2579
f 2458 2579 2578
f 2459 2460 2580
f 2459 2580 2579
f 2460 2461 2581
f 2460 2581 2580
f 2461 2462 2582
f 2461 2582 2581
f 2462 2463 2583
f 2462 2583 2582
f 2463 2464 2584
f 2463 2584 2583
f 2464 2465 2585
f 2464 2585 2584
f 2465 2466 2586
f 2465 2586 2585
f 2466 2467 2587
f 2466 2587 2586
f 2467 2468 2588
f 2467 2588 2587
f 2468 2469 2589
f 2468 2589 2588
f 2469 2470 2590
f 2469 2590 2589
f 2470 2471 2591
f 2470 2591 2590
f 2471 2472 2592
f 2471 2592 2591
f 2472 2473 2593
f 2472 2593 2592
f 2473 2474 2594
f 2473 2594 2593
f 2474 2475 2595
f 2474 2595 2594
f 2475 2476 2596
f 2475 2596 2595
f 2476 2477 2597
f 2476 2597 2596
f 2477 2478 2598
f 2477 2598 2597
f 2478 2479 2599
f 2478 2599 2598
f 2479 2480 2600
f 2479 2600 2599
f 2480 2481 2601
f 2480 2601 2600
f 2481 2482 2602
f 2481 2602 2601
f 2482 2483 2603
f 2482 2603 2602
f 2483 2484 2604
f 2483 2604 2603
f 2484 2485 2605
f 2484 2605 2604
f 2485 2486 2606
f 2485 2606 2605
f 2486 2487 2607
f 2486 2607 2606
f 2487 2488 2608
f 2487 2608 2607
f 2488 2489 2609
f 2488 2609 2608
f 2489 2490 2610
f 2489 2610 2609
f 2490 2491 2611
f 2490 2611 2610
f 2491 2492 2612
f 2491 2612 2611
f 2492 2493 2613
f 2492 2613 2612
f 2493 2494 2614
f 2493 2614 2613
f 2494 2495 2615
f 2494 2615 2614
f 2495 2496 2616
f 2495 2616 2615
f 2496 2497 2617
f 2496 2617 2616
f 2497 2498 2618
f 2497 2618 2617
f 2498 2499 2619
f 2498 2619 2618
f 2499 2500 2620
f 2499 2620 2619
f 2500 2501 2621
f 2500 2621 2620
f 2501 2502 2622
f 2501 2622 2621
f 2502 2503 2623
f 2502 2623 2622
f 2503 2504 2624
f 2503 2624 2623
f 2504 2505 2625
f 2504 2625 2624
f 2505 2506 2626
f 2505 2626 2625
f 2506 2507 2627
f 2506 2627 2626
f 2507 2508 2628
f 2507 2628 2627
f 2508 2509 2629
f 2508 2629 2628
f 2509 2510 2630
f 2509 2630 2629
f 2510 2511 2631
f 2510 2631 2630
f 2511 2512 2632
f 2511 2632 2631
f 2512 2513 2633
f 2512 2633 2632
f 2513 2514 2634
f 2513 2634 2633
f 2514 2515 2635
f 2514 2635 2634
f 2515 2516 2636
f 2515 2636 2635
f 2516 2517 2637
f 2516 2637 2636
f 2517 2518 2638
f 2517 2638 2637
f 2518 2519 2639
f 2518 2639 2638
f 2519 2520 2640
f 2519 2640 2639
f 2520 2521 2641
f 2520 2641 2640
f 2521 2402 2522
f 2521 2522 2641
f 2522 2523 2643
f 2522 2643 2642
f 2523 2524 2644
f 2523 2644 2643
f 2524 2525 2645
f 2524 2645 2644
f 2525 2526 2646
f 2525 2646 2645
f 2526 2527 2647
f 2526 2647 2646
f 2527 2528 2648
f 2527 2648 2647
f 2528 2529 2649
f 2528 2649 2648
f 2529 2530 2650
f 2529 2650 2649
f 2530 2531 2651
f 2530 2651 2650
f 2531 2532 2652
f 2531 2652 2651
f 2532 2533 2653
f 2532 2653 2652
f 2533 2534 2654
f 2533 2654 2653
f 2534 2535 2655
f 2534 2655 2654
f 2535 2536 2656
f 2535 2656 2655
f 2536 2537 2657
f 2536 2657 2656
f 2537 2538 2658
f 2537 2658 2657
f 2538 2539 2659
f 2538 2659 2658
f 2539 2540 2660
f 2539 2660 2659
f 2540 2541 2661
f 2540 2661 2660
f 2541 2542 2662
f 2541 2662 2661
f 2542 2543 2663
f 2542 2663 2662
f 2543 2544 2664
f 2543 2664 2663
f 2544 2545 2665
f 2544 2665 2664
f 2545 2546 2666
f 2545 2666 2665
f 2546 2547 2667
f 2546 2667 2666
f 2547 2548 2668
f 2547 2668 2667
f 2548 2549 2669
f 2548 2669 2668
f 2549 2550 2670
f 2549 2670 2669
f 2550 2551 2671
f 2550 2671 2670
f 2551 2552 2672
f 2551 2672 2671
f 2552 2553 2673
f 2552 2673 2672
f 2553 2554 2674
f 2553 2674 2673
f 2554 2555 2675
f 2554 2675 2674
f 2555 2556 2676
f 2555 2676 2675
f 2556 2557 2677
f 2556 2677 2676
f 2557 2558 2678
f 2557 2678 2677
f 2558 2559 2679
f 2558 2679 2678
f 2559 2560 2680
f 2559 2680 2679
f 2560 2561 2681
f 2560 2681 2680
f 2561 2562 2682
f 2561 2682 2681
f 2562 2563 2683
f 2562 2683 2682
f 2563 2564 2684
f 2563 2684 2683
f 2564 2565 2685
f 2564 2685 2684
f 2565 2566 2686
f 2565 2686 2685
f 2566 2567 2687
f 2566 2687 2686
f 2567 2568 2688
f 2567 2688 2687
f 2568 2569 2689
f 2568 2689 2688
f 2569 2570 2690
f 2569 2690 2689
f 2570 2571 2691
f 2570 2691 2690
f 2571 2572 2692
f 2571 2692 2691
f 2572 2573 2693
f 2572 2693 2692
f 2573 2574 2694
f 2573 2694 2693
f 2574 2575 2695
f 2574 2695 2694
f 2575 2576 2696
f 2575 2696 2695
f 2576 2577 2697
f 2576 2697 2696
f 2577 2578 2698
f 2577 2698 2697
f 2578 2579 2699
f 2578 2699 2698
f 2579 2580 2700
f 2579 2700 2699
f 2580 2581 2701
f 2580 2701 2700
f 2581 2582 2702
f 2581 2702 2701
f 2582 2583 2703
f 2582 2703 2702
f 2583 2584 2704
f 2583 2704 2703
f 2584 2585 2705
f 2584 2705 2704
f 2585 2586 2706
f 2585 2706 2705
f 2586 2587 2707
f 2586 2707 2706
f 2587 2588 2708
f 2587 2708 2707
f 2588 2589 2709
f 2588 2709 2708
f 2589 2590 2710
f 2589 2710 2709
f 2590 2591 2711
f 2590 2711 2710
f 2591 2592 2712
f 2591 2712 2711
f 2592 2593 2713
f 2592 2713 2712
f 2593 2594 2714
f 2593 2714 2713
f 2594 2595 2715
f 2594 2715 2714
f 2595 2596 2716
f 2595 2716 2715
f 2596 2597 2717
f 2596 2717 2716
f 2597 2598 2718
f 2597 2718 2717
f 2598 2599 2719
f 2598 2719 2718
f 2599 2600 2720
f 2599 2720 2719
f 2600 2601 2721
f 2600 2721 2720
f 2601 2602 2722
f 2601 2722 2721
f 2602 2603 2723
f 2602 2723 2722
f 2603 2604 2724
f 2603 2724 2723
f 2604 2605 2725
f 2604 2725 2724
f 2605 2606 2726
f 2605 2726 2725
f 2606 2607 2727
f 2606 2727 2726
f 2607 2608 2728
f 2607 2728 2727
f 2608 2609 2729
f 2608 2729 2728
f 2609 2610 2730
f 2609 2730 2729
f 2610 2611 2731
f 2610 2731 2730
f 2611 2612 2732
f 2611 2732 2731
f 2612 2613 2733
f 2612 2733 2732
f 2613 2614 2734
f 2613 2734 2733
f 2614 2615 2735
f 2614 2735 2734
f 2615 2616 2736
f 2615 2736 2735
f 2616 2617 2737
f 2616 2737 2736
f 2617 2618 2738
f 2617 2738 2737
f 2618 2619 2739
f 2618 2739 2738
f 2619 2620 2740
f 2619 2740 2739
f 2620 2621 2741
f 2620 2741 2740
f 2621 2622 2742
f 2621 2742 2741
f 2622 2623 2743
f 2622 2743 2742
f 2623 2624 2744
f 2623 2744 2743
f 2624 2625 2745
f 2624 2745 2744
f 2625 2626 2746
f 2625 2746 2745
f 2626 2627 2747
f 2626 2747 2746
f 2627 2628 2748
f 2627 2748 2747
f 2628 2629 2749
f 2628 2749 2748
f 2629 2630 2750
f 2629 2750 2749
f 2630 2631 2751
f 2630 2751 2750
f 2631 2632 2752
f 2631 2752 2751
f 2632 2633 2753
f 2632 2753 2752
f 2633 2634 2754
f 2633 2754 2753
f 2634 2635 2755
f 2634 2755 2754
f 2635 2636 2756
f 2635 2756 2755
f 2636 2637 2757
f 2636 2757 2756
f 2637 2638 2758
f 2637 2758 2757
f 2638 2639 2759
f 2638 2759 2758
f 2639 2640 2760
f 2639 2760 2759
f 2640 2641 2761
f 2640 2761 2760
f 2641 2522 2642
f 2641 2642 2761
f 2642 2643 2763
f 2642 2763 2762
f 2643 2644 2764
f 2643 2764 2763
f 2644 2645 2765
f 2644 2765 2764
f 2645 2646 2766
f 2645 2766 2765
f 2646 2647 2767
f 2646 2767 2766
f 2647 2648 2768
f 2647 2768 2767
f 2648 2649 2769
f 2648 2769 2768
f 2649 2650 2770
f 2649 2770 2769
f 2650 2651 2771
f 2650 2771 2770
f 2651 2652 2772
f 2651 2772 2771
f 2652 2653 2773
f 2652 2773 2772
f 2653 2654 2774
f 2653 2774 2773
f 2654 2655 2775
f 2654 2775 2774
f 2655 2656 2776
f 2655 2776 2775
f 2656 2657 2777
f 2656 2777 2776
f 2657 2658 2778
f 2657 2778 2777
f 2658 2659 2779
f 2658 2779 2778
f 2659 2660 2780
f 2659 2780 2779
f 2660 2661 2781
f 2660 2781 2780
f 2661 2662 2782
f 2661 2782 2781
f 2662 2663 2783
f 2662 2783 2782
f 2663 2664 2784
f 2663 2784 2783
f 2664 2665 2785
f 2664 2785 2784
f 2665 2666 2786
f 2665 2786 2785
f 2666 2667 2787
f 2666 2787 2786
f 2667 2668 2788
f 2667 2788 2787
f 2668 2669 2789
f 2668 2789 2788
f 2669 2670 2790
f 2669 2790 2789
f 2670 2671 2791
f 2670 2791 2790
f 2671 2672 2792
f 2671 2792 2791
f 2672 2673 2793
f 2672 2793 2792
f 2673 2674 2794
f 2673 2794 2793
f 2674 2675 2795
f 2674 2795 2794
f 2675 2676 2796
f 2675 2796 2795
f 2676 2677 2797
f 2676 2797 2796
f 2677 2678 2798
f 2677 2798 2797
f 2678 2679 2799
f 2678 2799 2798
f 2679 2680 2800
f 2679 2800 2799
f 2680 2681 2801
f 2680 2801 2800
f 2681 2682 2802
f 2681 2802 2801
f 2682 2683 2803
f 2682 2803 2802
f 2683 2684 2804
f 2683 2804 2803
f 2684 2685 2805
f 2684 2805 2804
f 2685 2686 2806
f 2685 2806 2805
f 2686 2687 2807
f 2686 2807 2806
f 2687 2688 2808
f 2687 2808 2807
f 2688 2689 2809
f 2688 2809 2808
f 2689 2690 2810
f 2689 2810 2809
f 2690 2691 2811
f 2690 2811 2810
f 2691 2692 2812
f 2691 2812 2811
f 2692 2693 2813
f 2692 2813 2812
f 2693 2694 2814
f 2693 2814 2813
f 2694 2695 2815
f 2694 2815 2814
f 2695 2696 2816
f 2695 2816 2815
f 2696 2697 2817
f 2696 2817 2816
f 2697 2698 2818
f 2697 2818 2817
f 2698 2699 2819
f 2698 2819 2818
f 2699 2700 2820
f 2699 2820 2819
f 2700 2701 2821
f 2700 2821 2820
f 2701 2702 2822
f 2701 2822 2821
f 2702 2703 2823
f 2702 2823 2822
f 2703 2704 2824
f 2703 2824 2823
f 2704 2705 2825
f 2704 2825 2824
f 2705 2706 2826
f 2705 2826 2825
f 2706 2707 2827
f 2706 2827 2826
f 2707 2708 2828
f 2707 2828 2827
f 2708 2709 2829
f 2708 2829 2828
f 2709 2710 2830
f 2709 2830 2829
f 2710 2711 2831
f 2710 2831 2830
f 2711 2712 2832
f 2711 2832 2831
f 2712 2713 2833
f 2712 2833 2832
f 2713 2714 2834
f 2713 2834 2833
f 2714 2715 2835
f 2714 2835 2834
f 2715 2716 2836
f 2715 2836 2835
f 2716 2717 2837
f 2716 2837 2836
f 2717 2718 2838
f 2717 2838 2837
f 2718 2719 2839
f 2718 2839 2838
f 2719 2720 2840
f 2719 2840 2839
f 2720 2721 2841
f 2720 2841 2840
f 2721 2722 2842
f 2721 2842 2841
f 2722 2723 2843
f 2722 2843 2842
f 2723 2724 2844
f 2723 2844 2843
f 2724 2725 2845
f 2724 2845 2844
f 2725 2726 2846
f 2725 2846 2845
f 2726 2727 2847
f 2726 2847 2846
f 2727 2728 2848
f 2727 2848 2847
f 2728 2729 2849
f 2728 2849 2848
f 2729 2730 2850
f 2729 2850 2849
f 2730 2731 2851
f 2730 2851 2850
f 2731 2732 2852
f 2731 2852 2851
f 2732 2733 2853
f 2732 2853 2852
f 2733 2734 2854
f 2733 2854 2853
f 2734 2735 2855
f 2734 2855 2854
f 2735 2736 2856
f 2735 2856 2855
f 2736 2737 2857
f 2736 2857 2856
f 2737 2738 2858
f 2737 2858 2857
f 2738 2739 2859
f 2738 2859 2858
f 2739 2740 2860
f 2739 2860 2859
f 2740 2741 2861
f 2740 2861 2860
f 2741 2742 2862
f 2741 2862 2861
f 2742 2743 2863
f 2742 2863 2862
f 2743 2744 2864
f 2743 2864 2863
f 2744 2745 2865
f 2744 2865 2864
f 2745 2746 2866
f 2745 2866 2865
f 2746 2747 2867
f 2746 2867 2866
f 2747 2748 2868
f 2747 2868 2867
f 2748 2749 2869
f 2748 2869 2868
f 2749 2750 2870
f 2749 2870 2869
f 2750 2751 2871
f 2750 2871 2870
f 2751 2752 2872
f 2751 2872 2871
f 2752 2753 2873
f 2752 2873 2872
f 2753 2754 2874
f 2753 2874 2873
f 2754 2755 2875
f 2754 2875 2874
f 2755 2756 2876
f 2755 2876 2875
f 2756 2757 2877
f 2756 2877 2876
f 2757 2758 2878
f 2757 2878 2877
f 2758 2759 2879
f 2758 2879 2878
f 2759 2760 2880
f 2759 2880 2879
f 2760 2761 2881
f 2760 2881 2880
f 2761 2642 2762
f 2761 2762 2881
f 2762 2763 2883
f 2762 2883 2882
f 2763 2764 2884
f 2763 2884 2883
f 2764 2765 2885
f 2764 2885 2884
f 2765 2766 2886
f 2765 2886 2885
f 2766 2767 2887
f 2766 2887 2886
f 2767 2768 2888
f 2767 2888 2887
f 2768 2769 2889
f 2768 2889 2888
f 2769 2770 2890
f 2769 2890 2889
f 2770 2771 2891
f 2770 2891 2890
f 2771 2772 2892
f 2771 2892 2891
f 2772 2773 2893
f 2772 2893 2892
f 2773 2774 2894
f 2773 2894 2893
f 2774 2775 2895
f 2774 2895 2894
f 2775 2776 2896
f 2775 2896 2895
f 2776 2777 2897
f 2776 2897 2896
f 2777 2778 2898
f 2777 2898 2897
f 2778 2779 2899
f 2778 2899 2898
f 2779 2780 2900
f 2779 2900 2899
f 2780 2781 2901
f 2780 2901 2900
f 2781 2782 2902
f 2781 2902 2901
f 2782 2783 2903
f 2782 2903 2902
f 2783 2784 2904
f 2783 2904 2903
f 2784 2785 2905
f 2784 2905 2904
f 2785 2786 2906
f 2785 2906 2905
f 2786 2787 2907
f 2786 2907 2906
f 2787 2788 2908
f 2787 2908 2907
f 2788 2789 2909
f 2788 2909 2908
f 2789 2790 2910
f 2789 2910 2909
f 2790 2791 2911
f 2790 2911 2910
f 2791 2792 2912
f 2791 2912 2911
f 2792 2793 2913
f 2792 2913 2912
f 2793 2794 2914
f 2793 2914 2913
f 2794 2795 2915
f 2794 2915 2914
f 2795 2796 2916
f 2795 2916 2915
f 2796 2797 2917
f 2796 2917 2916
f 2797 2798 2918
f 2797 2918 2917
f 2798 2799 2919
f 2798 2919 2918
f 2799 2800 2920
f 2799 2920 2919
f 2800 2801 2921
f 2800 2921 2920
f 2801 2802 2922
f 2801 2922 2921
f 2802 2803 2923
f 2802 2923 2922
f 2803 2804 2924
f 2803 2924 2923
f 2804 2805 2925
f 2804 2925 2924
f 2805 2806 2926
f 2805 2926 2925
f 2806 2807 2927
f 2806 2927 2926
f 2807 2808 2928
f 2807 2928 2927
f 2808 2809 2929
f 2808 2929 2928
f 2809 2810 2930
f 2809 2930 2929
f 2810 2811 2931
f 2810 2931 2930
f 2811 2812 2932
f 2811 2932 2931
f 2812 2813 2933
f 2812 2933 2932
f 2813 2814 2934
f 2813 2934 2933
f 2814 2815 2935
f 2814 2935 2934
f 2815 2816 2936
f 2815 2936 2935
f 2816 2817 2937
f 2816 2937 2936
f 2817 2818 2938
f 2817 2938 2937
f 2818 2819 2939
f 2818 2939 2938
f 2819 2820 2940
f 2819 2940 2939
f 2820 2821 2941
f 2820 2941 2940
f 2821 2822 2942
f 2821 2942 2941
f 2822 2823 2943
f 2822 2943 2942
f 2823 2824 2944
f 2823 2944 2943
f 2824 2825 2945
f 2824 2945 2944
f 2825 2826 2946
f 2825 2946 2945
f 2826 2827 2947
f 2826 2947 2946
f 2827 2828 2948
f 2827 2948 2947
f 2828 2829 2949
f 2828 2949 2948
f 2829 2830 2950
f 2829 2950 2949
f 2830 2831 2951
f 2830 2951 2950
f 2831 2832 2952
f 2831 2952 2951
f 2832 2833 2953
f 2832 2953 2952
f 2833 2834 2954
f 2833 2954 2953
f 2834 2835 2955
f 2834 2955 2954
f 2835 2836 2956
f 2835 2956 2955
f 2836 2837 2957
f 2836 2957 2956
f 2837 2838 2958
f 2837 2958 2957
f 2838 2839 2959
f 2838 2959 2958
f 2839 2840 2960
f 2839 2960 2959
f 2840 2841 2961
f 2840 2961 2960
f 2841 2842 2962
f 2841 2962 2961
f 2842 2843 2963
f 2842 2963 2962
f 2843 2844 2964
f 2843 2964 2963
f 2844 2845 2965
f 2844 2965 2964
f 2845 2846 2966
f 2845 2966 2965
f 2846 2847 2967
f 2846 2967 2966
f 2847 2848 2968
f 2847 2968 2967
f 2848 2849 2969
f 2848 2969 2968
f 2849 2850 2970
f 2849 2970 2969
f 2850 2851 2971
f 2850 2971 2970
f 2851 2852 2972
f 2851 2972 2971
f 2852 2853 2973
f 2852 2973 2972
f 2853 2854 2974
f 2853 2974 2973
f 2854 2855 2975
f 2854 2975 2974
f 2855 2856 2976
f 2855 2976 2975
f 2856 2857 2977
f 2856 2977 2976
f 2857 2858 2978
f 2857 2978 2977
f 2858 2859 2979
f 2858 2979 2978
f 2859 2860 2980
f 2859 2980 2979
f 2860 2861 2981
f 2860 2981 2980
f 2861 2862 2982
f 2861 2982 2981
f 2862 2863 2983
f 2862 2983 2982
f 2863 2864 2984
f 2863 2984 2983
f 2864 2865 2985
f 2864 2985 2984
f 2865 2866 2986
f 2865 2986 2985
f 2866 2867 2987
f 2866 2987 2986
f 2867 2868 2988
f 2867 2988 2987
f 2868 2869 2989
f 2868 2989 2988
f 2869 2870 2990
f 2869 2990 2989
f 2870 2871 2991
f 2870 2991 2990
f 2871 2872 2992
f 2871 2992 2991
f 2872 2873 2993
f 2872 2993 2992
f 2873 2874 2994
f 2873 2994 2993
f 2874 2875 2995
f 2874 2995 2994
f 2875 2876 2996
f 2875 2996 2995
f 2876 2877 2997
f 2876 2997 2996
f 2877 2878 2998
f 2877 2998 2997
f 2878 2879 2999
f 2878 2999 2998
f 2879 2880 3000
f 2879 3000 2999
f 2880 2881 3001
f 2880 3001 3000
f 2881 2762 2882
f 2881 2882 3001
f 2882 2883 3003
f 2882 3003 3002
f 2883 2884 3004
f 2883 3004 3003
f 2884 2885 3005
f 2884 3005 3004
f 2885 2886 3006
f 2885 3006 3005
f 2886 2887 3007
f 2886 3007 3006
f 2887 2888 3008
f 2887 3008 3007
f 2888 2889 3009
f 2888 3009 3008
f 2889 2890 3010
f 2889 3010 3009
f 2890 2891 3011
f 2890 3011 3010
f 2891 2892 3012
f 2891 3012 3011
f 2892 2893 3013
f 2892 3013 3012
f 2893 2894 3014
f 2893 3014 3013
f 2894 2895 3015
f 2894 3015 3014
f 2895 2896 3016
f 2895 3016 3015
f 2896 2897 3017
f 2896 3017 3016
f 2897 2898 3018
f 2897 3018 3017
f 2898 2899 3019
f 2898 3019 3018
f 2899 2900 3020
f 2899 3020 3019
f 2900 2901 3021
f 2900 3021 3020
f 2901 2902 3022
f 2901 3022 3021
f 2902 2903 3023
f 2902 3023 3022
f 2903 2904 3024
f 2903 3024 3023
f 2904 2905 3025
f 2904 3025 3024
f 2905 2906 3026
f 2905 3026 3025
f 2906 2907 3027
f 2906 3027 3026
f 2907 2908 3028
f 2907 3028 3027
f 2908 2909 3029
f 2908 3029 3028
f 2909 2910 3030
f 2909 3030 3029
f 2910 2911 3031
f 2910 3031 3030
f 2911 2912 3032
f 2911 3032 3031
f 2912 2913 3033
f 2912 3033 3032
f 2913 2914 3034
f 2913 3034 3033
f 2914 2915 3035
f 2914 3035 3034
f 2915 2916 3036
f 2915 3036 3035
f 2916 2917 3037
f 2916 3037 3036
f 2917 2918 3038
f 2917 3038 3037
f 2918 2919 3039
f 2918 3039 3038
f 2919 2920 3040
f 2919 3040 3039
f 2920 2921 3041
f 2920 3041 3040
f 2921 2922 3042
f 2921 3042 3041
f 2922 2923 3043
f 2922 3043 3042
f 2923 2924 3044
f 2923 3044 3043
f 2924 2925 3045
f 2924 3045 3044
f 2925 2926 3046
f 2925 3046 3045
f 2926 2927 3047
f 2926 3047 3046
f 2927 2928 3048
f 2927 3048 3047
f 2928 2929 3049
f 2928 3049 3048
f 2929 2930 3050
f 2929 3050 3049
f 2930 2931 3051
f 2930 3051 3050
f 2931 2932 3052
f 2931 3052 3051
f 2932 2933 3053
f 2932 3053 3052
f 2933 2934 3054
f 2933 3054 3053
f 2934 2935 3055
f 2934 3055 3054
f 2935 2936 3056
f 2935 3056 3055
f 2936 2937 3057
f 2936 3057 3056
f 2937 2938 3058
f 2937 3058 3057
f 2938 2939 3059
f 2938 3059 3058
f 2939 2940 3060
f 2939 3060 3059
f 2940 2941 3061
f 2940 3061 3060
f 2941 2942 3062
f 2941 3062 3061
f 2942 2943 3063
f 2942 3063 3062
f 2943 2944 3064
f 2943 3064 3063
f 2944 2945 3065
f 2944 3065 3064
f 2945 2946 3066
f 2945 3066 3065
f 2946 2947 3067
f 2946 3067 3066
f 2947 2948 3068
f 2947 3068 3067
f 2948 2949 3069
f 2948 3069 3068
f 2949 2950 3070
f 2949 3070 3069
f 2950 2951 3071
f 2950 3071 3070
f 2951 2952 3072
f 2951 3072 3071
f 2952 2953 3073
f 2952 3073 3072
f 2953 2954 3074
f 2953 3074 3073
f 2954 2955 3075
f 2954 3075 3074
f 2955 2956 3076
f 2955 3076 3075
f 2956 2957 3077
f 2956 3077 3076
f 2957 2958 3078
f 2957 3078 3077
f 2958 2959 3079
f 2958 3079 3078
f 2959 2960 3080
f 2959 3080 3079
f 2960 2961 3081
f 2960 3081 3080
f 2961 2962 3082
f 2961 3082 3081
f 2962 2963 3083
f 2962 3083 3082
f 2963 2964 3084
f 2963 3084 3083
f 2964 2965 3085
f 2964 3085 3084
f 2965 2966 3086
f 2965 3086 3085
f 2966 2967 3087
f 2966 3087 3086
f 2967 2968 3088
f 2967 3088 3087
f 2968 2969 3089
f 2968 3089 3088
f 2969 2970 3090
f 2969 3090 3089
f 2970 2971 3091
f 2970 3091 3090
f 2971 2972 3092
f 2971 3092 3091
f 2972 2973 3093
f 2972 3093 3092
f 2973 2974 3094
f 2973 3094 3093
f 2974 2975 3095
f 2974 3095 3094
f 2975 2976 3096
f 2975 3096 3095
f 2976 2977 3097
f 2976 3097 3096
f 2977 2978 3098
f 2977 3098 3097
f 2978 2979 3099
f 2978 3099 3098
f 2979 2980 3100
f 2979 3100 3099
f 2980 2981 3101
f 2980 3101 3100
f 2981 2982 3102
f 2981 3102 3101
f 2982 2983 3103
f 2982 3103 3102
f 2983 2984 3104
f 2983 3104 3103
f 2984 2985 3105
f 2984 3105 3104
f 2985 2986 3106
f 2985 3106 3105
f 2986 2987 3107
f 2986 3107 3106
f 2987 2988 3108
f 2987 3108 3107
f 2988 2989 3109
f 2988 3109 3108
f 2989 2990 3110
f 2989 3110 3109
f 2990 2991 3111
f 2990 3111 3110
f 2991 2992 3112
f 2991 3112 3111
f 2992 2993 3113
f 2992 3113 3112
f 2993 2994 3114
f 2993 3114 3113
f 2994 2995 3115
f 2994 3115 3114
f 2995 2996 3116
f 2995 3116 3115
f 2996 2997 3117
f 2996 3117 3116
f 2997 2998 3118
f 2997 3118 3117
f 2998 2999 3119
f 2998 3119 3118
f 2999 3000 3120
f 2999 3120 3119
f 3000 3001 3121
f 3000 3121 3120
f 3001 2882 3002
f 3001 3002 3121
f 3002 3003 3123
f 3002 3123 3122
f 3003 3004 3124
f 3003 3124 3123
f 3004 3005 3125
f 3004 3125 3124
f 3005 3006 3126
f 3005 3126 3125
f 3006 3007 3127
f 3006 3127 3126
f 3007 3008 3128
f 3007 3128 3127
f 3008 3009 3129
f 3008 3129 3128
f 3009 3010 3130
f 3009 3130 3129
f 3010 3011 3131
f 3010 3131 3130
f 3011 3012 3132
f 3011 3132 3131
f 3012 3013 3133
f 3012 3133 3132
f 3013 3014 3134
f 3013 3134 3133
f 3014 3015 3135
f 3014 3135 3134
f 3015 3016 3136
f 3015 3136 3135
f 3016 3017 3137
f 3016 3137 3136
f 3017 3018 3138
f 3017 3138 3137
f 3018 3019 3139
f 3018 3139 3138
f 3019 3020 3140
f 3019 3140 3139
f 3020 3021 3141
f 3020 3141 3140
f 3021 3022 3142
f 3021 3142 3141
f 3022 3023 3143
f 3022 3143 3142
f 3023 3024 3144
f 3023 3144 3143
f 3024 3025 3145
f 3024 3145 3144
f 3025 3026 3146
f 3025 3146 3145
f 3026 3027 3147
f 3026 3147 3146
f 3027 3028 3148
f 3027 3148 3147
f 3028 3029 3149
f 3028 3149 3148
f 3029 3030 3150
f 3029 3150 3149
f 3030 3031 3151
f 3030 3151 3150
f 3031 3032 3152
f 3031 3152 3151
f 3032 3033 3153
f 3032 3153 3152
f 3033 3034 3154
f 3033 3154 3153
f 3034 3035 3155
f 3034 3155 3154
f 3035 3036 3156
f 3035 3156 3155
f 3036 3037 3157
f 3036 3157 3156
f 3037 3038 3158
f 3037 3158 3157
f 3038 3039 3159
f 3038 3159 3158
f 3039 3040 3160
f 3039 3160 3159
f 3040 3041 3161
f 3040 3161 3160
f 3041 3042 3162
f 3041 3162 3161
f 3042 3043 3163
f 3042 3163 3162
f 3043 3044 3164
f 3043 3164 3163
f 3044 3045 3165
f 3044 3165 3164
f 3045 3046 3166
f 3045 3166 3165
f 3046 3047 3167
f 3046 3167 3166
f 3047 3048 3168
f 3047 3168 3167
f 3048 3049 3169
f 3048 3169 3168
f 3049 3050 3170
f 3049 3170 3169
f 3050 3051 3171
f 3050 3171 3170
f 3051 3052 3172
f 3051 3172 3171
f 3052 3053 3173
f 3052 3173 3172
f 3053 3054 3174
f 3053 3174 3173
f 3054 3055 3175
f 3054 3175 3174
f 3055 3056 3176
f 3055 3176 3175
f 3056 3057 3177
f 3056 3177 3176
f 3057 3058 3178
f 3057 3178 3177
f 3058 3059 3179
f 3058 3179 3178
f 3059 3060 3180
f 3059 3180 3179
f 3060 3061 3181
f 3060 3181 3180
f 3061 3062 3182
f 3061 3182 3181
f 3062 3063 3183
f 3062 3183 3182
f 3063 3064 3184
f 3063 3184 3183
f 3064 3065 3185
f 3064 3185 3184
f 3065 3066 3186
f 3065 3186 3185
f 3066 3067 3187
f 3066 3187 3186
f 3067 3068 3188
f 3067 3188 3187
f 3068 3069 3189
f 3068 3189 3188
f 3069 3070 3190
f 3069 3190 3189
f 3070 3071 3191
f 3070 3191 3190
f 3071 3072 3192
f 3071 3192 3191
f 3072 3073 3193
f 3072 3193 3192
f 3073 3074 3194
f 3073 3194 3193
f 3074 3075 3195
f 3074 3195 3194
f 3075 3076 3196
f 3075 3196 3195
f 3076 3077 3197
f 3076 3197 3196
f 3077 3078 3198
f 3077 3198 3197
f 3078 3079 3199
f 3078 3199 3198
f 3079 3080 3200
f 3079 3200 3199
f 3080 3081 3201
f 3080 3201 3200
f 3081 3082 3202
f 3081 3202 3201
f 3082 3083 3203
f 3082 3203 3202
f 3083 3084 3204
f 3083 3204 3203
f 3084 3085 3205
f 3084 3205 3204
f 3085 3086 3206
f 3085 3206 3205
f 3086 3087 3207
f 3086 3207 3206
f 3087 3088 3208
f 3087 3208 3207
f 3088 3089 3209
f 3088 3209 3208
f 3089 3090 3210
f 3089 3210 3209
f 3090 3091 3211
f 3090 3211 3210
f 3091 3092 3212
f 3091 3212 3211
f 3092 3093 3213
f 3092 3213 3212
f 3093 3094 3214
f 3093 3214 3213
f 3094 3095 3215
f 3094 3215 3214
f 3095 3096 3216
f 3095 3216 3215
f 3096 3097 3217
f 3096 3217 3216
f 3097 3098 3218
f 3097 3218 3217
f 3098 3099 3219
f 3098 3219 3218
f 3099 3100 3220
f 3099 3220 3219
f 3100 3101 3221
f 3100 3221 3220
f 3101 3102 3222
f 3101 3222 3221
f 3102 3103 3223
f 3102 3223 3222
f 3103 3104 3224
f 3103 3224 3223
f 3104 3105 3225
f 3104 3225 3224
f 3105 3106 3226
f 3105 3226 3225
f 3106 3107 3227
f 3106 3227 3226
f 3107 3108 3228
f 3107 3228 3227
f 3108 3109 3229
f 3108 3229 3228
f 3109 3110 3230
f 3109 3230 3229
f 3110 3111 3231
f 3110 3231 3230
f 3111 3112 3232
f 3111 3232 3231
f 3112 3113 3233
f 3112 3233 3232
f 3113 3114 3234
f 3113 3234 3233
f 3114 3115 3235
f 3114 3235 3234
f 3115 3116 3236
f 3115 3236 3235
f 3116 3117 3237
f 3116 3237 3236
f 3117 3118 3238
f 3117 3238 3237
f 3118 3119 3239
f 3118 3239 3238
f 3119 3120 3240
f 3119 3240 3239
f 3120 3121 3241
f 3120 3241 3240
f 3121 3002 3122
f 3121 3122 3241
f 3122 3123 3243
f 3122 3243 3242
f 3123 3124 3244
f 3123 3244 3243
f 3124 3125 3245
f 3124 3245 3244
f 3125 3126 3246
f 3125 3246 3245
f 3126 3127 3247
f 3126 3247 3246
f 3127 3128 3248
f 3127 3248 3247
f 3128 3129 3249
f 3128 3249 3248
f 3129 3130 3250
f 3129 3250 3249
f 3130 3131 3251
f 3130 3251 3250
f 3131 3132 3252
f 3131 3252 3251
f 3132 3133 3253
f 3132 3253 3252
f 3133 3134 3254
f 3133 3254 3253
f 3134 3135 3255
f 3134 3255 3254
f 3135 3136 3256
f 3135 3256 3255
f 3136 3137 3257
f 3136 3257 3256
f 3137 3138 3258
f 3137 3258 3257
f 3138 3139 3259
f 3138 3259 3258
f 3139 3140 3260
f 3139 3260 3259
f 3140 3141 3261
f 3140 3261 3260
f 3141 3142 3262
f 3141 3262 3261
f 3142 3143 3263
f 3142 3263 3262
f 3143 3144 3264
f 3143 3264 3263
f 3144 3145 3265
f 3144 3265 3264
f 3145 3146 3266
f 3145 3266 3265
f 3146 3147 3267
f 3146 3267 3266
f 3147 3148 3268
f 3147 3268 3267
f 3148 3149 3269
f 3148 3269 3268
f 3149 3150 3270
f 3149 3270 3269
f 3150 3151 3271
f 3150 3271 3270
f 3151 3152 3272
f 3151 3272 3271
f 3152 3153 3273
f 3152 3273 3272
f 3153 3154 3274
f 3153 3274 3273
f 3154 3155 3275
f 3154 3275 3274
f 3155 3156 3276
f 3155 3276 3275
f 3156 3157 3277
f 3156 3277 3276
f 3157 3158 3278
f 3157 3278 3277
f 3158 3159 3279
f 3158 3279 3278
f 3159 3160 3280
f 3159 3280 3279
f 3160 3161 3281
f 3160 3281 3280
f 3161 3162 3282
f 3161 3282 3281
f 3162 3163 3283
f 3162 3283 3282
f 3163 3164 3284
f 3163 3284 3283
f 3164 3165 3285
f 3164 3285 3284
f 3165 3166 3286
f 3165 3286 3285
f 3166 3167 3287
f 3166 3287 3286
f 3167 3168 3288
f 3167 3288 3287
f 3168 3169 3289
f 3168 3289 3288
f 3169 3170 3290
f 3169 3290 3289
f 3170 3171 3291
f 3170 3291 3290
f 3171 3172 3292
f 3171 3292 3291
f 3172 3173 3293
f 3172 3293 3292
f 3173 3174 3294
f 3173 3294 3293
f 3174 3175 3295
f 3174 3295 3294
f 3175 3176 3296
f 3175 3296 3295
f 3176 3177 3297
f 3176 3297 3296
f 3177 3178 3298
f 3177 3298 3297
f 3178 3179 3299
f 3178 3299 3298
f 3179 3180 3300
f 3179 3300 3299
f 3180 3181 3301
f 3180 3301 3300
f 3181 3182 3302
f 3181 3302 3301
f 3182 3183 3303
f 3182 3303 3302
f 3183 3184 3304
f 3183 3304 3303
f 3184 3185 3305
f 3184 3305 3304
f 3185 3186 3306
f 3185 3306 3305
f 3186 3187 3307
f 3186 3307 3306
f 3187 3188 3308
f 3187 3308 3307
f 3188 3189 3309
f 3188 3309 3308
f 3189 3190 3310
f 3189 3310 3309
f 3190 3191 3311
f 3190 3311 3310
f 3191 3192 3312
f 3191 3312 3311
f 3192 3193 3313
f 3192 3313 3312
f 3193 3194 3314
f 3193 3314 3313
f 3194 3195 3315
f 3194 3315 3314
f 3195 3196 3316
f 3195 3316 3315
f 3196 3197 3317
f 3196 3317 3316
f 3197 3198 3318
f 3197 3318 3317
f 3198 3199 3319
f 3198 3319 3318
f 3199 3200 3320
f 3199 3320 3319
f 3200 3201 3321
f 3200 3321 3320
f 3201 3202 3322
f 3201 3322 3321
f 3202 3203 3323
f 3202 3323 3322
f 3203 3204 3324
f 3203 3324 3323
f 3204 3205 3325
f 3204 3325 3324
f 3205 3206 3326
f 3205 3326 3325
f 3206 3207 3327
f 3206 3327 3326
f 3207 3208 3328
f 3207 3328 3327
f 3208 3209 3329
f 3208 3329 3328
f 3209 3210 3330
f 3209 3330 3329
f 3210 3211 3331
f 3210 3331 3330
f 3211 3212 3332
f 3211 3332 3331
f 3212 3213 3333
f 3212 3333 3332
f 3213 3214 3334
f 3213 3334 3333
f 3214 3215 3335
f 3214 3335 3334
f 3215 3216 3336
f 3215 3336 3335
f 3216 3217 3337
f 3216 3337 3336
f 3217 3218 3338
f 3217 3338 3337
f 3218 3219 3339
f 3218 3339 3338
f 3219 3220 3340
f 3219 3340 3339
f 3220 3221 3341
f 3220 3341 3340
f 3221 3222 3342
f 3221 3342 3341
f 3222 3223 3343
f 3222 3343 3342
f 3223 3224 3344
f 3223 3344 3343
f 3224 3225 3345
f 3224 3345 3344
f 3225 3226 3346
f 3225 3346 3345
f 3226 3227 3347
f 3226 3347 3346
f 3227 3228 3348
f 3227 3348 3347
f 3228 3229 3349
f 3228 3349 3348
f 3229 3230 3350
f 3229 3350 3349
f 3230 3231 3351
f 3230 3351 3350
f 3231 3232 3352
f 3231 3352 3351
f 3232 3233 3353
f 3232 3353 3352
f 3233 3234 3354
f 3233 3354 3353
f 3234 3235 3355
f 3234 3355 3354
f 3235 3236 3356
f 3235 3356 3355
f 3236 3237 3357
f 3236 3357 3356
f 3237 3238 3358
f 3237 3358 3357
f 3238 3239 3359
f 3238 3359 3358
f 3239 3240 3360
f 3239 3360 3359
f 3240 3241 3361
f 3240 3361 3360
f 3241 3122 3242
f 3241 3242 3361
f 3242 3243 3363
f 3242 3363 3362
f 3243 3244 3364
f 3243 3364 3363
f 3244 3245 3365
f 3244 3365 3364
f 3245 3246 3366
f 3245 3366 3365
f 3246 3247 3367
f 3246 3367 3366
f 3247 3248 3368
f 3247 3368 3367
f 3248 3249 3369
f 3248 3369 3368
f 3249 3250 3370
f 3249 3370 3369
f 3250 3251 3371
f 3250 3371 3370
f 3251 3252 3372
f 3251 3372 3371
f 3252 3253 3373
f 3252 3373 3372
f 3253 3254 3374
f 3253 3374 3373
f 3254 3255 3375
f 3254 3375 3374
f 3255 3256 3376
f 3255 3376 3375
f 3256 3257 3377
f 3256 3377 3376
f 3257 3258 3378
f 3257 3378 3377
f 3258 3259 3379
f 3258 3379 3378
f 3259 3260 3380
f 3259 3380 3379
f 3260 3261 3381
f 3260 3381 3380
f 3261 3262 3382
f 3261 3382 3381
f 3262 3263 3383
f 3262 3383 3382
f 3263 3264 3384
f 3263 3384 3383
f 3264 3265 3385
f 3264 3385 3384
f 3265 3266 3386
f 3265 3386 3385
f 3266 3267 3387
f 3266 3387 3386
f 3267 3268 3388
f 3267 3388 3387
f 3268 3269 3389
f 3268 3389 3388
f 3269 3270 3390
f 3269 3390 3389
f 3270 3271 3391
f 3270 3391 3390
f 3271 3272 3392
f 3271 3392 3391
f 3272 3273 3393
f 3272 3393 3392
f 3273 3274 3394
f 3273 3394 3393
f 3274 3275 3395
f 3274 3395 3394
f 3275 3276 3396
f 3275 3396 3395
f 3276 3277 3397
f 3276 3397 3396
f 3277 3278 3398
f 3277 3398 3397
f 3278 3279 3399
f 3278 3399 3398
f 3279 3280 3400
f 3279 3400 3399
f 3280 3281 3401
f 3280 3401 3400
f 3281 3282 3402
f 3281 3402 3401
f 3282 3283 3403
f 3282 3403 3402
f 3283 3284 3404
f 3283 3404 3403
f 3284 3285 3405
f 3284 3405 3404
f 3285 3286 3406
f 3285 3406 3405
f 3286 3287 3407
f 3286 3407 3406
f 3287 3288 3408
f 3287 3408 3407
f 3288 3289 3409
f 3288 3409 3408
f 3289 3290 3410
f 3289 3410 3409
f 3290 3291 3411
f 3290 3411 3410
f 3291 3292 3412
f 3291 3412 3411
f 3292 3293 3413
f 3292 3413 3412
f 3293 3294 3414
f 3293 3414 3413
f 3294 3295 3415
f 3294 3415 3414
f 3295 3296 3416
f 3295 3416 3415
f 3296 3297 3417
f 3296 3417 3416
f 3297 3298 3418
f 3297 3418 3417
f 3298 3299 3419
f 3298 3419 3418
f 3299 3300 3420
f 3299 3420 3419
f 3300 3301 3421
f 3300 3421 3420
f 3301 3302 3422
f 3301 3422 3421
f 3302 3303 3423
f 3302 3423 3422
f 3303 3304 3424
f 3303 3424 3423
f 3304 3305 3425
f 3304 3425 3424
f 3305 3306 3426
f 3305 3426 3425
f 3306 3307 3427
f 3306 3427 3426
f 3307 3308 3428
f 3307 3428 3427
f 3308 3309 3429
f 3308 3429 3428
f 3309 3310 3430
f 3309 3430 3429
f 3310 3311 3431
f 3310 3431 3430
f 3311 3312 3432
f 3311 3432 3431
f 3312 3313 3433
f 3312 3433 3432
f 3313 3314 3434
f 3313 3434 3433
f 3314 3315 3435
f 3314 3435 3434
f 3315 3316 3436
f 3315 3436 3435
f 3316 3317 3437
f 3316 3437 3436
f 3317 3318 3438
f 3317 3438 3437
f 3318 3319 3439
f 3318 3439 3438
f 3319 3320 3440
f 3319 3440 3439
f 3320 3321 3441
f 3320 3441 3440
f 3321 3322 3442
f 3321 3442 3441
f 3322 3323 3443
f 3322 3443 3442
f 3323 3324 3444
f 3323 3444 3443
f 3324 3325 3445
f 3324 3445 3444
f 3325 3326 3446
f 3325 3446 3445
f 3326 3327 3447
f 3326 3447 3446
f 3327 3328 3448
f 3327 3448 3447
f 3328 3329 3449
f 3328 3449 3448
f 3329 3330 3450
f 3329 3450 3449
f 3330 3331 3451
f 3330 3451 3450
f 3331 3332 3452
f 3331 3452 3451
f 3332 3333 3453
f 3332 3453 3452
f 3333 3334 3454
f 3333 3454 3453
f 3334 3335 3455
f 3334 3455 3454
f 3335 3336 3456
f 3335 3456 3455
f 3336 3337 3457
f 3336 3457 3456
f 3337 3338 3458
f 3337 3458 3457
f 3338 3339 3459
f 3338 3459 3458
f 3339 3340 3460
f 3339 3460 3459
f 3340 3341 3461
f 3340 3461 3460
f 3341 3342 3462
f 3341 3462 3461
f 3342 3343 3463
f 3342 3463 3462
f 3343 3344 3464
f 3343 3464 3463
f 3344 3345 3465
f 3344 3465 3464
f 3345 3346 3466
f 3345 3466 3465
f 3346 3347 3467
f 3346 3467 3466
f 3347 3348 3468
f 3347 3468 3467
f 3348 3349 3469
f 3348 3469 3468
f 3349 3350 3470
f 3349 3470 3469
f 3350 3351 3471
f 3350 3471 3470
f 3351 3352 3472
f 3351 3472 3471
f 3352 3353 3473
f 3352 3473 3472
f 3353 3354 3474
f 3353 3474 3473
f 3354 3355 3475
f 3354 3475 3474
f 3355 3356 3476
f 3355 3476 3475
f 3356 3357 3477
f 3356 3477 3476
f 3357 3358 3478
f 3357 3478 3477
f 3358 3359 3479
f 3358 3479 3478
f 3359 3360 3480
f 3359 3480 3479
f 3360 3361 3481
f 3360 3481 3480
f 3361 3242 3362
f 3361 3362 3481
f 3362 3363 3483
f 3362 3483 3482
f 3363 3364 3484
f 3363 3484 3483
f 3364 3365 3485
f 3364 3485 3484
f 3365 3366 3486
f 3365 3486 3485
f 3366 3367 3487
f 3366 3487 3486
f 3367 3368 3488
f 3367 3488 3487
f 3368 3369 3489
f 3368 3489 3488
f 3369 3370 3490
f 3369 3490 3489
f 3370 3371 3491
f 3370 3491 3490
f 3371 3372 3492
f 3371 3492 3491
f 3372 3373 3493
f 3372 3493 3492
f 3373 3374 3494
f 3373 3494 3493
f 3374 3375 3495
f 3374 3495 3494
f 3375 3376 3496
f 3375 3496 3495
f 3376 3377 3497
f 3376 3497 3496
f 3377 3378 3498
f 3377 3498 3497
f 3378 3379 3499
f 3378 3499 3498
f 3379 3380 3500
f 3379 3500 3499
f 3380 3381 3501
f 3380 3501 3500
f 3381 3382 3502
f 3381 3502 3501
f 3382 3383 3503
f 3382 3503 3502
f 3383 3384 3504
f 3383 3504 3503
f 3384 3385 3505
f 3384 3505 3504
f 3385 3386 3506
f 3385 3506 3505
f 3386 3387 3507
f 3386 3507 3506
f 3387 3388 3508
f 3387 3508 3507
f 3388 3389 3509
f 3388 3509 3508
f 3389 3390 3510
f 3389 3510 3509
f 3390 3391 3511
f 3390 3511 3510
f 3391 3392 3512
f 3391 3512 3511
f 3392 3393 3513
f 3392 3513 3512
f 3393 3394 3514
f 3393 3514 3513
f 3394 3395 3515
f 3394 3515 3514
f 3395 3396 3516
f 3395 3516 3515
f 3396 3397 3517
f 3396 3517 3516
f 3397 3398 3518
f 3397 3518 3517
f 3398 3399 3519
f 3398 3519 3518
f 3399 3400 3520
f 3399 3520 3519
f 3400 3401 3521
f 3400 3521 3520
f 3401 3402 3522
f 3401 3522 3521
f 3402 3403 3523
f 3402 3523 3522
f 3403 3404 3524
f 3403 3524 3523
f 3404 3405 3525
f 3404 3525 3524
f 3405 3406 3526
f 3405 3526 3525
f 3406 3407 3527
f 3406 3527 3526
f 3407 3408 3528
f 3407 3528 3527
f 3408 3409 3529
f 3408 3529 3528
f 3409 3410 3530
f 3409 3530 3529
f 3410 3411 3531
f 3410 3531 3530
f 3411 3412 3532
f 3411 3532 3531
f 3412 3413 3533
f 3412 3533 3532
f 3413 3414 3534
f 3413 3534 3533
f 3414 3415 3535
f 3414 3535 3534
f 3415 3416 3536
f 3415 3536 3535
f 3416 3417 3537
f 3416 3537 3536
f 3417 3418 3538
f 3417 3538 3537
f 3418 3419 3539
f 3418 3539 3538
f 3419 3420 3540
f 3419 3540 3539
f 3420 3421 3541
f 3420 3541 3540
f 3421 3422 3542
f 3421 3542 3541
f 3422 3423 3543
f 3422 3543 3542
f 3423 3424 3544
f 3423 3544 3543
f 3424 3425 3545
f 3424 3545 3544
f 3425 3426 3546
f 3425 3546 3545
f 3426 3427 3547
f 3426 3547 3546
f 3427 3428 3548
f 3427 3548 3547
f 3428 3429 3549
f 3428 3549 3548
f 3429 3430 3550
f 3429 3550 3549
f 3430 3431 3551
f 3430 3551 3550
f 3431 3432 3552
f 3431 3552 3551
f 3432 3433 3553
f 3432 3553 3552
f 3433 3434 3554
f 3433 3554 3553
f 3434 3435 3555
f 3434 3555 3554
f 3435 3436 3556
f 3435 3556 3555
f 3436 3437 3557
f 3436 3557 3556
f 3437 3438 3558
f 3437 3558 3557
f 3438 3439 3559
f 3438 3559 3558
f 3439 3440 3560
f 3439 3560 3559
f 3440 3441 3561
f 3440 3561 3560
f 3441 3442 3562
f 3441 3562 3561
f 3442 3443 3563
f 3442 3563 3562
f 3443 3444 3564
f 3443 3564 3563
f 3444 3445 3565
f 3444 3565 3564
f 3445 3446 3566
f 3445 3566 3565
f 3446 3447 3567
f 3446 3567 3566
f 3447 3448 3568
f 3447 3568 3567
f 3448 3449 3569
f 3448 3569 3568
f 3449 3450 3570
f 3449 3570 3569
f 3450 3451 3571
f 3450 3571 3570
f 3451 3452 3572
f 3451 3572 3571
f 3452 3453 3573
f 3452 3573 3572
f 3453 3454 3574
f 3453 3574 3573
f 3454 3455 3575
f 3454 3575 3574
f 3455 3456 3576
f 3455 3576 3575
f 3456 3457 3577
f 3456 3577 3576
f 3457 3458 3578
f 3457 3578 3577
f 3458 3459 3579
f 3458 3579 3578
f 3459 3460 3580
f 3459 3580 3579
f 3460 3461 3581
f 3460 3581 3580
f 3461 3462 3582
f 3461 3582 3581
f 3462 3463 3583
f 3462 3583 3582
f 3463 3464 3584
f 3463 3584 3583
f 3464 3465 3585
f 3464 3585 3584
f 3465 3466 3586
f 3465 3586 3585
f 3466 3467 3587
f 3466 3587 3586
f 3467 3468 3588
f 3467 3588 3587
f 3468 3469 3589
f 3468 3589 3588
f 3469 3470 3590
f 3469 3590 3589
f 3470 3471 3591
f 3470 3591 3590
f 3471 3472 3592
f 3471 3592 3591
f 3472 3473 3593
f 3472 3593 3592
f 3473 3474 3594
f 3473 3594 3593
f 3474 3475 3595
f 3474 3595 3594
f 3475 3476 3596
f 3475 3596 3595
f 3476 3477 3597
f 3476 3597 3596
f 3477 3478 3598
f 3477 3598 3597
f 3478 3479 3599
f 3478 3599 3598
f 3479 3480 3600
f 3479 3600 3599
f 3480 3481 3601
f 3480 3601 3600
f 3481 3362 3482
f 3481 3482 3601
f 3482 3483 3603
f 3482 3603 3602
f 3483 3484 3604
f 3483 3604 3603
f 3484 3485 3605
f 3484 3605 3604
f 3485 3486 3606
f 3485 3606 3605
f 3486 3487 3607
f 3486 3607 3606
f 3487 3488 3608
f 3487 3608 3607
f 3488 3489 3609
f 3488 3609 3608
f 3489 3490 3610
f 3489 3610 3609
f 3490 3491 3611
f 3490 3611 3610
f 3491 3492 3612
f 3491 3612 3611
f 3492 3493 3613
f 3492 3613 3612
f 3493 3494 3614
f 3493 3614 3613
f 3494 3495 3615
f 3494 3615 3614
f 3495 3496 3616
f 3495 3616 3615
f 3496 3497 3617
f 3496 3617 3616
f 3497 3498 3618
f 3497 3618 3617
f 3498 3499 3619
f 3498 3619 3618
f 3499 3500 3620
f 3499 3620 3619
f 3500 3501 3621
f 3500 3621 3620
f 3501 3502 3622
f 3501 3622 3621
f 3502 3503 3623
f 3502 3623 3622
f 3503 3504 3624
f 3503 3624 3623
f 3504 3505 3625
f 3504 3625 3624
f 3505 3506 3626
f 3505 3626 3625
f 3506 3507 3627
f 3506 3627 3626
f 3507 3508 3628
f 3507 3628 3627
f 3508 3509 3629
f 3508 3629 3628
f 3509 3510 3630
f 3509 3630 3629
f 3510 3511 3631
f 3510 3631 3630
f 3511 3512 3632
f 3511 3632 3631
f 3512 3513 3633
f 3512 3633 3632
f 3513 3514 3634
f 3513 3634 3633
f 3514 3515 3635
f 3514 3635 3634
f 3515 3516 3636
f 3515 3636 3635
f 3516 3517 3637
f 3516 3637 3636
f 3517 3518 3638
f 3517 3638 3637
f 3518 3519 3639
f 3518 3639 3638
f 3519 3520 3640
f 3519 3640 3639
f 3520 3521 3641
f 3520 3641 3640
f 3521 3522 3642
f 3521 3642 3641
f 3522 3523 3643
f 3522 3643 3642
f 3523 3524 3644
f 3523 3644 3643
f 3524 3525 3645
f 3524 3645 3644
f 3525 3526 3646
f 3525 3646 3645
f 3526 3527 3647
f 3526 3647 3646
f 3527 3528 3648
f 3527 3648 3647
f 3528 3529 3649
f 3528 3649 3648
f 3529 3530 3650
f 3529 3650 3649
f 3530 3531 3651
f 3530 3651 3650
f 3531 3532 3652
f 3531 3652 3651
f 3532 3533 3653
f 3532 3653 3652
f 3533 3534 3654
f 3533 3654 3653
f 3534 3535 3655
f 3534 3655 3654
f 3535 3536 3656
f 3535 3656 3655
f 3536 3537 3657
f 3536 3657 3656
f 3537 3538 3658
f 3537 3658 3657
f 3538 3539 3659
f 3538 3659 3658
f 3539 3540 3660
f 3539 3660 3659
f 3540 3541 3661
f 3540 3661 3660
f 3541 3542 3662
f 3541 3662 3661
f 3542 3543 3663
f 3542 3663 3662
f 3543 3544 3664
f 3543 3664 3663
f 3544 3545 3665
f 3544 3665 3664
f 3545 3546 3666
f 3545 3666 3665
f 3546 3547 3667
f 3546 3667 3666
f 3547 3548 3668
f 3547 3668 3667
f 3548 3549 3669
f 3548 3669 3668
f 3549 3550 3670
f 3549 3670 3669
f 3550 3551 3671
f 3550 3671 3670
f 3551 3552 3672
f 3551 3672 3671
f 3552 3553 3673
f 3552 3673 3672
f 3553 3554 3674
f 3553 3674 3673
f 3554 3555 3675
f 3554 3675 3674
f 3555 3556 3676
f 3555 3676 3675
f 3556 3557 3677
f 3556 3677 3676
f 3557 3558 3678
f 3557 3678 3677
f 3558 3559 3679
f 3558 3679 3678
f 3559 3560 3680
f 3559 3680 3679
f 3560 3561 3681
f 3560 3681 3680
f 3561 3562 3682
f 3561 3682 3681
f 3562 3563 3683
f 3562 3683 3682
f 3563 3564 3684
f 3563 3684 3683
f 3564 3565 3685
f 3564 3685 3684
f 3565 3566 3686
f 3565 3686 3685
f 3566 3567 3687
f 3566 3687 3686
f 3567 3568 3688
f 3567 3688 3687
f 3568 3569 3689
f 3568 3689 3688
f 3569 3570 3690
f 3569 3690 3689
f 3570 3571 3691
f 3570 3691 3690
f 3571 3572 3692
f 3571 3692 3691
f 3572 3573 3693
f 3572 3693 3692
f 3573 3574 3694
f 3573 3694 3693
f 3574 3575 3695
f 3574 3695 3694
f 3575 3576 3696
f 3575 3696 3695
f 3576 3577 3697
f 3576 3697 3696
f 3577 3578 3698
f 3577 3698 3697
f 3578 3579 3699
f 3578 3699 3698
f 3579 3580 3700
f 3579 3700 3699
f 3580 3581 3701
f 3580 3701 3700
f 3581 3582 3702
f 3581 3702 3701
f 3582 3583 3703
f 3582 3703 3702
f 3583 3584 3704
f 3583 3704 3703
f 3584 3585 3705
f 3584 3705 3704
f 3585 3586 3706
f 3585 3706 3705
f 3586 3587 3707
f 3586 3707 3706
f 3587 3588 3708
f 3587 3708 3707
f 3588 3589 3709
f 3588 3709 3708
f 3589 3590 3710
f 3589 3710 3709
f 3590 3591 3711
f 3590 3711 3710
f 3591 3592 3712
f 3591 3712 3711
f 3592 3593 3713
f 3592 3713 3712
f 3593 3594 3714
f 3593 3714 3713
f 3594 3595 3715
f 3594 3715 3714
f 3595 3596 3716
f 3595 3716 3715
f 3596 3597 3717
f 3596 3717 3716
f 3597 3598 3718
f 3597 3718 3717
f 3598 3599 3719
f 3598 3719 3718
f 3599 3600 3720
f 3599 3720 3719
f 3600 3601 3721
f 3600 3721 3720
f 3601 3482 3602
f 3601 3602 3721
f 3602 3603 3723
f 3602 3723 3722
f 3603 3604 3724
f 3603 3724 3723
f 3604 3605 3725
f 3604 3725 3724
f 3605 3606 3726
f 3605 3726 3725
f 3606 3607 3727
f 3606 3727 3726
f 3607 3608 3728
f 3607 3728 3727
f 3608 3609 3729
f 3608 3729 3728
f 3609 3610 3730
f 3609 3730 3729
f 3610 3611 3731
f 3610 3731 3730
f 3611 3612 3732
f 3611 3732 3731
f 3612 3613 3733
f 3612 3733 3732
f 3613 3614 3734
f 3613 3734 3733
f 3614 3615 3735
f 3614 3735 3734
f 3615 3616 3736
f 3615 3736 3735
f 3616 3617 3737
f 3616 3737 3736
f 3617 3618 3738
f 3617 3738 3737
f 3618 3619 3739
f 3618 3739 3738
f 3619 3620 3740
f 3619 3740 3739
f 3620 3621 3741
f 3620 3741 3740
f 3621 3622 3742
f 3621 3742 3741
f 3622 3623 3743
f 3622 3743 3742
f 3623 3624 3744
f 3623 3744 3743
f 3624 3625 3745
f 3624 3745 3744
f 3625 3626 3746
f 3625 3746 3745
f 3626 3627 3747
f 3626 3747 3746
f 3627 3628 3748
f 3627 3748 3747
f 3628 3629 3749
f 3628 3749 3748
f 3629 3630 3750
f 3629 3750 3749
f 3630 3631 3751
f 3630 3751 3750
f 3631 3632 3752
f 3631 3752 3751
f 3632 3633 3753
f 3632 3753 3752
f 3633 3634 3754
f 3633 3754 3753
f 3634 3635 3755
f 3634 3755 3754
f 3635 3636 3756
f 3635 3756 3755
f 3636 3637 3757
f 3636 3757 3756
f 3637 3638 3758
f 3637 3758 3757
f 3638 3639 3759
f 3638 3759 3758
f 3639 3640 3760
f 3639 3760 3759
f 3640 3641 3761
f 3640 3761 3760
f 3641 3642 3762
f 3641 3762 3761
f 3642 3643 3763
f 3642 3763 3762
f 3643 3644 3764
f 3643 3764 3763
f 3644 3645 3765
f 3644 3765 3764
f 3645 3646 3766
f 3645 3766 3765
f 3646 3647 3767
f 3646 3767 3766
f 3647 3648 3768
f 3647 3768 3767
f 3648 3649 3769
f 3648 3769 3768
f 3649 3650 3770
f 3649 3770 3769
f 3650 3651 3771
f 3650 3771 3770
f 3651 3652 3772
f 3651 3772 3771
f 3652 3653 3773
f 3652 3773 3772
f 3653 3654 3774
f 3653 3774 3773
f 3654 3655 3775
f 3654 3775 3774
f 3655 3656 3776
f 3655 3776 3775
f 3656 3657 3777
f 3656 3777 3776
f 3657 3658 3778
f 3657 3778 3777
f 3658 3659 3779
f 3658 3779 3778
f 3659 3660 3780
f 3659 3780 3779
f 3660 3661 3781
f 3660 3781 3780
f 3661 3662 3782
f 3661 3782 3781
f 3662 3663 3783
f 3662 3783 3782
f 3663 3664 3784
f 3663 3784 3783
f 3664 3665 3785
f 3664 3785 3784
f 3665 3666 3786
f 3665 3786 3785
f 3666 3667 3787
f 3666 3787 3786
f 3667 3668 3788
f 3667 3788 3787
f 3668 3669 3789
f 3668 3789 3788
f 3669 3670 3790
f 3669 3790 3789
f 3670 3671 3791
f 3670 3791 3790
f 3671 3672 3792
f 3671 3792 3791
f 3672 3673 3793
f 3672 3793 3792
f 3673 3674 3794
f 3673 3794 3793
f 3674 3675 3795
f 3674 3795 3794
f 3675 3676 3796
f 3675 3796 3795
f 3676 3677 3797
f 3676 3797 3796
f 3677 3678 3798
f 3677 3798 3797
f 3678 3679 3799
f 3678 3799 3798
f 3679 3680 3800
f 3679 3800 3799
f 3680 3681 3801
f 3680 3801 3800
f 3681 3682 3802
f 3681 3802 3801
f 3682 3683 3803
f 3682 3803 3802
f 3683 3684 3804
f 3683 3804 3803
f 3684 3685 3805
f 3684 3805 3804
f 3685 3686 3806
f 3685 3806 3805
f 3686 3687 3807
f 3686 3807 3806
f 3687 3688 3808
f 3687 3808 3807
f 3688 3689 3809
f 3688 3809 3808
f 3689 3690 3810
f 3689 3810 3809
f 3690 3691 3811
f 3690 3811 3810
f 3691 3692 3812
f 3691 3812 3811
f 3692 3693 3813
f 3692 3813 3812
f 3693 3694 3814
f 3693 3814 3813
f 3694 3695 3815
f 3694 3815 3814
f 3695 3696 3816
f 3695 3816 3815
f 3696 3697 3817
f 3696 3817 3816
f 3697 3698 3818
f 3697 3818 3817
f 3698 3699 3819
f 3698 3819 3818
f 3699 3700 3820
f 3699 3820 3819
f 3700 3701 3821
f 3700 3821 3820
f 3701 3702 3822
f 3701 3822 3821
f 3702 3703 3823
f 3702 3823 3822
f 3703 3704 3824
f 3703 3824 3823
f 3704 3705 3825
f 3704 3825 3824
f 3705 3706 3826
f 3705 3826 3825
f 3706 3707 3827
f 3706 3827 3826
f 3707 3708 3828
f 3707 3828 3827
f 3708 3709 3829
f 3708 3829 3828
f 3709 3710 3830
f 3709 3830 3829
f 3710 3711 3831
f 3710 3831 3830
f 3711 3712 3832
f 3711 3832 3831
f 3712 3713 3833
f 3712 3833 3832
f 3713 3714 3834
f 3713 3834 3833
f 3714 3715 3835
f 3714 3835 3834
f 3715 3716 3836
f 3715 3836 3835
f 3716 3717 3837
f 3716 3837 3836
f 3717 3718 3838
f 3717 3838 3837
f 3718 3719 3839
f 3718 3839 3838
f 3719 3720 3840
f 3719 3840 3839
f 3720 3721 3841
f 3720 3841 3840
f 3721 3602 3722
f 3721 3722 3841
f 3722 3723 3843
f 3722 3843 3842
f 3723 3724 3844
f 3723 3844 3843
f 3724 3725 3845
f 3724 3845 3844
f 3725 3726 3846
f 3725 3846 3845
f 3726 3727 3847
f 3726 3847 3846
f 3727 3728 3848
f 3727 3848 3847
f 3728 3729 3849
f 3728 3849 3848
f 3729 3730 3850
f 3729 3850 3849
f 3730 3731 3851
f 3730 3851 3850
f 3731 3732 3852
f 3731 3852 3851
f 3732 3733 3853
f 3732 3853 3852
f 3733 3734 3854
f 3733 3854 3853
f 3734 3735 3855
f 3734 3855 3854
f 3735 3736 3856
f 3735 3856 3855
f 3736 3737 3857
f 3736 3857 3856
f 3737 3738 3858
f 3737 3858 3857
f 3738 3739 3859
f 3738 3859 3858
f 3739 3740 3860
f 3739 3860 3859
f 3740 3741 3861
f 3740 3861 3860
f 3741 3742 3862
f 3741 3862 3861
f 3742 3743 3863
f 3742 3863 3862
f 3743 3744 3864
f 3743 3864 3863
f 3744 3745 3865
f 3744 3865 3864
f 3745 3746 3866
f 3745 3866 3865
f 3746 3747 3867
f 3746 3867 3866
f 3747 3748 3868
f 3747 3868 3867
f 3748 3749 3869
f 3748 3869 3868
f 3749 3750 3870
f 3749 3870 3869
f 3750 3751 3871
f 3750 3871 3870
f 3751 3752 3872
f 3751 3872 3871
f 3752 3753 3873
f 3752 3873 3872
f 3753 3754 3874
f 3753 3874 3873
f 3754 3755 3875
f 3754 3875 3874
f 3755 3756 3876
f 3755 3876 3875
f 3756 3757 3877
f 3756 3877 3876
f 3757 3758 3878
f 3757 3878 3877
f 3758 3759 3879
f 3758 3879 3878
f 3759 3760 3880
f 3759 3880 3879
f 3760 3761 3881
f 3760 3881 3880
f 3761 3762 3882
f 3761 3882 3881
f 3762 3763 3883
f 3762 3883 3882
f 3763 3764 3884
f 3763 3884 3883
f 3764 3765 3885
f 3764 3885 3884
f 3765 3766 3886
f 3765 3886 3885
f 3766 3767 3887
f 3766 3887 3886
f 3767 3768 3888
f 3767 3888 3887
f 3768 3769 3889
f 3768 3889 3888
f 3769 3770 3890
f 3769 3890 3889
f 3770 3771 3891
f 3770 3891 3890
f 3771 3772 3892
f 3771 3892 3891
f 3772 3773 3893
f 3772 3893 3892
f 3773 3774 3894
f 3773 3894 3893
f 3774 3775 3895
f 3774 3895 3894
f 3775 3776 3896
f 3775 3896 3895
f 3776 3777 3897
f 3776 3897 3896
f 3777 3778 3898
f 3777 3898 3897
f 3778 3779 3899
f 3778 3899 3898
f 3779 3780 3900
f 3779 3900 3899
f 3780 3781 3901
f 3780 3901 3900
f 3781 3782 3902
f 3781 3902 3901
f 3782 3783 3903
f 3782 3903 3902
f 3783 3784 3904
f 3783 3904 3903
f 3784 3785 3905
f 3784 3905 3904
f 3785 3786 3906
f 3785 3906 3905
f 3786 3787 3907
f 3786 3907 3906
f 3787 3788 3908
f 3787 3908 3907
f 3788 3789 3909
f 3788 3909 3908
f 3789 3790 3910
f 3789 3910 3909
f 3790 3791 3911
f 3790 3911 3910
f 3791 3792 3912
f 3791 3912 3911
f 3792 3793 3913
f 3792 3913 3912
f 3793 3794 3914
f 3793 3914 3913
f 3794 3795 3915
f 3794 3915 3914
f 3795 3796 3916
f 3795 3916 3915
f 3796 3797 3917
f 3796 3917 3916
f 3797 3798 3918
f 3797 3918 3917
f 3798 3799 3919
f 3798 3919 3918
f 3799 3800 3920
f 3799 3920 3919
f 3800 3801 3921
f 3800 3921 3920
f 3801 3802 3922
f 3801 3922 3921
f 3802 3803 3923
f 3802 3923 3922
f 3803 3804 3924
f 3803 3924 3923
f 3804 3805 3925
f 3804 3925 3924
f 3805 3806 3926
f 3805 3926 3925
f 3806 3807 3927
f 3806 3927 3926
f 3807 3808 3928
f 3807 3928 3927
f 3808 3809 3929
f 3808 3929 3928
f 3809 3810 3930
f 3809 3930 3929
f 3810 3811 3931
f 3810 3931 3930
f 3811 3812 3932
f 3811 3932 3931
f 3812 3813 3933
f 3812 3933 3932
f 3813 3814 3934
f 3813 3934 3933
f 3814 3815 3935
f 3814 3935 3934
f 3815 3816 3936
f 3815 3936 3935
f 3816 3817 3937
f 3816 3937 3936
f 3817 3818 3938
f 3817 3938 3937
f 3818 3819 3939
f 3818 3939 3938
f 3819 3820 3940
f 3819 3940 3939
f 3820 3821 3941
f 3820 3941 3940
f 3821 3822 3942
f 3821 3942 3941
f 3822 3823 3943
f 3822 3943 3942
f 3823 3824 3944
f 3823 3944 3943
f 3824 3825 3945
f 3824 3945 3944
f 3825 3826 3946
f 3825 3946 3945
f 3826 3827 3947
f 3826 3947 3946
f 3827 3828 3948
f 3827 3948 3947
f 3828 3829 3949
f 3828 3949 3948
f 3829 3830 3950
f 3829 3950 3949
f 3830 3831 3951
f 3830 3951 3950
f 3831 3832 3952
f 3831 3952 3951
f 3832 3833 3953
f 3832 3953 3952
f 3833 3834 3954
f 3833 3954 3953
f 3834 3835 3955
f 3834 3955 3954
f 3835 3836 3956
f 3835 3956 3955
f 3836 3837 3957
f 3836 3957 3956
f 3837 3838 3958
f 3837 3958 3957
f 3838 3839 3959
f 3838 3959 3958
f 3839 3840 3960
f 3839 3960 3959
f 3840 3841 3961
f 3840 3961 3960
f 3841 3722 3842
f 3841 3842 3961
f 3842 3843 3963
f 3842 3963 3962
f 3843 3844 3964
f 3843 3964 3963
f 3844 3845 3965
f 3844 3965 3964
f 3845 3846 3966
f 3845 3966 3965
f 3846 3847 3967
f 3846 3967 3966
f 3847 3848 3968
f 3847 3968 3967
f 3848 3849 3969
f 3848 3969 3968
f 3849 3850 3970
f 3849 3970 3969
f 3850 3851 3971
f 3850 3971 3970
f 3851 3852 3972
f 3851 3972 3971
f 3852 3853 3973
f 3852 3973 3972
f 3853 3854 3974
f 3853 3974 3973
f 3854 3855 3975
f 3854 3975 3974
f 3855 3856 3976
f 3855 3976 3975
f 3856 3857 3977
f 3856 3977 3976
f 3857 3858 3978
f 3857 3978 3977
f 3858 3859 3979
f 3858 3979 3978
f 3859 3860 3980
f 3859 3980 3979
f 3860 3861 3981
f 3860 3981 3980
f 3861 3862 3982
f 3861 3982 3981
f 3862 3863 3983
f 3862 3983 3982
f 3863 3864 3984
f 3863 3984 3983
f 3864 3865 3985
f 3864 3985 3984
f 3865 3866 3986
f 3865 3986 3985
f 3866 3867 3987
f 3866 3987 3986
f 3867 3868 3988
f 3867 3988 3987
f 3868 3869 3989
f 3868 3989 3988
f 3869 3870 3990
f 3869 3990 3989
f 3870 3871 3991
f 3870 3991 3990
f 3871 3872 3992
f 3871 3992 3991
f 3872 3873 3993
f 3872 3993 3992
f 3873 3874 3994
f 3873 3994 3993
f 3874 3875 3995
f 3874 3995 3994
f 3875 3876 3996
f 3875 3996 3995
f 3876 3877 3997
f 3876 3997 3996
f 3877 3878 3998
f 3877 3998 3997
f 3878 3879 3999
f 3878 3999 3998
f 3879 3880 4000
f 3879 4000 3999
f 3880 3881 4001
f 3880 4001 4000
f 3881 3882 4002
f 3881 4002 4001
f 3882 3883 4003
f 3882 4003 4002
f 3883 3884 4004
f 3883 4004 4003
f 3884 3885 4005
f 3884 4005 4004
f 3885 3886 4006
f 3885 4006 4005
f 3886 3887 4007
f 3886 4007 4006
f 3887 3888 4008
f 3887 4008 4007
f 3888 3889 4009
f 3888 4009 4008
f 3889 3890 4010
f 3889 4010 4009
f 3890 3891 4011
f 3890 4011 4010
f 3891 3892 4012
f 3891 4012 4011
f 3892 3893 4013
f 3892 4013 4012
f 3893 3894 4014
f 3893 4014 4013
f 3894 3895 4015
f 3894 4015 4014
f 3895 3896 4016
f 3895 4016 4015
f 3896 3897 4017
f 3896 4017 4016
f 3897 3898 4018
f 3897 4018 4017
f 3898 3899 4019
f 3898 4019 4018
f 3899 3900 4020
f 3899 4020 4019
f 3900 3901 4021
f 3900 4021 4020
f 3901 3902 4022
f 3901 4022 4021
f 3902 3903 4023
f 3902 4023 4022
f 3903 3904 4024
f 3903 4024 4023
f 3904 3905 4025
f 3904 4025 4024
f 3905 3906 4026
f 3905 4026 4025
f 3906 3907 4027
f 3906 4027 4026
f 3907 3908 4028
f 3907 4028 4027
f 3908 3909 4029
f 3908 4029 4028
f 3909 3910 4030
f 3909 4030 4029
f 3910 3911 4031
f 3910 4031 4030
f 3911 3912 4032
f 3911 4032 4031
f 3912 3913 4033
f 3912 4033 4032
f 3913 3914 4034
f 3913 4034 4033
f 3914 3915 4035
f 3914 4035 4034
f 3915 3916 4036
f 3915 4036 4035
f 3916 3917 4037
f 3916 4037 4036
f 3917 3918 4038
f 3917 4038 4037
f 3918 3919 4039
f 3918 4039 4038
f 3919 3920 4040
f 3919 4040 4039
f 3920 3921 4041
f 3920 4041 4040
f 3921 3922 4042
f 3921 4042 4041
f 3922 3923 4043
f 3922 4043 4042
f 3923 3924 4044
f 3923 4044 4043
f 3924 3925 4045
f 3924 4045 4044
f 3925 3926 4046
f 3925 4046 4045
f 3926 3927 4047
f 3926 4047 4046
f 3927 3928 4048
f 3927 4048 4047
f 3928 3929 4049
f 3928 4049 4048
f 3929 3930 4050
f 3929 4050 4049
f 3930 3931 4051
f 3930 4051 4050
f 3931 3932 4052
f 3931 4052 4051
f 3932 3933 4053
f 3932 4053 4052
f 3933 3934 4054
f 3933 4054 4053
f 3934 3935 4055
f 3934 4055 4054
f 3935 3936 4056
f 3935 4056 4055
f 3936 3937 4057
f 3936 4057 4056
f 3937 3938 4058
f 3937 4058 4057
f 3938 3939 4059
f 3938 4059 4058
f 3939 3940 4060
f 3939 4060 4059
f 3940 3941 4061
f 3940 4061 4060
f 3941 3942 4062
f 3941 4062 4061
f 3942 3943 4063
f 3942 4063 4062
f 3943 3944 4064
f 3943 4064 4063
f 3944 3945 4065
f 3944 4065 4064
f 3945 3946 4066
f 3945 4066 4065
f 3946 3947 4067
f 3946 4067 4066
f 3947 3948 4068
f 3947 4068 4067
f 3948 3949 4069
f 3948 4069 4068
f 3949 3950 4070
f 3949 4070 4069
f 3950 3951 4071
f 3950 4071 4070
f 3951 3952 4072
f 3951 4072 4071
f 3952 3953 4073
f 3952 4073 4072
f 3953 3954 4074
f 3953 4074 4073
f 3954 3955 4075
f 3954 4075 4074
f 3955 3956 4076
f 3955 4076 4075
f 3956 3957 4077
f 3956 4077 4076
f 3957 3958 4078
f 3957 4078 4077
f 3958 3959 4079
f 3958 4079 4078
f 3959 3960 4080
f 3959 4080 4079
f 3960 3961 4081
f 3960 4081 4080
f 3961 3842 3962
f 3961 3962 4081
f 3962 3963 4083
f 3962 4083 4082
f 3963 3964 4084
f 3963 4084 4083
f 3964 3965 4085
f 3964 4085 4084
f 3965 3966 4086
f 3965 4086 4085
f 3966 3967 4087
f 3966 4087 4086
f 3967 3968 4088
f 3967 4088 4087
f 3968 3969 4089
f 3968 4089 4088
f 3969 3970 4090
f 3969 4090 4089
f 3970 3971 4091
f 3970 4091 4090
f 3971 3972 4092
f 3971 4092 4091
f 3972 3973 4093
f 3972 4093 4092
f 3973 3974 4094
f 3973 4094 4093
f 3974 3975 4095
f 3974 4095 4094
f 3975 3976 4096
f 3975 4096 4095
f 3976 3977 4097
f 3976 4097 4096
f 3977 3978 4098
f 3977 4098 4097
f 3978 3979 4099
f 3978 4099 4098
f 3979 3980 4100
f 3979 4100 4099
f 3980 3981 4101
f 3980 4101 4100
f 3981 3982 4102
f 3981 4102 4101
f 3982 3983 4103
f 3982 4103 4102
f 3983 3984 4104
f 3983 4104 4103
f 3984 3985 4105
f 3984 4105 4104
f 3985 3986 4106
f 3985 4106 4105
f 3986 3987 4107
f 3986 4107 4106
f 3987 3988 4108
f 3987 4108 4107
f 3988 3989 4109
f 3988 4109 4108
f 3989 3990 4110
f 3989 4110 4109
f 3990 3991 4111
f 3990 4111 4110
f 3991 3992 4112
f 3991 4112 4111
f 3992 3993 4113
f 3992 4113 4112
f 3993 3994 4114
f 3993 4114 4113
f 3994 3995 4115
f 3994 4115 4114
f 3995 3996 4116
f 3995 4116 4115
f 3996 3997 4117
f 3996 4117 4116
f 3997 3998 4118
f 3997 4118 4117
f 3998 3999 4119
f 3998 4119 4118
f 3999 4000 4120
f 3999 4120 4119
f 4000 4001 4121
f 4000 4121 4120
f 4001 4002 4122
f 4001 4122 4121
f 4002 4003 4123
f 4002 4123 4122
f 4003 4004 4124
f 4003 4124 4123
f 4004 4005 4125
f 4004 4125 4124
f 4005 4006 4126
f 4005 4126 4125
f 4006 4007 4127
f 4006 4127 4126
f 4007 4008 4128
f 4007 4128 4127
f 4008 4009 4129
f 4008 4129 4128
f 4009 4010 4130
f 4009 4130 4129
f 4010 4011 4131
f 4010 4131 4130
f 4011 4012 4132
f 4011 4132 4131
f 4012 4013 4133
f 4012 4133 4132
f 4013 4014 4134
f 4013 4134 4133
f 4014 4015 4135
f 4014 4135 4134
f 4015 4016 4136
f 4015 4136 4135
f 4016 4017 4137
f 4016 4137 4136
f 4017 4018 4138
f 4017 4138 4137
f 4018 4019 4139
f 4018 4139 4138
f 4019 4020 4140
f 4019 4140 4139
f 4020 4021 4141
f 4020 4141 4140
f 4021 4022 4142
f 4021 4142 4141
f 4022 4023 4143
f 4022 4143 4142
f 4023 4024 4144
f 4023 4144 4143
f 4024 4025 4145
f 4024 4145 4144
f 4025 4026 4146
f 4025 4146 4145
f 4026 4027 4147
f 4026 4147 4146
f 4027 4028 4148
f 4027 4148 4147
f 4028 4029 4149
f 4028 4149 4148
f 4029 4030 4150
f 4029 4150 4149
f 4030 4031 4151
f 4030 4151 4150
f 4031 4032 4152
f 4031 4152 4151
f 4032 4033 4153
f 4032 4153 4152
f 4033 4034 4154
f 4033 4154 4153
f 4034 4035 4155
f 4034 4155 4154
f 4035 4036 4156
f 4035 4156 4155
f 4036 4037 4157
f 4036 4157 4156
f 4037 4038 4158
f 4037 4158 4157
f 4038 4039 4159
f 4038 4159 4158
f 4039 4040 4160
f 4039 4160 4159
f 4040 4041 4161
f 4040 4161 4160
f 4041 4042 4162
f 4041 4162 4161
f 4042 4043 4163
f 4042 4163 4162
f 4043 4044 4164
f 4043 4164 4163
f 4044 4045 4165
f 4044 4165 4164
f 4045 4046 4166
f 4045 4166 4165
f 4046 4047 4167
f 4046 4167 4166
f 4047 4048 4168
f 4047 4168 4167
f 4048 4049 4169
f 4048 4169 4168
f 4049 4050 4170
f 4049 4170 4169
f 4050 4051 4171
f 4050 4171 4170
f 4051 4052 4172
f 4051 4172 4171
f 4052 4053 4173
f 4052 4173 4172
f 4053 4054 4174
f 4053 4174 4173
f 4054 4055 4175
f 4054 4175 4174
f 4055 4056 4176
f 4055 4176 4175
f 4056 4057 4177
f 4056 4177 4176
f 4057 4058 4178
f 4057 4178 4177
f 4058 4059 4179
f 4058 4179 4178
f 4059 4060 4180
f 4059 4180 4179
f 4060 4061 4181
f 4060 4181 4180
f 4061 4062 4182
f 4061 4182 4181
f 4062 4063 4183
f 4062 4183 4182
f 4063 4064 4184
f 4063 4184 4183
f 4064 4065 4185
f 4064 4185 4184
f 4065 4066 4186
f 4065 4186 4185
f 4066 4067 4187
f 4066 4187 4186
f 4067 4068 4188
f 4067 4188 4187
f 4068 4069 4189
f 4068 4189 4188
f 4069 4070 4190
f 4069 4190 4189
f 4070 4071 4191
f 4070 4191 4190
f 4071 4072 4192
f 4071 4192 4191
f 4072 4073 4193
f 4072 4193 4192
f 4073 4074 4194
f 4073 4194 4193
f 4074 4075 4195
f 4074 4195 4194
f 4075 4076 4196
f 4075 4196 4195
f 4076 4077 4197
f 4076 4197 4196
f 4077 4078 4198
f 4077 4198 4197
f 4078 4079 4199
f 4078 4199 4198
f 4079 4080 4200
f 4079 4200 4199
f 4080 4081 4201
f 4080 4201 4200
f 4081 3962 4082
f 4081 4082 4201
f 4082 4083 4203
f 4082 4203 4202
f 4083 4084 4204
f 4083 4204 4203
f 4084 4085 4205
f 4084 4205 4204
f 4085 4086 4206
f 4085 4206 4205
f 4086 4087 4207
f 4086 4207 4206
f 4087 4088 4208
f 4087 4208 4207
f 4088 4089 4209
f 4088 4209 4208
f 4089 4090 4210
f 4089 4210 4209
f 4090 4091 4211
f 4090 4211 4210
f 4091 4092 4212
f 4091 4212 4211
f 4092 4093 4213
f 4092 4213 4212
f 4093 4094 4214
f 4093 4214 4213
f 4094 4095 4215
f 4094 4215 4214
f 4095 4096 4216
f 4095 4216 4215
f 4096 4097 4217
f 4096 4217 4216
f 4097 4098 4218
f 4097 4218 4217
f 4098 4099 4219
f 4098 4219 4218
f 4099 4100 4220
f 4099 4220 4219
f 4100 4101 4221
f 4100 4221 4220
f 4101 4102 4222
f 4101 4222 4221
f 4102 4103 4223
f 4102 4223 4222
f 4103 4104 4224
f 4103 4224 4223
f 4104 4105 4225
f 4104 4225 4224
f 4105 4106 4226
f 4105 4226 4225
f 4106 4107 4227
f 4106 4227 4226
f 4107 4108 4228
f 4107 4228 4227
f 4108 4109 4229
f 4108 4229 4228
f 4109 4110 4230
f 4109 4230 4229
f 4110 4111 4231
f 4110 4231 4230
f 4111 4112 4232
f 4111 4232 4231
f 4112 4113 4233
f 4112 4233 4232
f 4113 4114 4234
f 4113 4234 4233
f 4114 4115 4235
f 4114 4235 4234
f 4115 4116 4236
f 4115 4236 4235
f 4116 4117 4237
f 4116 4237 4236
f 4117 4118 4238
f 4117 4238 4237
f 4118 4119 4239
f 4118 4239 4238
f 4119 4120 4240
f 4119 4240 4239
f 4120 4121 4241
f 4120 4241 4240
f 4121 4122 4242
f 4121 4242 4241
f 4122 4123 4243
f 4122 4243 4242
f 4123 4124 4244
f 4123 4244 4243
f 4124 4125 4245
f 4124 4245 4244
f 4125 4126 4246
f 4125 4246 4245
f 4126 4127 4247
f 4126 4247 4246
f 4127 4128 4248
f 4127 4248 4247
f 4128 4129 4249
f 4128 4249 4248
f 4129 4130 4250
f 4129 4250 4249
f 4130 4131 4251
f 4130 4251 4250
f 4131 4132 4252
f 4131 4252 4251
f 4132 4133 4253
f 4132 4253 4252
f 4133 4134 4254
f 4133 4254 4253
f 4134 4135 4255
f 4134 4255 4254
f 4135 4136 4256
f 4135 4256 4255
f 4136 4137 4257
f 4136 4257 4256
f 4137 4138 4258
f 4137 4258 4257
f 4138 4139 4259
f 4138 4259 4258
f 4139 4140 4260
f 4139 4260 4259
f 4140 4141 4261
f 4140 4261 4260
f 4141 4142 4262
f 4141 4262 4261
f 4142 4143 4263
f 4142 4263 4262
f 4143 4144 4264
f 4143 4264 4263
f 4144 4145 4265
f 4144 4265 4264
f 4145 4146 4266
f 4145 4266 4265
f 4146 4147 4267
f 4146 4267 4266
f 4147 4148 4268
f 4147 4268 4267
f 4148 4149 4269
f 4148 4269 4268
f 4149 4150 4270
f 4149 4270 4269
f 4150 4151 4271
f 4150 4271 4270
f 4151 4152 4272
f 4151 4272 4271
f 4152 4153 4273
f 4152 4273 4272
f 4153 4154 4274
f 4153 4274 4273
f 4154 4155 4275
f 4154 4275 4274
f 4155 4156 4276
f 4155 4276 4275
f 4156 4157 4277
f 4156 4277 4276
f 4157 4158 4278
f 4157 4278 4277
f 4158 4159 4279
f 4158 4279 4278
f 4159 4160 4280
f 4159 4280 4279
f 4160 4161 4281
f 4160 4281 4280
f 4161 4162 4282
f 4161 4282 4281
f 4162 4163 4283
f 4162 4283 4282
f 4163 4164 4284
f 4163 4284 4283
f 4164 4165 4285
f 4164 4285 4284
f 4165 4166 4286
f 4165 4286 4285
f 4166 4167 4287
f 4166 4287 4286
f 4167 4168 4288
f 4167 4288 4287
f 4168 4169 4289
f 4168 4289 4288
f 4169 4170 4290
f 4169 4290 4289
f 4170 4171 4291
f 4170 4291 4290
f 4171 4172 4292
f 4171 4292 4291
f 4172 4173 4293
f 4172 4293 4292
f 4173 4174 4294
f 4173 4294 4293
f 4174 4175 4295
f 4174 4295 4294
f 4175 4176 4296
f 4175 4296 4295
f 4176 4177 4297
f 4176 4297 4296
f 4177 4178 4298
f 4177 4298 4297
f 4178 4179 4299
f 4178 4299 4298
f 4179 4180 4300
f 4179 4300 4299
f 4180 4181 4301
f 4180 4301 4300
f 4181 4182 4302
f 4181 4302 4301
f 4182 4183 4303
f 4182 4303 4302
f 4183 4184 4304
f 4183 4304 4303
f 4184 4185 4305
f 4184 4305 4304
f 4185 4186 4306
f 4185 4306 4305
f 4186 4187 4307
f 4186 4307 4306
f 4187 4188 4308
f 4187 4308 4307
f 4188 4189 4309
f 4188 4309 4308
f 4189 4190 4310
f 4189 4310 4309
f 4190 4191 4311
f 4190 4311 4310
f 4191 4192 4312
f 4191 4312 4311
f 4192 4193 4313
f 4192 4313 4312
f 4193 4194 4314
f 4193 4314 4313
f 4194 4195 4315
f 4194 4315 4314
f 4195 4196 4316
f 4195 4316 4315
f 4196 4197 4317
f 4196 4317 4316
f 4197 4198 4318
f 4197 4318 4317
f 4198 4199 4319
f 4198 4319 4318
f 4199 4200 4320
f 4199 4320 4319
f 4200 4201 4321
f 4200 4321 4320
f 4201 4082 4202
f 4201 4202 4321
f 4202 4203 4323
f 4202 4323 4322
f 4203 4204 4324
f 4203 4324 4323
f 4204 4205 4325
f 4204 4325 4324
f 4205 4206 4326
f 4205 4326 4325
f 4206 4207 4327
f 4206 4327 4326
f 4207 4208 4328
f 4207 4328 4327
f 4208 4209 4329
f 4208 4329 4328
f 4209 4210 4330
f 4209 4330 4329
f 4210 4211 4331
f 4210 4331 4330
f 4211 4212 4332
f 4211 4332 4331
f 4212 4213 4333
f 4212 4333 4332
f 4213 4214 4334
f 4213 4334 4333
f 4214 4215 4335
f 4214 4335 4334
f 4215 4216 4336
f 4215 4336 4335
f 4216 4217 4337
f 4216 4337 4336
f 4217 4218 4338
f 4217 4338 4337
f 4218 4219 4339
f 4218 4339 4338
f 4219 4220 4340
f 4219 4340 4339
f 4220 4221 4341
f 4220 4341 4340
f 4221 4222 4342
f 4221 4342 4341
f 4222 4223 4343
f 4222 4343 4342
f 4223 4224 4344
f 4223 4344 4343
f 4224 4225 4345
f 4224 4345 4344
f 4225 4226 4346
f 4225 4346 4345
f 4226 4227 4347
f 4226 4347 4346
f 4227 4228 4348
f 4227 4348 4347
f 4228 4229 4349
f 4228 4349 4348
f 4229 4230 4350
f 4229 4350 4349
f 4230 4231 4351
f 4230 4351 4350
f 4231 4232 4352
f 4231 4352 4351
f 4232 4233 4353
f 4232 4353 4352
f 4233 4234 4354
f 4233 4354 4353
f 4234 4235 4355
f 4234 4355 4354
f 4235 4236 4356
f 4235 4356 4355
f 4236 4237 4357
f 4236 4357 4356
f 4237 4238 4358
f 4237 4358 4357
f 4238 4239 4359
f 4238 4359 4358
f 4239 4240 4360
f 4239 4360 4359
f 4240 4241 4361
f 4240 4361 4360
f 4241 4242 4362
f 4241 4362 4361
f 4242 4243 4363
f 4242 4363 4362
f 4243 4244 4364
f 4243 4364 4363
f 4244 4245 4365
f 4244 4365 4364
f 4245 4246 4366
f 4245 4366 4365
f 4246 4247 4367
f 4246 4367 4366
f 4247 4248 4368
f 4247 4368 4367
f 4248 4249 4369
f 4248 4369 4368
f 4249 4250 4370
f 4249 4370 4369
f 4250 4251 4371
f 4250 4371 4370
f 4251 4252 4372
f 4251 4372 4371
f 4252 4253 4373
f 4252 4373 4372
f 4253 4254 4374
f 4253 4374 4373
f 4254 4255 4375
f 4254 4375 4374
f 4255 4256 4376
f 4255 4376 4375
f 4256 4257 4377
f 4256 4377 4376
f 4257 4258 4378
f 4257 4378 4377
f 4258 4259 4379
f 4258 4379 4378
f 4259 4260 4380
f 4259 4380 4379
f 4260 4261 4381
f 4260 4381 4380
f 4261 4262 4382
f 4261 4382 4381
f 4262 4263 4383
f 4262 4383 4382
f 4263 4264 4384
f 4263 4384 4383
f 4264 4265 4385
f 4264 4385 4384
f 4265 4266 4386
f 4265 4386 4385
f 4266 4267 4387
f 4266 4387 4386
f 4267 4268 4388
f 4267 4388 4387
f 4268 4269 4389
f 4268 4389 4388
f 4269 4270 4390
f 4269 4390 4389
f 4270 4271 4391
f 4270 4391 4390
f 4271 4272 4392
f 4271 4392 4391
f 4272 4273 4393
f 4272 4393 4392
f 4273 4274 4394
f 4273 4394 4393
f 4274 4275 4395
f 4274 4395 4394
f 4275 4276 4396
f 4275 4396 4395
f 4276 4277 4397
f 4276 4397 4396
f 4277 4278 4398
f 4277 4398 4397
f 4278 4279 4399
f 4278 4399 4398
f 4279 4280 4400
f 4279 4400 4399
f 4280 4281 4401
f 4280 4401 4400
f 4281 4282 4402
f 4281 4402 4401
f 4282 4283 4403
f 4282 4403 4402
f 4283 4284 4404
f 4283 4404 4403
f 4284 4285 4405
f 4284 4405 4404
f 4285 4286 4406
f 4285 4406 4405
f 4286 4287 4407
f 4286 4407 4406
f 4287 4288 4408
f 4287 4408 4407
f 4288 4289 4409
f 4288 4409 4408
f 4289 4290 4410
f 4289 4410 4409
f 4290 4291 4411
f 4290 4411 4410
f 4291 4292 4412
f 4291 4412 4411
f 4292 4293 4413
f 4292 4413 4412
f 4293 4294 4414
f 4293 4414 4413
f 4294 4295 4415
f 4294 4415 4414
f 4295 4296 4416
f 4295 4416 4415
f 4296 4297 4417
f 4296 4417 4416
f 4297 4298 4418
f 4297 4418 4417
f 4298 4299 4419
f 4298 4419 4418
f 4299 4300 4420
f 4299 4420 4419
f 4300 4301 4421
f 4300 4421 4420
f 4301 4302 4422
f 4301 4422 4421
f 4302 4303 4423
f 4302 4423 4422
f 4303 4304 4424
f 4303 4424 4423
f 4304 4305 4425
f 4304 4425 4424
f 4305 4306 4426
f 4305 4426 4425
f 4306 4307 4427
f 4306 4427 4426
f 4307 4308 4428
f 4307 4428 4427
f 4308 4309 4429
f 4308 4429 4428
f 4309 4310 4430
f 4309 4430 4429
f 4310 4311 4431
f 4310 4431 4430
f 4311 4312 4432
f 4311 4432 4431
f 4312 4313 4433
f 4312 4433 4432
f 4313 4314 4434
f 4313 4434 4433
f 4314 4315 4435
f 4314 4435 4434
f 4315 4316 4436
f 4315 4436 4435
f 4316 4317 4437
f 4316 4437 4436
f 4317 4318 4438
f 4317 4438 4437
f 4318 4319 4439
f 4318 4439 4438
f 4319 4320 4440
f 4319 4440 4439
f 4320 4321 4441
f 4320 4441 4440
f 4321 4202 4322
f 4321 4322 4441
f 4322 4323 4443
f 4322 4443 4442
f 4323 4324 4444
f 4323 4444 4443
f 4324 4325 4445
f 4324 4445 4444
f 4325 4326 4446
f 4325 4446 4445
f 4326 4327 4447
f 4326 4447 4446
f 4327 4328 4448
f 4327 4448 4447
f 4328 4329 4449
f 4328 4449 4448
f 4329 4330 4450
f 4329 4450 4449
f 4330 4331 4451
f 4330 4451 4450
f 4331 4332 4452
f 4331 4452 4451
f 4332 4333 4453
f 4332 4453 4452
f 4333 4334 4454
f 4333 4454 4453
f 4334 4335 4455
f 4334 4455 4454
f 4335 4336 4456
f 4335 4456 4455
f 4336 4337 4457
f 4336 4457 4456
f 4337 4338 4458
f 4337 4458 4457
f 4338 4339 4459
f 4338 4459 4458
f 4339 4340 4460
f 4339 4460 4459
f 4340 4341 4461
f 4340 4461 4460
f 4341 4342 4462
f 4341 4462 4461
f 4342 4343 4463
f 4342 4463 4462
f 4343 4344 4464
f 4343 4464 4463
f 4344 4345 4465
f 4344 4465 4464
f 4345 4346 4466
f 4345 4466 4465
f 4346 4347 4467
f 4346 4467 4466
f 4347 4348 4468
f 4347 4468 4467
f 4348 4349 4469
f 4348 4469 4468
f 4349 4350 4470
f 4349 4470 4469
f 4350 4351 4471
f 4350 4471 4470
f 4351 4352 4472
f 4351 4472 4471
f 4352 4353 4473
f 4352 4473 4472
f 4353 4354 4474
f 4353 4474 4473
f 4354 4355 4475
f 4354 4475 4474
f 4355 4356 4476
f 4355 4476 4475
f 4356 4357 4477
f 4356 4477 4476
f 4357 4358 4478
f 4357 4478 4477
f 4358 4359 4479
f 4358 4479 4478
f 4359 4360 4480
f 4359 4480 4479
f 4360 4361 4481
f 4360 4481 4480
f 4361 4362 4482
f 4361 4482 4481
f 4362 4363 4483
f 4362 4483 4482
f 4363 4364 4484
f 4363 4484 4483
f 4364 4365 4485
f 4364 4485 4484
f 4365 4366 4486
f 4365 4486 4485
f 4366 4367 4487
f 4366 4487 4486
f 4367 4368 4488
f 4367 4488 4487
f 4368 4369 4489
f 4368 4489 4488
f 4369 4370 4490
f 4369 4490 4489
f 4370 4371 4491
f 4370 4491 4490
f 4371 4372 4492
f 4371 4492 4491
f 4372 4373 4493
f 4372 4493 4492
f 4373 4374 4494
f 4373 4494 4493
f 4374 4375 4495
f 4374 4495 4494
f 4375 4376 4496
f 4375 4496 4495
f 4376 4377 4497
f 4376 4497 4496
f 4377 4378 4498
f 4377 4498 4497
f 4378 4379 4499
f 4378 4499 4498
f 4379 4380 4500
f 4379 4500 4499
f 4380 4381 4501
f 4380 4501 4500
f 4381 4382 4502
f 4381 4502 4501
f 4382 4383 4503
f 4382 4503 4502
f 4383 4384 4504
f 4383 4504 4503
f 4384 4385 4505
f 4384 4505 4504
f 4385 4386 4506
f 4385 4506 4505
f 4386 4387 4507
f 4386 4507 4506
f 4387 4388 4508
f 4387 4508 4507
f 4388 4389 4509
f 4388 4509 4508
f 4389 4390 4510
f 4389 4510 4509
f 4390 4391 4511
f 4390 4511 4510
f 4391 4392 4512
f 4391 4512 4511
f 4392 4393 4513
f 4392 4513 4512
f 4393 4394 4514
f 4393 4514 4513
f 4394 4395 4515
f 4394 4515 4514
f 4395 4396 4516
f 4395 4516 4515
f 4396 4397 4517
f 4396 4517 4516
f 4397 4398 4518
f 4397 4518 4517
f 4398 4399 4519
f 4398 4519 4518
f 4399 4400 4520
f 4399 4520 4519
f 4400 4401 4521
f 4400 4521 4520
f 4401 4402 4522
f 4401 4522 4521
f 4402 4403 4523
f 4402 4523 4522
f 4403 4404 4524
f 4403 4524 4523
f 4404 4405 4525
f 4404 4525 4524
f 4405 4406 4526
f 4405 4526 4525
f 4406 4407 4527
f 4406 4527 4526
f 4407 4408 4528
f 4407 4528 4527
f 4408 4409 4529
f 4408 4529 4528
f 4409 4410 4530
f 4409 4530 4529
f 4410 4411 4531
f 4410 4531 4530
f 4411 4412 4532
f 4411 4532 4531
f 4412 4413 4533
f 4412 4533 4532
f 4413 4414 4534
f 4413 4534 4533
f 4414 4415 4535
f 4414 4535 4534
f 4415 4416 4536
f 4415 4536 4535
f 4416 4417 4537
f 4416 4537 4536
f 4417 4418 4538
f 4417 4538 4537
f 4418 4419 4539
f 4418 4539 4538
f 4419 4420 4540
f 4419 4540 4539
f 4420 4421 4541
f 4420 4541 4540
f 4421 4422 4542
f 4421 4542 4541
f 4422 4423 4543
f 4422 4543 4542
f 4423 4424 4544
f 4423 4544 4543
f 4424 4425 4545
f 4424 4545 4544
f 4425 4426 4546
f 4425 4546 4545
f 4426 4427 4547
f 4426 4547 4546
f 4427 4428 4548
f 4427 4548 4547
f 4428 4429 4549
f 4428 4549 4548
f 4429 4430 4550
f 4429 4550 4549
f 4430 4431 4551
f 4430 4551 4550
f 4431 4432 4552
f 4431 4552 4551
f 4432 4433 4553
f 4432 4553 4552
f 4433 4434 4554
f 4433 4554 4553
f 4434 4435 4555
f 4434 4555 4554
f 4435 4436 4556
f 4435 4556 4555
f 4436 4437 4557
f 4436 4557 4556
f 4437 4438 4558
f 4437 4558 4557
f 4438 4439 4559
f 4438 4559 4558
f 4439 4440 4560
f 4439 4560 4559
f 4440 4441 4561
f 4440 4561 4560
f 4441 4322 4442
f 4441 4442 4561
f 4442 4443 4563
f 4442 4563 4562
f 4443 4444 4564
f 4443 4564 4563
f 4444 4445 4565
f 4444 4565 4564
f 4445 4446 4566
f 4445 4566 4565
f 4446 4447 4567
f 4446 4567 4566
f 4447 4448 4568
f 4447 4568 4567
f 4448 4449 4569
f 4448 4569 4568
f 4449 4450 4570
f 4449 4570 4569
f 4450 4451 4571
f 4450 4571 4570
f 4451 4452 4572
f 4451 4572 4571
f 4452 4453 4573
f 4452 4573 4572
f 4453 4454 4574
f 4453 4574 4573
f 4454 4455 4575
f 4454 4575 4574
f 4455 4456 4576
f 4455 4576 4575
f 4456 4457 4577
f 4456 4577 4576
f 4457 4458 4578
f 4457 4578 4577
f 4458 4459 4579
f 4458 4579 4578
f 4459 4460 4580
f 4459 4580 4579
f 4460 4461 4581
f 4460 4581 4580
f 4461 4462 4582
f 4461 4582 4581
f 4462 4463 4583
f 4462 4583 4582
f 4463 4464 4584
f 4463 4584 4583
f 4464 4465 4585
f 4464 4585 4584
f 4465 4466 4586
f 4465 4586 4585
f 4466 4467 4587
f 4466 4587 4586
f 4467 4468 4588
f 4467 4588 4587
f 4468 4469 4589
f 4468 4589 4588
f 4469 4470 4590
f 4469 4590 4589
f 4470 4471 4591
f 4470 4591 4590
f 4471 4472 4592
f 4471 4592 4591
f 4472 4473 4593
f 4472 4593 4592
f 4473 4474 4594
f 4473 4594 4593
f 4474 4475 4595
f 4474 4595 4594
f 4475 4476 4596
f 4475 4596 4595
f 4476 4477 4597
f 4476 4597 4596
f 4477 4478 4598
f 4477 4598 4597
f 4478 4479 4599
f 4478 4599 4598
f 4479 4480 4600
f 4479 4600 4599
f 4480 4481 4601
f 4480 4601 4600
f 4481 4482 4602
f 4481 4602 4601
f 4482 4483 4603
f 4482 4603 4602
f 4483 4484 4604
f 4483 4604 4603
f 4484 4485 4605
f 4484 4605 4604
f 4485 4486 4606
f 4485 4606 4605
f 4486 4487 4607
f 4486 4607 4606
f 4487 4488 4608
f 4487 4608 4607
f 4488 4489 4609
f 4488 4609 4608
f 4489 4490 4610
f 4489 4610 4609
f 4490 4491 4611
f 4490 4611 4610
f 4491 4492 4612
f 4491 4612 4611
f 4492 4493 4613
f 4492 4613 4612
f 4493 4494 4614
f 4493 4614 4613
f 4494 4495 4615
f 4494 4615 4614
f 4495 4496 4616
f 4495 4616 4615
f 4496 4497 4617
f 4496 4617 4616
f 4497 4498 4618
f 4497 4618 4617
f 4498 4499 4619
f 4498 4619 4618
f 4499 4500 4620
f 4499 4620 4619
f 4500 4501 4621
f 4500 4621 4620
f 4501 4502 4622
f 4501 4622 4621
f 4502 4503 4623
f 4502 4623 4622
f 4503 4504 4624
f 4503 4624 4623
f 4504 4505 4625
f 4504 4625 4624
f 4505 4506 4626
f 4505 4626 4625
f 4506 4507 4627
f 4506 4627 4626
f 4507 4508 4628
f 4507 4628 4627
f 4508 4509 4629
f 4508 4629 4628
f 4509 4510 4630
f 4509 4630 4629
f 4510 4511 4631
f 4510 4631 4630
f 4511 4512 4632
f 4511 4632 4631
f 4512 4513 4633
f 4512 4633 4632
f 4513 4514 4634
f 4513 4634 4633
f 4514 4515 4635
f 4514 4635 4634
f 4515 4516 4636
f 4515 4636 4635
f 4516 4517 4637
f 4516 4637 4636
f 4517 4518 4638
f 4517 4638 4637
f 4518 4519 4639
f 4518 4639 4638
f 4519 4520 4640
f 4519 4640 4639
f 4520 4521 4641
f 4520 4641 4640
f 4521 4522 4642
f 4521 4642 4641
f 4522 4523 4643
f 4522 4643 4642
f 4523 4524 4644
f 4523 4644 4643
f 4524 4525 4645
f 4524 4645 4644
f 4525 4526 4646
f 4525 4646 4645
f 4526 4527 4647
f 4526 4647 4646
f 4527 4528 4648
f 4527 4648 4647
f 4528 4529 4649
f 4528 4649 4648
f 4529 4530 4650
f 4529 4650 4649
f 4530 4531 4651
f 4530 4651 4650
f 4531 4532 4652
f 4531 4652 4651
f 4532 4533 4653
f 4532 4653 4652
f 4533 4534 4654
f 4533 4654 4653
f 4534 4535 4655
f 4534 4655 4654
f 4535 4536 4656
f 4535 4656 4655
f 4536 4537 4657
f 4536 4657 4656
f 4537 4538 4658
f 4537 4658 4657
f 4538 4539 4659
f 4538 4659 4658
f 4539 4540 4660
f 4539 4660 4659
f 4540 4541 4661
f 4540 4661 4660
f 4541 4542 4662
f 4541 4662 4661
f 4542 4543 4663
f 4542 4663 4662
f 4543 4544 4664
f 4543 4664 4663
f 4544 4545 4665
f 4544 4665 4664
f 4545 4546 4666
f 4545 4666 4665
f 4546 4547 4667
f 4546 4667 4666
f 4547 4548 4668
f 4547 4668 4667
f 4548 4549 4669
f 4548 4669 4668
f 4549 4550 4670
f 4549 4670 4669
f 4550 4551 4671
f 4550 4671 4670
f 4551 4552 4672
f 4551 4672 4671
f 4552 4553 4673
f 4552 4673 4672
f 4553 4554 4674
f 4553 4674 4673
f 4554 4555 4675
f 4554 4675 4674
f 4555 4556 4676
f 4555 4676 4675
f 4556 4557 4677
f 4556 4677 4676
f 4557 4558 4678
f 4557 4678 4677
f 4558 4559 4679
f 4558 4679 4678
f 4559 4560 4680
f 4559 4680 4679
f 4560 4561 4681
f 4560 4681 4680
f 4561 4442 4562
f 4561 4562 4681
f 4562 4563 4683
f 4562 4683 4682
f 4563 4564 4684
f 4563 4684 4683
f 4564 4565 4685
f 4564 4685 4684
f 4565 4566 4686
f 4565 4686 4685
f 4566 4567 4687
f 4566 4687 4686
f 4567 4568 4688
f 4567 4688 4687
f 4568 4569 4689
f 4568 4689 4688
f 4569 4570 4690
f 4569 4690 4689
f 4570 4571 4691
f 4570 4691 4690
f 4571 4572 4692
f 4571 4692 4691
f 4572 4573 4693
f 4572 4693 4692
f 4573 4574 4694
f 4573 4694 4693
f 4574 4575 4695
f 4574 4695 4694
f 4575 4576 4696
f 4575 4696 4695
f 4576 4577 4697
f 4576 4697 4696
f 4577 4578 4698
f 4577 4698 4697
f 4578 4579 4699
f 4578 4699 4698
f 4579 4580 4700
f 4579 4700 4699
f 4580 4581 4701
f 4580 4701 4700
f 4581 4582 4702
f 4581 4702 4701
f 4582 4583 4703
f 4582 4703 4702
f 4583 4584 4704
f 4583 4704 4703
f 4584 4585 4705
f 4584 4705 4704
f 4585 4586 4706
f 4585 4706 4705
f 4586 4587 4707
f 4586 4707 4706
f 4587 4588 4708
f 4587 4708 4707
f 4588 4589 4709
f 4588 4709 4708
f 4589 4590 4710
f 4589 4710 4709
f 4590 4591 4711
f 4590 4711 4710
f 4591 4592 4712
f 4591 4712 4711
f 4592 4593 4713
f 4592 4713 4712
f 4593 4594 4714
f 4593 4714 4713
f 4594 4595 4715
f 4594 4715 4714
f 4595 4596 4716
f 4595 4716 4715
f 4596 4597 4717
f 4596 4717 4716
f 4597 4598 4718
f 4597 4718 4717
f 4598 4599 4719
f 4598 4719 4718
f 4599 4600 4720
f 4599 4720 4719
f 4600 4601 4721
f 4600 4721 4720
f 4601 4602 4722
f 4601 4722 4721
f 4602 4603 4723
f 4602 4723 4722
f 4603 4604 4724
f 4603 4724 4723
f 4604 4605 4725
f 4604 4725 4724
f 4605 4606 4726
f 4605 4726 4725
f 4606 4607 4727
f 4606 4727 4726
f 4607 4608 4728
f 4607 4728 4727
f 4608 4609 4729
f 4608 4729 4728
f 4609 4610 4730
f 4609 4730 4729
f 4610 4611 4731
f 4610 4731 4730
f 4611 4612 4732
f 4611 4732 4731
f 4612 4613 4733
f 4612 4733 4732
f 4613 4614 4734
f 4613 4734 4733
f 4614 4615 4735
f 4614 4735 4734
f 4615 4616 4736
f 4615 4736 4735
f 4616 4617 4737
f 4616 4737 4736
f 4617 4618 4738
f 4617 4738 4737
f 4618 4619 4739
f 4618 4739 4738
f 4619 4620 4740
f 4619 4740 4739
f 4620 4621 4741
f 4620 4741 4740
f 4621 4622 4742
f 4621 4742 4741
f 4622 4623 4743
f 4622 4743 4742
f 4623 4624 4744
f 4623 4744 4743
f 4624 4625 4745
f 4624 4745 4744
f 4625 4626 4746
f 4625 4746 4745
f 4626 4627 4747
f 4626 4747 4746
f 4627 4628 4748
f 4627 4748 4747
f 4628 4629 4749
f 4628 4749 4748
f 4629 4630 4750
f 4629 4750 4749
f 4630 4631 4751
f 4630 4751 4750
f 4631 4632 4752
f 4631 4752 4751
f 4632 4633 4753
f 4632 4753 4752
f 4633 4634 4754
f 4633 4754 4753
f 4634 4635 4755
f 4634 4755 4754
f 4635 4636 4756
f 4635 4756 4755
f 4636 4637 4757
f 4636 4757 4756
f 4637 4638 4758
f 4637 4758 4757
f 4638 4639 4759
f 4638 4759 4758
f 4639 4640 4760
f 4639 4760 4759
f 4640 4641 4761
f 4640 4761 4760
f 4641 4642 4762
f 4641 4762 4761
f 4642 4643 4763
f 4642 4763 4762
f 4643 4644 4764
f 4643 4764 4763
f 4644 4645 4765
f 4644 4765 4764
f 4645 4646 4766
f 4645 4766 4765
f 4646 4647 4767
f 4646 4767 4766
f 4647 4648 4768
f 4647 4768 4767
f 4648 4649 4769
f 4648 4769 4768
f 4649 4650 4770
f 4649 4770 4769
f 4650 4651 4771
f 4650 4771 4770
f 4651 4652 4772
f 4651 4772 4771
f 4652 4653 4773
f 4652 4773 4772
f 4653 4654 4774
f 4653 4774 4773
f 4654 4655 4775
f 4654 4775 4774
f 4655 4656 4776
f 4655 4776 4775
f 4656 4657 4777
f 4656 4777 4776
f 4657 4658 4778
f 4657 4778 4777
f 4658 4659 4779
f 4658 4779 4778
f 4659 4660 4780
f 4659 4780 4779
f 4660 4661 4781
f 4660 4781 4780
f 4661 4662 4782
f 4661 4782 4781
f 4662 4663 4783
f 4662 4783 4782
f 4663 4664 4784
f 4663 4784 4783
f 4664 4665 4785
f 4664 4785 4784
f 4665 4666 4786
f 4665 4786 4785
f 4666 4667 4787
f 4666 4787 4786
f 4667 4668 4788
f 4667 4788 4787
f 4668 4669 4789
f 4668 4789 4788
f 4669 4670 4790
f 4669 4790 4789
f 4670 4671 4791
f 4670 4791 4790
f 4671 4672 4792
f 4671 4792 4791
f 4672 4673 4793
f 4672 4793 4792
f 4673 4674 4794
f 4673 4794 4793
f 4674 4675 4795
f 4674 4795 4794
f 4675 4676 4796
f 4675 4796 4795
f 4676 4677 4797
f 4676 4797 4796
f 4677 4678 4798
f 4677 4798 4797
f 4678 4679 4799
f 4678 4799 4798
f 4679 4680 4800
f 4679 4800 4799
f 4680 4681 4801
f 4680 4801 4800
f 4681 4562 4682
f 4681 4682 4801
f 4682 4683 4803
f 4682 4803 4802
f 4683 4684 4804
f 4683 4804 4803
f 4684 4685 4805
f 4684 4805 4804
f 4685 4686 4806
f 4685 4806 4805
f 4686 4687 4807
f 4686 4807 4806
f 4687 4688 4808
f 4687 4808 4807
f 4688 4689 4809
f 4688 4809 4808
f 4689 4690 4810
f 4689 4810 4809
f 4690 4691 4811
f 4690 4811 4810
f 4691 4692 4812
f 4691 4812 4811
f 4692 4693 4813
f 4692 4813 4812
f 4693 4694 4814
f 4693 4814 4813
f 4694 4695 4815
f 4694 4815 4814
f 4695 4696 4816
f 4695 4816 4815
f 4696 4697 4817
f 4696 4817 4816
f 4697 4698 4818
f 4697 4818 4817
f 4698 4699 4819
f 4698 4819 4818
f 4699 4700 4820
f 4699 4820 4819
f 4700 4701 4821
f 4700 4821 4820
f 4701 4702 4822
f 4701 4822 4821
f 4702 4703 4823
f 4702 4823 4822
f 4703 4704 4824
f 4703 4824 4823
f 4704 4705 4825
f 4704 4825 4824
f 4705 4706 4826
f 4705 4826 4825
f 4706 4707 4827
f 4706 4827 4826
f 4707 4708 4828
f 4707 4828 4827
f 4708 4709 4829
f 4708 4829 4828
f 4709 4710 4830
f 4709 4830 4829
f 4710 4711 4831
f 4710 4831 4830
f 4711 4712 4832
f 4711 4832 4831
f 4712 4713 4833
f 4712 4833 4832
f 4713 4714 4834
f 4713 4834 4833
f 4714 4715 4835
f 4714 4835 4834
f 4715 4716 4836
f 4715 4836 4835
f 4716 4717 4837
f 4716 4837 4836
f 4717 4718 4838
f 4717 4838 4837
f 4718 4719 4839
f 4718 4839 4838
f 4719 4720 4840
f 4719 4840 4839
f 4720 4721 4841
f 4720 4841 4840
f 4721 4722 4842
f 4721 4842 4841
f 4722 4723 4843
f 4722 4843 4842
f 4723 4724 4844
f 4723 4844 4843
f 4724 4725 4845
f 4724 4845 4844
f 4725 4726 4846
f 4725 4846 4845
f 4726 4727 4847
f 4726 4847 4846
f 4727 4728 4848
f 4727 4848 4847
f 4728 4729 4849
f 4728 4849 4848
f 4729 4730 4850
f 4729 4850 4849
f 4730 4731 4851
f 4730 4851 4850
f 4731 4732 4852
f 4731 4852 4851
f 4732 4733 4853
f 4732 4853 4852
f 4733 4734 4854
f 4733 4854 4853
f 4734 4735 4855
f 4734 4855 4854
f 4735 4736 4856
f 4735 4856 4855
f 4736 4737 4857
f 4736 4857 4856
f 4737 4738 4858
f 4737 4858 4857
f 4738 4739 4859
f 4738 4859 4858
f 4739 4740 4860
f 4739 4860 4859
f 4740 4741 4861
f 4740 4861 4860
f 4741 4742 4862
f 4741 4862 4861
f 4742 4743 4863
f 4742 4863 4862
f 4743 4744 4864
f 4743 4864 4863
f 4744 4745 4865
f 4744 4865 4864
f 4745 4746 4866
f 4745 4866 4865
f 4746 4747 4867
f 4746 4867 4866
f 4747 4748 4868
f 4747 4868 4867
f 4748 4749 4869
f 4748 4869 4868
f 4749 4750 4870
f 4749 4870 4869
f 4750 4751 4871
f 4750 4871 4870
f 4751 4752 4872
f 4751 4872 4871
f 4752 4753 4873
f 4752 4873 4872
f 4753 4754 4874
f 4753 4874 4873
f 4754 4755 4875
f 4754 4875 4874
f 4755 4756 4876
f 4755 4876 4875
f 4756 4757 4877
f 4756 4877 4876
f 4757 4758 4878
f 4757 4878 4877
f 4758 4759 4879
f 4758 4879 4878
f 4759 4760 4880
f 4759 4880 4879
f 4760 4761 4881
f 4760 4881 4880
f 4761 4762 4882
f 4761 4882 4881
f 4762 4763 4883
f 4762 4883 4882
f 4763 4764 4884
f 4763 4884 4883
f 4764 4765 4885
f 4764 4885 4884
f 4765 4766 4886
f 4765 4886 4885
f 4766 4767 4887
f 4766 4887 4886
f 4767 4768 4888
f 4767 4888 4887
f 4768 4769 4889
f 4768 4889 4888
f 4769 4770 4890
f 4769 4890 4889
f 4770 4771 4891
f 4770 4891 4890
f 4771 4772 4892
f 4771 4892 4891
f 4772 4773 4893
f 4772 4893 4892
f 4773 4774 4894
f 4773 4894 4893
f 4774 4775 4895
f 4774 4895 4894
f 4775 4776 4896
f 4775 4896 4895
f 4776 4777 4897
f 4776 4897 4896
f 4777 4778 4898
f 4777 4898 4897
f 4778 4779 4899
f 4778 4899 4898
f 4779 4780 4900
f 4779 4900 4899
f 4780 4781 4901
f 4780 4901 4900
f 4781 4782 4902
f 4781 4902 4901
f 4782 4783 4903
f 4782 4903 4902
f 4783 4784 4904
f 4783 4904 4903
f 4784 4785 4905
f 4784 4905 4904
f 4785 4786 4906
f 4785 4906 4905
f 4786 4787 4907
f 4786 4907 4906
f 4787 4788 4908
f 4787 4908 4907
f 4788 4789 4909
f 4788 4909 4908
f 4789 4790 4910
f 4789 4910 4909
f 4790 4791 4911
f 4790 4911 4910
f 4791 4792 4912
f 4791 4912 4911
f 4792 4793 4913
f 4792 4913 4912
f 4793 4794 4914
f 4793 4914 4913
f 4794 4795 4915
f 4794 4915 4914
f 4795 4796 4916
f 4795 4916 4915
f 4796 4797 4917
f 4796 4917 4916
f 4797 4798 4918
f 4797 4918 4917
f 4798 4799 4919
f 4798 4919 4918
f 4799 4800 4920
f 4799 4920 4919
f 4800 4801 4921
f 4800 4921 4920
f 4801 4682 4802
f 4801 4802 4921
f 4802 4803 4923
f 4802 4923 4922
f 4803 4804 4924
f 4803 4924 4923
f 4804 4805 4925
f 4804 4925 4924
f 4805 4806 4926
f 4805 4926 4925
f 4806 4807 4927
f 4806 4927 4926
f 4807 4808 4928
f 4807 4928 4927
f 4808 4809 4929
f 4808 4929 4928
f 4809 4810 4930
f 4809 4930 4929
f 4810 4811 4931
f 4810 4931 4930
f 4811 4812 4932
f 4811 4932 4931
f 4812 4813 4933
f 4812 4933 4932
f 4813 4814 4934
f 4813 4934 4933
f 4814 4815 4935
f 4814 4935 4934
f 4815 4816 4936
f 4815 4936 4935
f 4816 4817 4937
f 4816 4937 4936
f 4817 4818 4938
f 4817 4938 4937
f 4818 4819 4939
f 4818 4939 4938
f 4819 4820 4940
f 4819 4940 4939
f 4820 4821 4941
f 4820 4941 4940
f 4821 4822 4942
f 4821 4942 4941
f 4822 4823 4943
f 4822 4943 4942
f 4823 4824 4944
f 4823 4944 4943
f 4824 4825 4945
f 4824 4945 4944
f 4825 4826 4946
f 4825 4946 4945
f 4826 4827 4947
f 4826 4947 4946
f 4827 4828 4948
f 4827 4948 4947
f 4828 4829 4949
f 4828 4949 4948
f 4829 4830 4950
f 4829 4950 4949
f 4830 4831 4951
f 4830 4951 4950
f 4831 4832 4952
f 4831 4952 4951
f 4832 4833 4953
f 4832 4953 4952
f 4833 4834 4954
f 4833 4954 4953
f 4834 4835 4955
f 4834 4955 4954
f 4835 4836 4956
f 4835 4956 4955
f 4836 4837 4957
f 4836 4957 4956
f 4837 4838 4958
f 4837 4958 4957
f 4838 4839 4959
f 4838 4959 4958
f 4839 4840 4960
f 4839 4960 4959
f 4840 4841 4961
f 4840 4961 4960
f 4841 4842 4962
f 4841 4962 4961
f 4842 4843 4963
f 4842 4963 4962
f 4843 4844 4964
f 4843 4964 4963
f 4844 4845 4965
f 4844 4965 4964
f 4845 4846 4966
f 4845 4966 4965
f 4846 4847 4967
f 4846 4967 4966
f 4847 4848 4968
f 4847 4968 4967
f 4848 4849 4969
f 4848 4969 4968
f 4849 4850 4970
f 4849 4970 4969
f 4850 4851 4971
f 4850 4971 4970
f 4851 4852 4972
f 4851 4972 4971
f 4852 4853 4973
f 4852 4973 4972
f 4853 4854 4974
f 4853 4974 4973
f 4854 4855 4975
f 4854 4975 4974
f 4855 4856 4976
f 4855 4976 4975
f 4856 4857 4977
f 4856 4977 4976
f 4857 4858 4978
f 4857 4978 4977
f 4858 4859 4979
f 4858 4979 4978
f 4859 4860 4980
f 4859 4980 4979
f 4860 4861 4981
f 4860 4981 4980
f 4861 4862 4982
f 4861 4982 4981
f 4862 4863 4983
f 4862 4983 4982
f 4863 4864 4984
f 4863 4984 4983
f 4864 4865 4985
f 4864 4985 4984
f 4865 4866 4986
f 4865 4986 4985
f 4866 4867 4987
f 4866 4987 4986
f 4867 4868 4988
f 4867 4988 4987
f 4868 4869 4989
f 4868 4989 4988
f 4869 4870 4990
f 4869 4990 4989
f 4870 4871 4991
f 4870 4991 4990
f 4871 4872 4992
f 4871 4992 4991
f 4872 4873 4993
f 4872 4993 4992
f 4873 4874 4994
f 4873 4994 4993
f 4874 4875 4995
f 4874 4995 4994
f 4875 4876 4996
f 4875 4996 4995
f 4876 4877 4997
f 4876 4997 4996
f 4877 4878 4998
f 4877 4998 4997
f 4878 4879 4999
f 4878 4999 4998
f 4879 4880 5000
f 4879 5000 4999
f 4880 4881 5001
f 4880 5001 5000
f 4881 4882 5002
f 4881 5002 5001
f 4882 4883 5003
f 4882 5003 5002
f 4883 4884 5004
f 4883 5004 5003
f 4884 4885 5005
f 4884 5005 5004
f 4885 4886 5006
f 4885 5006 5005
f 4886 4887 5007
f 4886 5007 5006
f 4887 4888 5008
f 4887 5008 5007
f 4888 4889 5009
f 4888 5009 5008
f 4889 4890 5010
f 4889 5010 5009
f 4890 4891 5011
f 4890 5011 5010
f 4891 4892 5012
f 4891 5012 5011
f 4892 4893 5013
f 4892 5013 5012
f 4893 4894 5014
f 4893 5014 5013
f 4894 4895 5015
f 4894 5015 5014
f 4895 4896 5016
f 4895 5016 5015
f 4896 4897 5017
f 4896 5017 5016
f 4897 4898 5018
f 4897 5018 5017
f 4898 4899 5019
f 4898 5019 5018
f 4899 4900 5020
f 4899 5020 5019
f 4900 4901 5021
f 4900 5021 5020
f 4901 4902 5022
f 4901 5022 5021
f 4902 4903 5023
f 4902 5023 5022
f 4903 4904 5024
f 4903 5024 5023
f 4904 4905 5025
f 4904 5025 5024
f 4905 4906 5026
f 4905 5026 5025
f 4906 4907 5027
f 4906 5027 5026
f 4907 4908 5028
f 4907 5028 5027
f 4908 4909 5029
f 4908 5029 5028
f 4909 4910 5030
f 4909 5030 5029
f 4910 4911 5031
f 4910 5031 5030
f 4911 4912 5032
f 4911 5032 5031
f 4912 4913 5033
f 4912 5033 5032
f 4913 4914 5034
f 4913 5034 5033
f 4914 4915 5035
f 4914 5035 5034
f 4915 4916 5036
f 4915 5036 5035
f 4916 4917 5037
f 4916 5037 5036
f 4917 4918 5038
f 4917 5038 5037
f 4918 4919 5039
f 4918 5039 5038
f 4919 4920 5040
f 4919 5040 5039
f 4920 4921 5041
f 4920 5041 5040
f 4921 4802 4922
f 4921 4922 5041
f 4922 4923 5043
f 4922 5043 5042
f 4923 4924 5044
f 4923 5044 5043
f 4924 4925 5045
f 4924 5045 5044
f 4925 4926 5046
f 4925 5046 5045
f 4926 4927 5047
f 4926 5047 5046
f 4927 4928 5048
f 4927 5048 5047
f 4928 4929 5049
f 4928 5049 5048
f 4929 4930 5050
f 4929 5050 5049
f 4930 4931 5051
f 4930 5051 5050
f 4931 4932 5052
f 4931 5052 5051
f 4932 4933 5053
f 4932 5053 5052
f 4933 4934 5054
f 4933 5054 5053
f 4934 4935 5055
f 4934 5055 5054
f 4935 4936 5056
f 4935 5056 5055
f 4936 4937 5057
f 4936 5057 5056
f 4937 4938 5058
f 4937 5058 5057
f 4938 4939 5059
f 4938 5059 5058
f 4939 4940 5060
f 4939 5060 5059
f 4940 4941 5061
f 4940 5061 5060
f 4941 4942 5062
f 4941 5062 5061
f 4942 4943 5063
f 4942 5063 5062
f 4943 4944 5064
f 4943 5064 5063
f 4944 4945 5065
f 4944 5065 5064
f 4945 4946 5066
f 4945 5066 5065
f 4946 4947 5067
f 4946 5067 5066
f 4947 4948 5068
f 4947 5068 5067
f 4948 4949 5069
f 4948 5069 5068
f 4949 4950 5070
f 4949 5070 5069
f 4950 4951 5071
f 4950 5071 5070
f 4951 4952 5072
f 4951 5072 5071
f 4952 4953 5073
f 4952 5073 5072
f 4953 4954 5074
f 4953 5074 5073
f 4954 4955 5075
f 4954 5075 5074
f 4955 4956 5076
f 4955 5076 5075
f 4956 4957 5077
f 4956 5077 5076
f 4957 4958 5078
f 4957 5078 5077
f 4958 4959 5079
f 4958 5079 5078
f 4959 4960 5080
f 4959 5080 5079
f 4960 4961 5081
f 4960 5081 5080
f 4961 4962 5082
f 4961 5082 5081
f 4962 4963 5083
f 4962 5083 5082
f 4963 4964 5084
f 4963 5084 5083
f 4964 4965 5085
f 4964 5085 5084
f 4965 4966 5086
f 4965 5086 5085
f 4966 4967 5087
f 4966 5087 5086
f 4967 4968 5088
f 4967 5088 5087
f 4968 4969 5089
f 4968 5089 5088
f 4969 4970 5090
f 4969 5090 5089
f 4970 4971 5091
f 4970 5091 5090
f 4971 4972 5092
f 4971 5092 5091
f 4972 4973 5093
f 4972 5093 5092
f 4973 4974 5094
f 4973 5094 5093
f 4974 4975 5095
f 4974 5095 5094
f 4975 4976 5096
f 4975 5096 5095
f 4976 4977 5097
f 4976 5097 5096
f 4977 4978 5098
f 4977 5098 5097
f 4978 4979 5099
f 4978 5099 5098
f 4979 4980 5100
f 4979 5100 5099
f 4980 4981 5101
f 4980 5101 5100
f 4981 4982 5102
f 4981 5102 5101
f 4982 4983 5103
f 4982 5103 5102
f 4983 4984 5104
f 4983 5104 5103
f 4984 4985 5105
f 4984 5105 5104
f 4985 4986 5106
f 4985 5106 5105
f 4986 4987 5107
f 4986 5107 5106
f 4987 4988 5108
f 4987 5108 5107
f 4988 4989 5109
f 4988 5109 5108
f 4989 4990 5110
f 4989 5110 5109
f 4990 4991 5111
f 4990 5111 5110
f 4991 4992 5112
f 4991 5112 5111
f 4992 4993 5113
f 4992 5113 5112
f 4993 4994 5114
f 4993 5114 5113
f 4994 4995 5115
f 4994 5115 5114
f 4995 4996 5116
f 4995 5116 5115
f 4996 4997 5117
f 4996 5117 5116
f 4997 4998 5118
f 4997 5118 5117
f 4998 4999 5119
f 4998 5119 5118
f 4999 5000 5120
f 4999 5120 5119
f 5000 5001 5121
f 5000 5121 5120
f 5001 5002 5122
f 5001 5122 5121
f 5002 5003 5123
f 5002 5123 5122
f 5003 5004 5124
f 5003 5124 5123
f 5004 5005 5125
f 5004 5125 5124
f 5005 5006 5126
f 5005 5126 5125
f 5006 5007 5127
f 5006 5127 5126
f 5007 5008 5128
f 5007 5128 5127
f 5008 5009 5129
f 5008 5129 5128
f 5009 5010 5130
f 5009 5130 5129
f 5010 5011 5131
f 5010 5131 5130
f 5011 5012 5132
f 5011 5132 5131
f 5012 5013 5133
f 5012 5133 5132
f 5013 5014 5134
f 5013 5134 5133
f 5014 5015 5135
f 5014 5135 5134
f 5015 5016 5136
f 5015 5136 5135
f 5016 5017 5137
f 5016 5137 5136
f 5017 5018 5138
f 5017 5138 5137
f 5018 5019 5139
f 5018 5139 5138
f 5019 5020 5140
f 5019 5140 5139
f 5020 5021 5141
f 5020 5141 5140
f 5021 5022 5142
f 5021 5142 5141
f 5022 5023 5143
f 5022 5143 5142
f 5023 5024 5144
f 5023 5144 5143
f 5024 5025 5145
f 5024 5145 5144
f 5025 5026 5146
f 5025 5146 5145
f 5026 5027 5147
f 5026 5147 5146
f 5027 5028 5148
f 5027 5148 5147
f 5028 5029 5149
f 5028 5149 5148
f 5029 5030 5150
f 5029 5150 5149
f 5030 5031 5151
f 5030 5151 5150
f 5031 5032 5152
f 5031 5152 5151
f 5032 5033 5153
f 5032 5153 5152
f 5033 5034 5154
f 5033 5154 5153
f 5034 5035 5155
f 5034 5155 5154
f 5035 5036 5156
f 5035 5156 5155
f 5036 5037 5157
f 5036 5157 5156
f 5037 5038 5158
f 5037 5158 5157
f 5038 5039 5159
f 5038 5159 5158
f 5039 5040 5160
f 5039 5160 5159
f 5040 5041 5161
f 5040 5161 5160
f 5041 4922 5042
f 5041 5042 5161
f 5042 5043 5163
f 5042 5163 5162
f 5043 5044 5164
f 5043 5164 5163
f 5044 5045 5165
f 5044 5165 5164
f 5045 5046 5166
f 5045 5166 5165
f 5046 5047 5167
f 5046 5167 5166
f 5047 5048 5168
f 5047 5168 5167
f 5048 5049 5169
f 5048 5169 5168
f 5049 5050 5170
f 5049 5170 5169
f 5050 5051 5171
f 5050 5171 5170
f 5051 5052 5172
f 5051 5172 5171
f 5052 5053 5173
f 5052 5173 5172
f 5053 5054 5174
f 5053 5174 5173
f 5054 5055 5175
f 5054 5175 5174
f 5055 5056 5176
f 5055 5176 5175
f 5056 5057 5177
f 5056 5177 5176
f 5057 5058 5178
f 5057 5178 5177
f 5058 5059 5179
f 5058 5179 5178
f 5059 5060 5180
f 5059 5180 5179
f 5060 5061 5181
f 5060 5181 5180
f 5061 5062 5182
f 5061 5182 5181
f 5062 5063 5183
f 5062 5183 5182
f 5063 5064 5184
f 5063 5184 5183
f 5064 5065 5185
f 5064 5185 5184
f 5065 5066 5186
f 5065 5186 5185
f 5066 5067 5187
f 5066 5187 5186
f 5067 5068 5188
f 5067 5188 5187
f 5068 5069 5189
f 5068 5189 5188
f 5069 5070 5190
f 5069 5190 5189
f 5070 5071 5191
f 5070 5191 5190
f 5071 5072 5192
f 5071 5192 5191
f 5072 5073 5193
f 5072 5193 5192
f 5073 5074 5194
f 5073 5194 5193
f 5074 5075 5195
f 5074 5195 5194
f 5075 5076 5196
f 5075 5196 5195
f 5076 5077 5197
f 5076 5197 5196
f 5077 5078 5198
f 5077 5198 5197
f 5078 5079 5199
f 5078 5199 5198
f 5079 5080 5200
f 5079 5200 5199
f 5080 5081 5201
f 5080 5201 5200
f 5081 5082 5202
f 5081 5202 5201
f 5082 5083 5203
f 5082 5203 5202
f 5083 5084 5204
f 5083 5204 5203
f 5084 5085 5205
f 5084 5205 5204
f 5085 5086 5206
f 5085 5206 5205
f 5086 5087 5207
f 5086 5207 5206
f 5087 5088 5208
f 5087 5208 5207
f 5088 5089 5209
f 5088 5209 5208
f 5089 5090 5210
f 5089 5210 5209
f 5090 5091 5211
f 5090 5211 5210
f 5091 5092 5212
f 5091 5212 5211
f 5092 5093 5213
f 5092 5213 5212
f 5093 5094 5214
f 5093 5214 5213
f 5094 5095 5215
f 5094 5215 5214
f 5095 5096 5216
f 5095 5216 5215
f 5096 5097 5217
f 5096 5217 5216
f 5097 5098 5218
f 5097 5218 5217
f 5098 5099 5219
f 5098 5219 5218
f 5099 5100 5220
f 5099 5220 5219
f 5100 5101 5221
f 5100 5221 5220
f 5101 5102 5222
f 5101 5222 5221
f 5102 5103 5223
f 5102 5223 5222
f 5103 5104 5224
f 5103 5224 5223
f 5104 5105 5225
f 5104 5225 5224
f 5105 5106 5226
f 5105 5226 5225
f 5106 5107 5227
f 5106 5227 5226
f 5107 5108 5228
f 5107 5228 5227
f 5108 5109 5229
f 5108 5229 5228
f 5109 5110 5230
f 5109 5230 5229
f 5110 5111 5231
f 5110 5231 5230
f 5111 5112 5232
f 5111 5232 5231
f 5112 5113 5233
f 5112 5233 5232
f 5113 5114 5234
f 5113 5234 5233
f 5114 5115 5235
f 5114 5235 5234
f 5115 5116 5236
f 5115 5236 5235
f 5116 5117 5237
f 5116 5237 5236
f 5117 5118 5238
f 5117 5238 5237
f 5118 5119 5239
f 5118 5239 5238
f 5119 5120 5240
f 5119 5240 5239
f 5120 5121 5241
f 5120 5241 5240
f 5121 5122 5242
f 5121 5242 5241
f 5122 5123 5243
f 5122 5243 5242
f 5123 5124 5244
f 5123 5244 5243
f 5124 5125 5245
f 5124 5245 5244
f 5125 5126 5246
f 5125 5246 5245
f 5126 5127 5247
f 5126 5247 5246
f 5127 5128 5248
f 5127 5248 5247
f 5128 5129 5249
f 5128 5249 5248
f 5129 5130 5250
f 5129 5250 5249
f 5130 5131 5251
f 5130 5251 5250
f 5131 5132 5252
f 5131 5252 5251
f 5132 5133 5253
f 5132 5253 5252
f 5133 5134 5254
f 5133 5254 5253
f 5134 5135 5255
f 5134 5255 5254
f 5135 5136 5256
f 5135 5256 5255
f 5136 5137 5257
f 5136 5257 5256
f 5137 5138 5258
f 5137 5258 5257
f 5138 5139 5259
f 5138 5259 5258
f 5139 5140 5260
f 5139 5260 5259
f 5140 5141 5261
f 5140 5261 5260
f 5141 5142 5262
f 5141 5262 5261
f 5142 5143 5263
f 5142 5263 5262
f 5143 5144 5264
f 5143 5264 5263
f 5144 5145 5265
f 5144 5265 5264
f 5145 5146 5266
f 5145 5266 5265
f 5146 5147 5267
f 5146 5267 5266
f 5147 5148 5268
f 5147 5268 5267
f 5148 5149 5269
f 5148 5269 5268
f 5149 5150 5270
f 5149 5270 5269
f 5150 5151 5271
f 5150 5271 5270
f 5151 5152 5272
f 5151 5272 5271
f 5152 5153 5273
f 5152 5273 5272
f 5153 5154 5274
f 5153 5274 5273
f 5154 5155 5275
f 5154 5275 5274
f 5155 5156 5276
f 5155 5276 5275
f 5156 5157 5277
f 5156 5277 5276
f 5157 5158 5278
f 5157 5278 5277
f 5158 5159 5279
f 5158 5279 5278
f 5159 5160 5280
f 5159 5280 5279
f 5160 5161 5281
f 5160 5281 5280
f 5161 5042 5162
f 5161 5162 5281
f 5162 5163 5283
f 5162 5283 5282
f 5163 5164 5284
f 5163 5284 5283
f 5164 5165 5285
f 5164 5285 5284
f 5165 5166 5286
f 5165 5286 5285
f 5166 5167 5287
f 5166 5287 5286
f 5167 5168 5288
f 5167 5288 5287
f 5168 5169 5289
f 5168 5289 5288
f 5169 5170 5290
f 5169 5290 5289
f 5170 5171 5291
f 5170 5291 5290
f 5171 5172 5292
f 5171 5292 5291
f 5172 5173 5293
f 5172 5293 5292
f 5173 5174 5294
f 5173 5294 5293
f 5174 5175 5295
f 5174 5295 5294
f 5175 5176 5296
f 5175 5296 5295
f 5176 5177 5297
f 5176 5297 5296
f 5177 5178 5298
f 5177 5298 5297
f 5178 5179 5299
f 5178 5299 5298
f 5179 5180 5300
f 5179 5300 5299
f 5180 5181 5301
f 5180 5301 5300
f 5181 5182 5302
f 5181 5302 5301
f 5182 5183 5303
f 5182 5303 5302
f 5183 5184 5304
f 5183 5304 5303
f 5184 5185 5305
f 5184 5305 5304
f 5185 5186 5306
f 5185 5306 5305
f 5186 5187 5307
f 5186 5307 5306
f 5187 5188 5308
f 5187 5308 5307
f 5188 5189 5309
f 5188 5309 5308
f 5189 5190 5310
f 5189 5310 5309
f 5190 5191 5311
f 5190 5311 5310
f 5191 5192 5312
f 5191 5312 5311
f 5192 5193 5313
f 5192 5313 5312
f 5193 5194 5314
f 5193 5314 5313
f 5194 5195 5315
f 5194 5315 5314
f 5195 5196 5316
f 5195 5316 5315
f 5196 5197 5317
f 5196 5317 5316
f 5197 5198 5318
f 5197 5318 5317
f 5198 5199 5319
f 5198 5319 5318
f 5199 5200 5320
f 5199 5320 5319
f 5200 5201 5321
f 5200 5321 5320
f 5201 5202 5322
f 5201 5322 5321
f 5202 5203 5323
f 5202 5323 5322
f 5203 5204 5324
f 5203 5324 5323
f 5204 5205 5325
f 5204 5325 5324
f 5205 5206 5326
f 5205 5326 5325
f 5206 5207 5327
f 5206 5327 5326
f 5207 5208 5328
f 5207 5328 5327
f 5208 5209 5329
f 5208 5329 5328
f 5209 5210 5330
f 5209 5330 5329
f 5210 5211 5331
f 5210 5331 5330
f 5211 5212 5332
f 5211 5332 5331
f 5212 5213 5333
f 5212 5333 5332
f 5213 5214 5334
f 5213 5334 5333
f 5214 5215 5335
f 5214 5335 5334
f 5215 5216 5336
f 5215 5336 5335
f 5216 5217 5337
f 5216 5337 5336
f 5217 5218 5338
f 5217 5338 5337
f 5218 5219 5339
f 5218 5339 5338
f 5219 5220 5340
f 5219 5340 5339
f 5220 5221 5341
f 5220 5341 5340
f 5221 5222 5342
f 5221 5342 5341
f 5222 5223 5343
f 5222 5343 5342
f 5223 5224 5344
f 5223 5344 5343
f 5224 5225 5345
f 5224 5345 5344
f 5225 5226 5346
f 5225 5346 5345
f 5226 5227 5347
f 5226 5347 5346
f 5227 5228 5348
f 5227 5348 5347
f 5228 5229 5349
f 5228 5349 5348
f 5229 5230 5350
f 5229 5350 5349
f 5230 5231 5351
f 5230 5351 5350
f 5231 5232 5352
f 5231 5352 5351
f 5232 5233 5353
f 5232 5353 5352
f 5233 5234 5354
f 5233 5354 5353
f 5234 5235 5355
f 5234 5355 5354
f 5235 5236 5356
f 5235 5356 5355
f 5236 5237 5357
f 5236 5357 5356
f 5237 5238 5358
f 5237 5358 5357
f 5238 5239 5359
f 5238 5359 5358
f 5239 5240 5360
f 5239 5360 5359
f 5240 5241 5361
f 5240 5361 5360
f 5241 5242 5362
f 5241 5362 5361
f 5242 5243 5363
f 5242 5363 5362
f 5243 5244 5364
f 5243 5364 5363
f 5244 5245 5365
f 5244 5365 5364
f 5245 5246 5366
f 5245 5366 5365
f 5246 5247 5367
f 5246 5367 5366
f 5247 5248 5368
f 5247 5368 5367
f 5248 5249 5369
f 5248 5369 5368
f 5249 5250 5370
f 5249 5370 5369
f 5250 5251 5371
f 5250 5371 5370
f 5251 5252 5372
f 5251 5372 5371
f 5252 5253 5373
f 5252 5373 5372
f 5253 5254 5374
f 5253 5374 5373
f 5254 5255 5375
f 5254 5375 5374
f 5255 5256 5376
f 5255 5376 5375
f 5256 5257 5377
f 5256 5377 5376
f 5257 5258 5378
f 5257 5378 5377
f 5258 5259 5379
f 5258 5379 5378
f 5259 5260 5380
f 5259 5380 5379
f 5260 5261 5381
f 5260 5381 5380
f 5261 5262 5382
f 5261 5382 5381
f 5262 5263 5383
f 5262 5383 5382
f 5263 5264 5384
f 5263 5384 5383
f 5264 5265 5385
f 5264 5385 5384
f 5265 5266 5386
f 5265 5386 5385
f 5266 5267 5387
f 5266 5387 5386
f 5267 5268 5388
f 5267 5388 5387
f 5268 5269 5389
f 5268 5389 5388
f 5269 5270 5390
f 5269 5390 5389
f 5270 5271 5391
f 5270 5391 5390
f 5271 5272 5392
f 5271 5392 5391
f 5272 5273 5393
f 5272 5393 5392
f 5273 5274 5394
f 5273 5394 5393
f 5274 5275 5395
f 5274 5395 5394
f 5275 5276 5396
f 5275 5396 5395
f 5276 5277 5397
f 5276 5397 5396
f 5277 5278 5398
f 5277 5398 5397
f 5278 5279 5399
f 5278 5399 5398
f 5279 5280 5400
f 5279 5400 5399
f 5280 5281 5401
f 5280 5401 5400
f 5281 5162 5282
f 5281 5282 5401
f 5282 5283 5403
f 5282 5403 5402
f 5283 5284 5404
f 5283 5404 5403
f 5284 5285 5405
f 5284 5405 5404
f 5285 5286 5406
f 5285 5406 5405
f 5286 5287 5407
f 5286 5407 5406
f 5287 5288 5408
f 5287 5408 5407
f 5288 5289 5409
f 5288 5409 5408
f 5289 5290 5410
f 5289 5410 5409
f 5290 5291 5411
f 5290 5411 5410
f 5291 5292 5412
f 5291 5412 5411
f 5292 5293 5413
f 5292 5413 5412
f 5293 5294 5414
f 5293 5414 5413
f 5294 5295 5415
f 5294 5415 5414
f 5295 5296 5416
f 5295 5416 5415
f 5296 5297 5417
f 5296 5417 5416
f 5297 5298 5418
f 5297 5418 5417
f 5298 5299 5419
f 5298 5419 5418
f 5299 5300 5420
f 5299 5420 5419
f 5300 5301 5421
f 5300 5421 5420
f 5301 5302 5422
f 5301 5422 5421
f 5302 5303 5423
f 5302 5423 5422
f 5303 5304 5424
f 5303 5424 5423
f 5304 5305 5425
f 5304 5425 5424
f 5305 5306 5426
f 5305 5426 5425
f 5306 5307 5427
f 5306 5427 5426
f 5307 5308 5428
f 5307 5428 5427
f 5308 5309 5429
f 5308 5429 5428
f 5309 5310 5430
f 5309 5430 5429
f 5310 5311 5431
f 5310 5431 5430
f 5311 5312 5432
f 5311 5432 5431
f 5312 5313 5433
f 5312 5433 5432
f 5313 5314 5434
f 5313 5434 5433
f 5314 5315 5435
f 5314 5435 5434
f 5315 5316 5436
f 5315 5436 5435
f 5316 5317 5437
f 5316 5437 5436
f 5317 5318 5438
f 5317 5438 5437
f 5318 5319 5439
f 5318 5439 5438
f 5319 5320 5440
f 5319 5440 5439
f 5320 5321 5441
f 5320 5441 5440
f 5321 5322 5442
f 5321 5442 5441
f 5322 5323 5443
f 5322 5443 5442
f 5323 5324 5444
f 5323 5444 5443
f 5324 5325 5445
f 5324 5445 5444
f 5325 5326 5446
f 5325 5446 5445
f 5326 5327 5447
f 5326 5447 5446
f 5327 5328 5448
f 5327 5448 5447
f 5328 5329 5449
f 5328 5449 5448
f 5329 5330 5450
f 5329 5450 5449
f 5330 5331 5451
f 5330 5451 5450
f 5331 5332 5452
f 5331 5452 5451
f 5332 5333 5453
f 5332 5453 5452
f 5333 5334 5454
f 5333 5454 5453
f 5334 5335 5455
f 5334 5455 5454
f 5335 5336 5456
f 5335 5456 5455
f 5336 5337 5457
f 5336 5457 5456
f 5337 5338 5458
f 5337 5458 5457
f 5338 5339 5459
f 5338 5459 5458
f 5339 5340 5460
f 5339 5460 5459
f 5340 5341 5461
f 5340 5461 5460
f 5341 5342 5462
f 5341 5462 5461
f 5342 5343 5463
f 5342 5463 5462
f 5343 5344 5464
f 5343 5464 5463
f 5344 5345 5465
f 5344 5465 5464
f 5345 5346 5466
f 5345 5466 5465
f 5346 5347 5467
f 5346 5467 5466
f 5347 5348 5468
f 5347 5468 5467
f 5348 5349 5469
f 5348 5469 5468
f 5349 5350 5470
f 5349 5470 5469
f 5350 5351 5471
f 5350 5471 5470
f 5351 5352 5472
f 5351 5472 5471
f 5352 5353 5473
f 5352 5473 5472
f 5353 5354 5474
f 5353 5474 5473
f 5354 5355 5475
f 5354 5475 5474
f 5355 5356 5476
f 5355 5476 5475
f 5356 5357 5477
f 5356 5477 5476
f 5357 5358 5478
f 5357 5478 5477
f 5358 5359 5479
f 5358 5479 5478
f 5359 5360 5480
f 5359 5480 5479
f 5360 5361 5481
f 5360 5481 5480
f 5361 5362 5482
f 5361 5482 5481
f 5362 5363 5483
f 5362 5483 5482
f 5363 5364 5484
f 5363 5484 5483
f 5364 5365 5485
f 5364 5485 5484
f 5365 5366 5486
f 5365 5486 5485
f 5366 5367 5487
f 5366 5487 5486
f 5367 5368 5488
f 5367 5488 5487
f 5368 5369 5489
f 5368 5489 5488
f 5369 5370 5490
f 5369 5490 5489
f 5370 5371 5491
f 5370 5491 5490
f 5371 5372 5492
f 5371 5492 5491
f 5372 5373 5493
f 5372 5493 5492
f 5373 5374 5494
f 5373 5494 5493
f 5374 5375 5495
f 5374 5495 5494
f 5375 5376 5496
f 5375 5496 5495
f 5376 5377 5497
f 5376 5497 5496
f 5377 5378 5498
f 5377 5498 5497
f 5378 5379 5499
f 5378 5499 5498
f 5379 5380 5500
f 5379 5500 5499
f 5380 5381 5501
f 5380 5501 5500
f 5381 5382 5502
f 5381 5502 5501
f 5382 5383 5503
f 5382 5503 5502
f 5383 5384 5504
f 5383 5504 5503
f 5384 5385 5505
f 5384 5505 5504
f 5385 5386 5506
f 5385 5506 5505
f 5386 5387 5507
f 5386 5507 5506
f 5387 5388 5508
f 5387 5508 5507
f 5388 5389 5509
f 5388 5509 5508
f 5389 5390 5510
f 5389 5510 5509
f 5390 5391 5511
f 5390 5511 5510
f 5391 5392 5512
f 5391 5512 5511
f 5392 5393 5513
f 5392 5513 5512
f 5393 5394 5514
f 5393 5514 5513
f 5394 5395 5515
f 5394 5515 5514
f 5395 5396 5516
f 5395 5516 5515
f 5396 5397 5517
f 5396 5517 5516
f 5397 5398 5518
f 5397 5518 5517
f 5398 5399 5519
f 5398 5519 5518
f 5399 5400 5520
f 5399 5520 5519
f 5400 5401 5521
f 5400 5521 5520
f 5401 5282 5402
f 5401 5402 5521
f 5402 5403 5523
f 5402 5523 5522
f 5403 5404 5524
f 5403 5524 5523
f 5404 5405 5525
f 5404 5525 5524
f 5405 5406 5526
f 5405 5526 5525
f 5406 5407 5527
f 5406 5527 5526
f 5407 5408 5528
f 5407 5528 5527
f 5408 5409 5529
f 5408 5529 5528
f 5409 5410 5530
f 5409 5530 5529
f 5410 5411 5531
f 5410 5531 5530
f 5411 5412 5532
f 5411 5532 5531
f 5412 5413 5533
f 5412 5533 5532
f 5413 5414 5534
f 5413 5534 5533
f 5414 5415 5535
f 5414 5535 5534
f 5415 5416 5536
f 5415 5536 5535
f 5416 5417 5537
f 5416 5537 5536
f 5417 5418 5538
f 5417 5538 5537
f 5418 5419 5539
f 5418 5539 5538
f 5419 5420 5540
f 5419 5540 5539
f 5420 5421 5541
f 5420 5541 5540
f 5421 5422 5542
f 5421 5542 5541
f 5422 5423 5543
f 5422 5543 5542
f 5423 5424 5544
f 5423 5544 5543
f 5424 5425 5545
f 5424 5545 5544
f 5425 5426 5546
f 5425 5546 5545
f 5426 5427 5547
f 5426 5547 5546
f 5427 5428 5548
f 5427 5548 5547
f 5428 5429 5549
f 5428 5549 5548
f 5429 5430 5550
f 5429 5550 5549
f 5430 5431 5551
f 5430 5551 5550
f 5431 5432 5552
f 5431 5552 5551
f 5432 5433 5553
f 5432 5553 5552
f 5433 5434 5554
f 5433 5554 5553
f 5434 5435 5555
f 5434 5555 5554
f 5435 5436 5556
f 5435 5556 5555
f 5436 5437 5557
f 5436 5557 5556
f 5437 5438 5558
f 5437 5558 5557
f 5438 5439 5559
f 5438 5559 5558
f 5439 5440 5560
f 5439 5560 5559
f 5440 5441 5561
f 5440 5561 5560
f 5441 5442 5562
f 5441 5562 5561
f 5442 5443 5563
f 5442 5563 5562
f 5443 5444 5564
f 5443 5564 5563
f 5444 5445 5565
f 5444 5565 5564
f 5445 5446 5566
f 5445 5566 5565
f 5446 5447 5567
f 5446 5567 5566
f 5447 5448 5568
f 5447 5568 5567
f 5448 5449 5569
f 5448 5569 5568
f 5449 5450 5570
f 5449 5570 5569
f 5450 5451 5571
f 5450 5571 5570
f 5451 5452 5572
f 5451 5572 5571
f 5452 5453 5573
f 5452 5573 5572
f 5453 5454 5574
f 5453 5574 5573
f 5454 5455 5575
f 5454 5575 5574
f 5455 5456 5576
f 5455 5576 5575
f 5456 5457 5577
f 5456 5577 5576
f 5457 5458 5578
f 5457 5578 5577
f 5458 5459 5579
f 5458 5579 5578
f 5459 5460 5580
f 5459 5580 5579
f 5460 5461 5581
f 5460 5581 5580
f 5461 5462 5582
f 5461 5582 5581
f 5462 5463 5583
f 5462 5583 5582
f 5463 5464 5584
f 5463 5584 5583
f 5464 5465 5585
f 5464 5585 5584
f 5465 5466 5586
f 5465 5586 5585
f 5466 5467 5587
f 5466 5587 5586
f 5467 5468 5588
f 5467 5588 5587
f 5468 5469 5589
f 5468 5589 5588
f 5469 5470 5590
f 5469 5590 5589
f 5470 5471 5591
f 5470 5591 5590
f 5471 5472 5592
f 5471 5592 5591
f 5472 5473 5593
f 5472 5593 5592
f 5473 5474 5594
f 5473 5594 5593
f 5474 5475 5595
f 5474 5595 5594
f 5475 5476 5596
f 5475 5596 5595
f 5476 5477 5597
f 5476 5597 5596
f 5477 5478 5598
f 5477 5598 5597
f 5478 5479 5599
f 5478 5599 5598
f 5479 5480 5600
f 5479 5600 5599
f 5480 5481 5601
f 5480 5601 5600
f 5481 5482 5602
f 5481 5602 5601
f 5482 5483 5603
f 5482 5603 5602
f 5483 5484 5604
f 5483 5604 5603
f 5484 5485 5605
f 5484 5605 5604
f 5485 5486 5606
f 5485 5606 5605
f 5486 5487 5607
f 5486 5607 5606
f 5487 5488 5608
f 5487 5608 5607
f 5488 5489 5609
f 5488 5609 5608
f 5489 5490 5610
f 5489 5610 5609
f 5490 5491 5611
f 5490 5611 5610
f 5491 5492 5612
f 5491 5612 5611
f 5492 5493 5613
f 5492 5613 5612
f 5493 5494 5614
f 5493 5614 5613
f 5494 5495 5615
f 5494 5615 5614
f 5495 5496 5616
f 5495 5616 5615
f 5496 5497 5617
f 5496 5617 5616
f 5497 5498 5618
f 5497 5618 5617
f 5498 5499 5619
f 5498 5619 5618
f 5499 5500 5620
f 5499 5620 5619
f 5500 5501 5621
f 5500 5621 5620
f 5501 5502 5622
f 5501 5622 5621
f 5502 5503 5623
f 5502 5623 5622
f 5503 5504 5624
f 5503 5624 5623
f 5504 5505 5625
f 5504 5625 5624
f 5505 5506 5626
f 5505 5626 5625
f 5506 5507 5627
f 5506 5627 5626
f 5507 5508 5628
f 5507 5628 5627
f 5508 5509 5629
f 5508 5629 5628
f 5509 5510 5630
f 5509 5630 5629
f 5510 5511 5631
f 5510 5631 5630
f 5511 5512 5632
f 5511 5632 5631
f 5512 5513 5633
f 5512 5633 5632
f 5513 5514 5634
f 5513 5634 5633
f 5514 5515 5635
f 5514 5635 5634
f 5515 5516 5636
f 5515 5636 5635
f 5516 5517 5637
f 5516 5637 5636
f 5517 5518 5638
f 5517 5638 5637
f 5518 5519 5639
f 5518 5639 5638
f 5519 5520 5640
f 5519 5640 5639
f 5520 5521 5641
f 5520 5641 5640
f 5521 5402 5522
f 5521 5522 5641
f 5522 5523 5643
f 5522 5643 5642
f 5523 5524 5644
f 5523 5644 5643
f 5524 5525 5645
f 5524 5645 5644
f 5525 5526 5646
f 5525 5646 5645
f 5526 5527 5647
f 5526 5647 5646
f 5527 5528 5648
f 5527 5648 5647
f 5528 5529 5649
f 5528 5649 5648
f 5529 5530 5650
f 5529 5650 5649
f 5530 5531 5651
f 5530 5651 5650
f 5531 5532 5652
f 5531 5652 5651
f 5532 5533 5653
f 5532 5653 5652
f 5533 5534 5654
f 5533 5654 5653
f 5534 5535 5655
f 5534 5655 5654
f 5535 5536 5656
f 5535 5656 5655
f 5536 5537 5657
f 5536 5657 5656
f 5537 5538 5658
f 5537 5658 5657
f 5538 5539 5659
f 5538 5659 5658
f 5539 5540 5660
f 5539 5660 5659
f 5540 5541 5661
f 5540 5661 5660
f 5541 5542 5662
f 5541 5662 5661
f 5542 5543 5663
f 5542 5663 5662
f 5543 5544 5664
f 5543 5664 5663
f 5544 5545 5665
f 5544 5665 5664
f 5545 5546 5666
f 5545 5666 5665
f 5546 5547 5667
f 5546 5667 5666
f 5547 5548 5668
f 5547 5668 5667
f 5548 5549 5669
f 5548 5669 5668
f 5549 5550 5670
f 5549 5670 5669
f 5550 5551 5671
f 5550 5671 5670
f 5551 5552 5672
f 5551 5672 5671
f 5552 5553 5673
f 5552 5673 5672
f 5553 5554 5674
f 5553 5674 5673
f 5554 5555 5675
f 5554 5675 5674
f 5555 5556 5676
f 5555 5676 5675
f 5556 5557 5677
f 5556 5677 5676
f 5557 5558 5678
f 5557 5678 5677
f 5558 5559 5679
f 5558 5679 5678
f 5559 5560 5680
f 5559 5680 5679
f 5560 5561 5681
f 5560 5681 5680
f 5561 5562 5682
f 5561 5682 5681
f 5562 5563 5683
f 5562 5683 5682
f 5563 5564 5684
f 5563 5684 5683
f 5564 5565 5685
f 5564 5685 5684
f 5565 5566 5686
f 5565 5686 5685
f 5566 5567 5687
f 5566 5687 5686
f 5567 5568 5688
f 5567 5688 5687
f 5568 5569 5689
f 5568 5689 5688
f 5569 5570 5690
f 5569 5690 5689
f 5570 5571 5691
f 5570 5691 5690
f 5571 5572 5692
f 5571 5692 5691
f 5572 5573 5693
f 5572 5693 5692
f 5573 5574 5694
f 5573 5694 5693
f 5574 5575 5695
f 5574 5695 5694
f 5575 5576 5696
f 5575 5696 5695
f 5576 5577 5697
f 5576 5697 5696
f 5577 5578 5698
f 5577 5698 5697
f 5578 5579 5699
f 5578 5699 5698
f 5579 5580 5700
f 5579 5700 5699
f 5580 5581 5701
f 5580 5701 5700
f 5581 5582 5702
f 5581 5702 5701
f 5582 5583 5703
f 5582 5703 5702
f 5583 5584 5704
f 5583 5704 5703
f 5584 5585 5705
f 5584 5705 5704
f 5585 5586 5706
f 5585 5706 5705
f 5586 5587 5707
f 5586 5707 5706
f 5587 5588 5708
f 5587 5708 5707
f 5588 5589 5709
f 5588 5709 5708
f 5589 5590 5710
f 5589 5710 5709
f 5590 5591 5711
f 5590 5711 5710
f 5591 5592 5712
f 5591 5712 5711
f 5592 5593 5713
f 5592 5713 5712
f 5593 5594 5714
f 5593 5714 5713
f 5594 5595 5715
f 5594 5715 5714
f 5595 5596 5716
f 5595 5716 5715
f 5596 5597 5717
f 5596 5717 5716
f 5597 5598 5718
f 5597 5718 5717
f 5598 5599 5719
f 5598 5719 5718
f 5599 5600 5720
f 5599 5720 5719
f 5600 5601 5721
f 5600 5721 5720
f 5601 5602 5722
f 5601 5722 5721
f 5602 5603 5723
f 5602 5723 5722
f 5603 5604 5724
f 5603 5724 5723
f 5604 5605 5725
f 5604 5725 5724
f 5605 5606 5726
f 5605 5726 5725
f 5606 5607 5727
f 5606 5727 5726
f 5607 5608 5728
f 5607 5728 5727
f 5608 5609 5729
f 5608 5729 5728
f 5609 5610 5730
f 5609 5730 5729
f 5610 5611 5731
f 5610 5731 5730
f 5611 5612 5732
f 5611 5732 5731
f 5612 5613 5733
f 5612 5733 5732
f 5613 5614 5734
f 5613 5734 5733
f 5614 5615 5735
f 5614 5735 5734
f 5615 5616 5736
f 5615 5736 5735
f 5616 5617 5737
f 5616 5737 5736
f 5617 5618 5738
f 5617 5738 5737
f 5618 5619 5739
f 5618 5739 5738
f 5619 5620 5740
f 5619 5740 5739
f 5620 5621 5741
f 5620 5741 5740
f 5621 5622 5742
f 5621 5742 5741
f 5622 5623 5743
f 5622 5743 5742
f 5623 5624 5744
f 5623 5744 5743
f 5624 5625 5745
f 5624 5745 5744
f 5625 5626 5746
f 5625 5746 5745
f 5626 5627 5747
f 5626 5747 5746
f 5627 5628 5748
f 5627 5748 5747
f 5628 5629 5749
f 5628 5749 5748
f 5629 5630 5750
f 5629 5750 5749
f 5630 5631 5751
f 5630 5751 5750
f 5631 5632 5752
f 5631 5752 5751
f 5632 5633 5753
f 5632 5753 5752
f 5633 5634 5754
f 5633 5754 5753
f 5634 5635 5755
f 5634 5755 5754
f 5635 5636 5756
f 5635 5756 5755
f 5636 5637 5757
f 5636 5757 5756
f 5637 5638 5758
f 5637 5758 5757
f 5638 5639 5759
f 5638 5759 5758
f 5639 5640 5760
f 5639 5760 5759
f 5640 5641 5761
f 5640 5761 5760
f 5641 5522 5642
f 5641 5642 5761
f 5642 5643 5763
f 5642 5763 5762
f 5643 5644 5764
f 5643 5764 5763
f 5644 5645 5765
f 5644 5765 5764
f 5645 5646 5766
f 5645 5766 5765
f 5646 5647 5767
f 5646 5767 5766
f 5647 5648 5768
f 5647 5768 5767
f 5648 5649 5769
f 5648 5769 5768
f 5649 5650 5770
f 5649 5770 5769
f 5650 5651 5771
f 5650 5771 5770
f 5651 5652 5772
f 5651 5772 5771
f 5652 5653 5773
f 5652 5773 5772
f 5653 5654 5774
f 5653 5774 5773
f 5654 5655 5775
f 5654 5775 5774
f 5655 5656 5776
f 5655 5776 5775
f 5656 5657 5777
f 5656 5777 5776
f 5657 5658 5778
f 5657 5778 5777
f 5658 5659 5779
f 5658 5779 5778
f 5659 5660 5780
f 5659 5780 5779
f 5660 5661 5781
f 5660 5781 5780
f 5661 5662 5782
f 5661 5782 5781
f 5662 5663 5783
f 5662 5783 5782
f 5663 5664 5784
f 5663 5784 5783
f 5664 5665 5785
f 5664 5785 5784
f 5665 5666 5786
f 5665 5786 5785
f 5666 5667 5787
f 5666 5787 5786
f 5667 5668 5788
f 5667 5788 5787
f 5668 5669 5789
f 5668 5789 5788
f 5669 5670 5790
f 5669 5790 5789
f 5670 5671 5791
f 5670 5791 5790
f 5671 5672 5792
f 5671 5792 5791
f 5672 5673 5793
f 5672 5793 5792
f 5673 5674 5794
f 5673 5794 5793
f 5674 5675 5795
f 5674 5795 5794
f 5675 5676 5796
f 5675 5796 5795
f 5676 5677 5797
f 5676 5797 5796
f 5677 5678 5798
f 5677 5798 5797
f 5678 5679 5799
f 5678 5799 5798
f 5679 5680 5800
f 5679 5800 5799
f 5680 5681 5801
f 5680 5801 5800
f 5681 5682 5802
f 5681 5802 5801
f 5682 5683 5803
f 5682 5803 5802
f 5683 5684 5804
f 5683 5804 5803
f 5684 5685 5805
f 5684 5805 5804
f 5685 5686 5806
f 5685 5806 5805
f 5686 5687 5807
f 5686 5807 5806
f 5687 5688 5808
f 5687 5808 5807
f 5688 5689 5809
f 5688 5809 5808
f 5689 5690 5810
f 5689 5810 5809
f 5690 5691 5811
f 5690 5811 5810
f 5691 5692 5812
f 5691 5812 5811
f 5692 5693 5813
f 5692 5813 5812
f 5693 5694 5814
f 5693 5814 5813
f 5694 5695 5815
f 5694 5815 5814
f 5695 5696 5816
f 5695 5816 5815
f 5696 5697 5817
f 5696 5817 5816
f 5697 5698 5818
f 5697 5818 5817
f 5698 5699 5819
f 5698 5819 5818
f 5699 5700 5820
f 5699 5820 5819
f 5700 5701 5821
f 5700 5821 5820
f 5701 5702 5822
f 5701 5822 5821
f 5702 5703 5823
f 5702 5823 5822
f 5703 5704 5824
f 5703 5824 5823
f 5704 5705 5825
f 5704 5825 5824
f 5705 5706 5826
f 5705 5826 5825
f 5706 5707 5827
f 5706 5827 5826
f 5707 5708 5828
f 5707 5828 5827
f 5708 5709 5829
f 5708 5829 5828
f 5709 5710 5830
f 5709 5830 5829
f 5710 5711 5831
f 5710 5831 5830
f 5711 5712 5832
f 5711 5832 5831
f 5712 5713 5833
f 5712 5833 5832
f 5713 5714 5834
f 5713 5834 5833
f 5714 5715 5835
f 5714 5835 5834
f 5715 5716 5836
f 5715 5836 5835
f 5716 5717 5837
f 5716 5837 5836
f 5717 5718 5838
f 5717 5838 5837
f 5718 5719 5839
f 5718 5839 5838
f 5719 5720 5840
f 5719 5840 5839
f 5720 5721 5841
f 5720 5841 5840
f 5721 5722 5842
f 5721 5842 5841
f 5722 5723 5843
f 5722 5843 5842
f 5723 5724 5844
f 5723 5844 5843
f 5724 5725 5845
f 5724 5845 5844
f 5725 5726 5846
f 5725 5846 5845
f 5726 5727 5847
f 5726 5847 5846
f 5727 5728 5848
f 5727 5848 5847
f 5728 5729 5849
f 5728 5849 5848
f 5729 5730 5850
f 5729 5850 5849
f 5730 5731 5851
f 5730 5851 5850
f 5731 5732 5852
f 5731 5852 5851
f 5732 5733 5853
f 5732 5853 5852
f 5733 5734 5854
f 5733 5854 5853
f 5734 5735 5855
f 5734 5855 5854
f 5735 5736 5856
f 5735 5856 5855
f 5736 5737 5857
f 5736 5857 5856
f 5737 5738 5858
f 5737 5858 5857
f 5738 5739 5859
f 5738 5859 5858
f 5739 5740 5860
f 5739 5860 5859
f 5740 5741 5861
f 5740 5861 5860
f 5741 5742 5862
f 5741 5862 5861
f 5742 5743 5863
f 5742 5863 5862
f 5743 5744 5864
f 5743 5864 5863
f 5744 5745 5865
f 5744 5865 5864
f 5745 5746 5866
f 5745 5866 5865
f 5746 5747 5867
f 5746 5867 5866
f 5747 5748 5868
f 5747 5868 5867
f 5748 5749 5869
f 5748 5869 5868
f 5749 5750 5870
f 5749 5870 5869
f 5750 5751 5871
f 5750 5871 5870
f 5751 5752 5872
f 5751 5872 5871
f 5752 5753 5873
f 5752 5873 5872
f 5753 5754 5874
f 5753 5874 5873
f 5754 5755 5875
f 5754 5875 5874
f 5755 5756 5876
f 5755 5876 5875
f 5756 5757 5877
f 5756 5877 5876
f 5757 5758 5878
f 5757 5878 5877
f 5758 5759 5879
f 5758 5879 5878
f 5759 5760 5880
f 5759 5880 5879
f 5760 5761 5881
f 5760 5881 5880
f 5761 5642 5762
f 5761 5762 5881
f 5762 5763 5883
f 5762 5883 5882
f 5763 5764 5884
f 5763 5884 5883
f 5764 5765 5885
f 5764 5885 5884
f 5765 5766 5886
f 5765 5886 5885
f 5766 5767 5887
f 5766 5887 5886
f 5767 5768 5888
f 5767 5888 5887
f 5768 5769 5889
f 5768 5889 5888
f 5769 5770 5890
f 5769 5890 5889
f 5770 5771 5891
f 5770 5891 5890
f 5771 5772 5892
f 5771 5892 5891
f 5772 5773 5893
f 5772 5893 5892
f 5773 5774 5894
f 5773 5894 5893
f 5774 5775 5895
f 5774 5895 5894
f 5775 5776 5896
f 5775 5896 5895
f 5776 5777 5897
f 5776 5897 5896
f 5777 5778 5898
f 5777 5898 5897
f 5778 5779 5899
f 5778 5899 5898
f 5779 5780 5900
f 5779 5900 5899
f 5780 5781 5901
f 5780 5901 5900
f 5781 5782 5902
f 5781 5902 5901
f 5782 5783 5903
f 5782 5903 5902
f 5783 5784 5904
f 5783 5904 5903
f 5784 5785 5905
f 5784 5905 5904
f 5785 5786 5906
f 5785 5906 5905
f 5786 5787 5907
f 5786 5907 5906
f 5787 5788 5908
f 5787 5908 5907
f 5788 5789 5909
f 5788 5909 5908
f 5789 5790 5910
f 5789 5910 5909
f 5790 5791 5911
f 5790 5911 5910
f 5791 5792 5912
f 5791 5912 5911
f 5792 5793 5913
f 5792 5913 5912
f 5793 5794 5914
f 5793 5914 5913
f 5794 5795 5915
f 5794 5915 5914
f 5795 5796 5916
f 5795 5916 5915
f 5796 5797 5917
f 5796 5917 5916
f 5797 5798 5918
f 5797 5918 5917
f 5798 5799 5919
f 5798 5919 5918
f 5799 5800 5920
f 5799 5920 5919
f 5800 5801 5921
f 5800 5921 5920
f 5801 5802 5922
f 5801 5922 5921
f 5802 5803 5923
f 5802 5923 5922
f 5803 5804 5924
f 5803 5924 5923
f 5804 5805 5925
f 5804 5925 5924
f 5805 5806 5926
f 5805 5926 5925
f 5806 5807 5927
f 5806 5927 5926
f 5807 5808 5928
f 5807 5928 5927
f 5808 5809 5929
f 5808 5929 5928
f 5809 5810 5930
f 5809 5930 5929
f 5810 5811 5931
f 5810 5931 5930
f 5811 5812 5932
f 5811 5932 5931
f 5812 5813 5933
f 5812 5933 5932
f 5813 5814 5934
f 5813 5934 5933
f 5814 5815 5935
f 5814 5935 5934
f 5815 5816 5936
f 5815 5936 5935
f 5816 5817 5937
f 5816 5937 5936
f 5817 5818 5938
f 5817 5938 5937
f 5818 5819 5939
f 5818 5939 5938
f 5819 5820 5940
f 5819 5940 5939
f 5820 5821 5941
f 5820 5941 5940
f 5821 5822 5942
f 5821 5942 5941
f 5822 5823 5943
f 5822 5943 5942
f 5823 5824 5944
f 5823 5944 5943
f 5824 5825 5945
f 5824 5945 5944
f 5825 5826 5946
f 5825 5946 5945
f 5826 5827 5947
f 5826 5947 5946
f 5827 5828 5948
f 5827 5948 5947
f 5828 5829 5949
f 5828 5949 5948
f 5829 5830 5950
f 5829 5950 5949
f 5830 5831 5951
f 5830 5951 5950
f 5831 5832 5952
f 5831 5952 5951
f 5832 5833 5953
f 5832 5953 5952
f 5833 5834 5954
f 5833 5954 5953
f 5834 5835 5955
f 5834 5955 5954
f 5835 5836 5956
f 5835 5956 5955
f 5836 5837 5957
f 5836 5957 5956
f 5837 5838 5958
f 5837 5958 5957
f 5838 5839 5959
f 5838 5959 5958
f 5839 5840 5960
f 5839 5960 5959
f 5840 5841 5961
f 5840 5961 5960
f 5841 5842 5962
f 5841 5962 5961
f 5842 5843 5963
f 5842 5963 5962
f 5843 5844 5964
f 5843 5964 5963
f 5844 5845 5965
f 5844 5965 5964
f 5845 5846 5966
f 5845 5966 5965
f 5846 5847 5967
f 5846 5967 5966
f 5847 5848 5968
f 5847 5968 5967
f 5848 5849 5969
f 5848 5969 5968
f 5849 5850 5970
f 5849 5970 5969
f 5850 5851 5971
f 5850 5971 5970
f 5851 5852 5972
f 5851 5972 5971
f 5852 5853 5973
f 5852 5973 5972
f 5853 5854 5974
f 5853 5974 5973
f 5854 5855 5975
f 5854 5975 5974
f 5855 5856 5976
f 5855 5976 5975
f 5856 5857 5977
f 5856 5977 5976
f 5857 5858 5978
f 5857 5978 5977
f 5858 5859 5979
f 5858 5979 5978
f 5859 5860 5980
f 5859 5980 5979
f 5860 5861 5981
f 5860 5981 5980
f 5861 5862 5982
f 5861 5982 5981
f 5862 5863 5983
f 5862 5983 5982
f 5863 5864 5984
f 5863 5984 5983
f 5864 5865 5985
f 5864 5985 5984
f 5865 5866 5986
f 5865 5986 5985
f 5866 5867 5987
f 5866 5987 5986
f 5867 5868 5988
f 5867 5988 5987
f 5868 5869 5989
f 5868 5989 5988
f 5869 5870 5990
f 5869 5990 5989
f 5870 5871 5991
f 5870 5991 5990
f 5871 5872 5992
f 5871 5992 5991
f 5872 5873 5993
f 5872 5993 5992
f 5873 5874 5994
f 5873 5994 5993
f 5874 5875 5995
f 5874 5995 5994
f 5875 5876 5996
f 5875 5996 5995
f 5876 5877 5997
f 5876 5997 5996
f 5877 5878 5998
f 5877 5998 5997
f 5878 5879 5999
f 5878 5999 5998
f 5879 5880 6000
f 5879 6000 5999
f 5880 5881 6001
f 5880 6001 6000
f 5881 5762 5882
f 5881 5882 6001
f 5882 5883 6003
f 5882 6003 6002
f 5883 5884 6004
f 5883 6004 6003
f 5884 5885 6005
f 5884 6005 6004
f 5885 5886 6006
f 5885 6006 6005
f 5886 5887 6007
f 5886 6007 6006
f 5887 5888 6008
f 5887 6008 6007
f 5888 5889 6009
f 5888 6009 6008
f 5889 5890 6010
f 5889 6010 6009
f 5890 5891 6011
f 5890 6011 6010
f 5891 5892 6012
f 5891 6012 6011
f 5892 5893 6013
f 5892 6013 6012
f 5893 5894 6014
f 5893 6014 6013
f 5894 5895 6015
f 5894 6015 6014
f 5895 5896 6016
f 5895 6016 6015
f 5896 5897 6017
f 5896 6017 6016
f 5897 5898 6018
f 5897 6018 6017
f 5898 5899 6019
f 5898 6019 6018
f 5899 5900 6020
f 5899 6020 6019
f 5900 5901 6021
f 5900 6021 6020
f 5901 5902 6022
f 5901 6022 6021
f 5902 5903 6023
f 5902 6023 6022
f 5903 5904 6024
f 5903 6024 6023
f 5904 5905 6025
f 5904 6025 6024
f 5905 5906 6026
f 5905 6026 6025
f 5906 5907 6027
f 5906 6027 6026
f 5907 5908 6028
f 5907 6028 6027
f 5908 5909 6029
f 5908 6029 6028
f 5909 5910 6030
f 5909 6030 6029
f 5910 5911 6031
f 5910 6031 6030
f 5911 5912 6032
f 5911 6032 6031
f 5912 5913 6033
f 5912 6033 6032
f 5913 5914 6034
f 5913 6034 6033
f 5914 5915 6035
f 5914 6035 6034
f 5915 5916 6036
f 5915 6036 6035
f 5916 5917 6037
f 5916 6037 6036
f 5917 5918 6038
f 5917 6038 6037
f 5918 5919 6039
f 5918 6039 6038
f 5919 5920 6040
f 5919 6040 6039
f 5920 5921 6041
f 5920 6041 6040
f 5921 5922 6042
f 5921 6042 6041
f 5922 5923 6043
f 5922 6043 6042
f 5923 5924 6044
f 5923 6044 6043
f 5924 5925 6045
f 5924 6045 6044
f 5925 5926 6046
f 5925 6046 6045
f 5926 5927 6047
f 5926 6047 6046
f 5927 5928 6048
f 5927 6048 6047
f 5928 5929 6049
f 5928 6049 6048
f 5929 5930 6050
f 5929 6050 6049
f 5930 5931 6051
f 5930 6051 6050
f 5931 5932 6052
f 5931 6052 6051
f 5932 5933 6053
f 5932 6053 6052
f 5933 5934 6054
f 5933 6054 6053
f 5934 5935 6055
f 5934 6055 6054
f 5935 5936 6056
f 5935 6056 6055
f 5936 5937 6057
f 5936 6057 6056
f 5937 5938 6058
f 5937 6058 6057
f 5938 5939 6059
f 5938 6059 6058
f 5939 5940 6060
f 5939 6060 6059
f 5940 5941 6061
f 5940 6061 6060
f 5941 5942 6062
f 5941 6062 6061
f 5942 5943 6063
f 5942 6063 6062
f 5943 5944 6064
f 5943 6064 6063
f 5944 5945 6065
f 5944 6065 6064
f 5945 5946 6066
f 5945 6066 6065
f 5946 5947 6067
f 5946 6067 6066
f 5947 5948 6068
f 5947 6068 6067
f 5948 5949 6069
f 5948 6069 6068
f 5949 5950 6070
f 5949 6070 6069
f 5950 5951 6071
f 5950 6071 6070
f 5951 5952 6072
f 5951 6072 6071
f 5952 5953 6073
f 5952 6073 6072
f 5953 5954 6074
f 5953 6074 6073
f 5954 5955 6075
f 5954 6075 6074
f 5955 5956 6076
f 5955 6076 6075
f 5956 5957 6077
f 5956 6077 6076
f 5957 5958 6078
f 5957 6078 6077
f 5958 5959 6079
f 5958 6079 6078
f 5959 5960 6080
f 5959 6080 6079
f 5960 5961 6081
f 5960 6081 6080
f 5961 5962 6082
f 5961 6082 6081
f 5962 5963 6083
f 5962 6083 6082
f 5963 5964 6084
f 5963 6084 6083
f 5964 5965 6085
f 5964 6085 6084
f 5965 5966 6086
f 5965 6086 6085
f 5966 5967 6087
f 5966 6087 6086
f 5967 5968 6088
f 5967 6088 6087
f 5968 5969 6089
f 5968 6089 6088
f 5969 5970 6090
f 5969 6090 6089
f 5970 5971 6091
f 5970 6091 6090
f 5971 5972 6092
f 5971 6092 6091
f 5972 5973 6093
f 5972 6093 6092
f 5973 5974 6094
f 5973 6094 6093
f 5974 5975 6095
f 5974 6095 6094
f 5975 5976 6096
f 5975 6096 6095
f 5976 5977 6097
f 5976 6097 6096
f 5977 5978 6098
f 5977 6098 6097
f 5978 5979 6099
f 5978 6099 6098
f 5979 5980 6100
f 5979 6100 6099
f 5980 5981 6101
f 5980 6101 6100
f 5981 5982 6102
f 5981 6102 6101
f 5982 5983 6103
f 5982 6103 6102
f 5983 5984 6104
f 5983 6104 6103
f 5984 5985 6105
f 5984 6105 6104
f 5985 5986 6106
f 5985 6106 6105
f 5986 5987 6107
f 5986 6107 6106
f 5987 5988 6108
f 5987 6108 6107
f 5988 5989 6109
f 5988 6109 6108
f 5989 5990 6110
f 5989 6110 6109
f 5990 5991 6111
f 5990 6111 6110
f 5991 5992 6112
f 5991 6112 6111
f 5992 5993 6113
f 5992 6113 6112
f 5993 5994 6114
f 5993 6114 6113
f 5994 5995 6115
f 5994 6115 6114
f 5995 5996 6116
f 5995 6116 6115
f 5996 5997 6117
f 5996 6117 6116
f 5997 5998 6118
f 5997 6118 6117
f 5998 5999 6119
f 5998 6119 6118
f 5999 6000 6120
f 5999 6120 6119
f 6000 6001 6121
f 6000 6121 6120
f 6001 5882 6002
f 6001 6002 6121
f 6002 6003 6123
f 6002 6123 6122
f 6003 6004 6124
f 6003 6124 6123
f 6004 6005 6125
f 6004 6125 6124
f 6005 6006 6126
f 6005 6126 6125
f 6006 6007 6127
f 6006 6127 6126
f 6007 6008 6128
f 6007 6128 6127
f 6008 6009 6129
f 6008 6129 6128
f 6009 6010 6130
f 6009 6130 6129
f 6010 6011 6131
f 6010 6131 6130
f 6011 6012 6132
f 6011 6132 6131
f 6012 6013 6133
f 6012 6133 6132
f 6013 6014 6134
f 6013 6134 6133
f 6014 6015 6135
f 6014 6135 6134
f 6015 6016 6136
f 6015 6136 6135
f 6016 6017 6137
f 6016 6137 6136
f 6017 6018 6138
f 6017 6138 6137
f 6018 6019 6139
f 6018 6139 6138
f 6019 6020 6140
f 6019 6140 6139
f 6020 6021 6141
f 6020 6141 6140
f 6021 6022 6142
f 6021 6142 6141
f 6022 6023 6143
f 6022 6143 6142
f 6023 6024 6144
f 6023 6144 6143
f 6024 6025 6145
f 6024 6145 6144
f 6025 6026 6146
f 6025 6146 6145
f 6026 6027 6147
f 6026 6147 6146
f 6027 6028 6148
f 6027 6148 6147
f 6028 6029 6149
f 6028 6149 6148
f 6029 6030 6150
f 6029 6150 6149
f 6030 6031 6151
f 6030 6151 6150
f 6031 6032 6152
f 6031 6152 6151
f 6032 6033 6153
f 6032 6153 6152
f 6033 6034 6154
f 6033 6154 6153
f 6034 6035 6155
f 6034 6155 6154
f 6035 6036 6156
f 6035 6156 6155
f 6036 6037 6157
f 6036 6157 6156
f 6037 6038 6158
f 6037 6158 6157
f 6038 6039 6159
f 6038 6159 6158
f 6039 6040 6160
f 6039 6160 6159
f 6040 6041 6161
f 6040 6161 6160
f 6041 6042 6162
f 6041 6162 6161
f 6042 6043 6163
f 6042 6163 6162
f 6043 6044 6164
f 6043 6164 6163
f 6044 6045 6165
f 6044 6165 6164
f 6045 6046 6166
f 6045 6166 6165
f 6046 6047 6167
f 6046 6167 6166
f 6047 6048 6168
f 6047 6168 6167
f 6048 6049 6169
f 6048 6169 6168
f 6049 6050 6170
f 6049 6170 6169
f 6050 6051 6171
f 6050 6171 6170
f 6051 6052 6172
f 6051 6172 6171
f 6052 6053 6173
f 6052 6173 6172
f 6053 6054 6174
f 6053 6174 6173
f 6054 6055 6175
f 6054 6175 6174
f 6055 6056 6176
f 6055 6176 6175
f 6056 6057 6177
f 6056 6177 6176
f 6057 6058 6178
f 6057 6178 6177
f 6058 6059 6179
f 6058 6179 6178
f 6059 6060 6180
f 6059 6180 6179
f 6060 6061 6181
f 6060 6181 6180
f 6061 6062 6182
f 6061 6182 6181
f 6062 6063 6183
f 6062 6183 6182
f 6063 6064 6184
f 6063 6184 6183
f 6064 6065 6185
f 6064 6185 6184
f 6065 6066 6186
f 6065 6186 6185
f 6066 6067 6187
f 6066 6187 6186
f 6067 6068 6188
f 6067 6188 6187
f 6068 6069 6189
f 6068 6189 6188
f 6069 6070 6190
f 6069 6190 6189
f 6070 6071 6191
f 6070 6191 6190
f 6071 6072 6192
f 6071 6192 6191
f 6072 6073 6193
f 6072 6193 6192
f 6073 6074 6194
f 6073 6194 6193
f 6074 6075 6195
f 6074 6195 6194
f 6075 6076 6196
f 6075 6196 6195
f 6076 6077 6197
f 6076 6197 6196
f 6077 6078 6198
f 6077 6198 6197
f 6078 6079 6199
f 6078 6199 6198
f 6079 6080 6200
f 6079 6200 6199
f 6080 6081 6201
f 6080 6201 6200
f 6081 6082 6202
f 6081 6202 6201
f 6082 6083 6203
f 6082 6203 6202
f 6083 6084 6204
f 6083 6204 6203
f 6084 6085 6205
f 6084 6205 6204
f 6085 6086 6206
f 6085 6206 6205
f 6086 6087 6207
f 6086 6207 6206
f 6087 6088 6208
f 6087 6208 6207
f 6088 6089 6209
f 6088 6209 6208
f 6089 6090 6210
f 6089 6210 6209
f 6090 6091 6211
f 6090 6211 6210
f 6091 6092 6212
f 6091 6212 6211
f 6092 6093 6213
f 6092 6213 6212
f 6093 6094 6214
f 6093 6214 6213
f 6094 6095 6215
f 6094 6215 6214
f 6095 6096 6216
f 6095 6216 6215
f 6096 6097 6217
f 6096 6217 6216
f 6097 6098 6218
f 6097 6218 6217
f 6098 6099 6219
f 6098 6219 6218
f 6099 6100 6220
f 6099 6220 6219
f 6100 6101 6221
f 6100 6221 6220
f 6101 6102 6222
f 6101 6222 6221
f 6102 6103 6223
f 6102 6223 6222
f 6103 6104 6224
f 6103 6224 6223
f 6104 6105 6225
f 6104 6225 6224
f 6105 6106 6226
f 6105 6226 6225
f 6106 6107 6227
f 6106 6227 6226
f 6107 6108 6228
f 6107 6228 6227
f 6108 6109 6229
f 6108 6229 6228
f 6109 6110 6230
f 6109 6230 6229
f 6110 6111 6231
f 6110 6231 6230
f 6111 6112 6232
f 6111 6232 6231
f 6112 6113 6233
f 6112 6233 6232
f 6113 6114 6234
f 6113 6234 6233
f 6114 6115 6235
f 6114 6235 6234
f 6115 6116 6236
f 6115 6236 6235
f 6116 6117 6237
f 6116 6237 6236
f 6117 6118 6238
f 6117 6238 6237
f 6118 6119 6239
f 6118 6239 6238
f 6119 6120 6240
f 6119 6240 6239
f 6120 6121 6241
f 6120 6241 6240
f 6121 6002 6122
f 6121 6122 6241
f 6122 6123 6243
f 6122 6243 6242
f 6123 6124 6244
f 6123 6244 6243
f 6124 6125 6245
f 6124 6245 6244
f 6125 6126 6246
f 6125 6246 6245
f 6126 6127 6247
f 6126 6247 6246
f 6127 6128 6248
f 6127 6248 6247
f 6128 6129 6249
f 6128 6249 6248
f 6129 6130 6250
f 6129 6250 6249
f 6130 6131 6251
f 6130 6251 6250
f 6131 6132 6252
f 6131 6252 6251
f 6132 6133 6253
f 6132 6253 6252
f 6133 6134 6254
f 6133 6254 6253
f 6134 6135 6255
f 6134 6255 6254
f 6135 6136 6256
f 6135 6256 6255
f 6136 6137 6257
f 6136 6257 6256
f 6137 6138 6258
f 6137 6258 6257
f 6138 6139 6259
f 6138 6259 6258
f 6139 6140 6260
f 6139 6260 6259
f 6140 6141 6261
f 6140 6261 6260
f 6141 6142 6262
f 6141 6262 6261
f 6142 6143 6263
f 6142 6263 6262
f 6143 6144 6264
f 6143 6264 6263
f 6144 6145 6265
f 6144 6265 6264
f 6145 6146 6266
f 6145 6266 6265
f 6146 6147 6267
f 6146 6267 6266
f 6147 6148 6268
f 6147 6268 6267
f 6148 6149 6269
f 6148 6269 6268
f 6149 6150 6270
f 6149 6270 6269
f 6150 6151 6271
f 6150 6271 6270
f 6151 6152 6272
f 6151 6272 6271
f 6152 6153 6273
f 6152 6273 6272
f 6153 6154 6274
f 6153 6274 6273
f 6154 6155 6275
f 6154 6275 6274
f 6155 6156 6276
f 6155 6276 6275
f 6156 6157 6277
f 6156 6277 6276
f 6157 6158 6278
f 6157 6278 6277
f 6158 6159 6279
f 6158 6279 6278
f 6159 6160 6280
f 6159 6280 6279
f 6160 6161 6281
f 6160 6281 6280
f 6161 6162 6282
f 6161 6282 6281
f 6162 6163 6283
f 6162 6283 6282
f 6163 6164 6284
f 6163 6284 6283
f 6164 6165 6285
f 6164 6285 6284
f 6165 6166 6286
f 6165 6286 6285
f 6166 6167 6287
f 6166 6287 6286
f 6167 6168 6288
f 6167 6288 6287
f 6168 6169 6289
f 6168 6289 6288
f 6169 6170 6290
f 6169 6290 6289
f 6170 6171 6291
f 6170 6291 6290
f 6171 6172 6292
f 6171 6292 6291
f 6172 6173 6293
f 6172 6293 6292
f 6173 6174 6294
f 6173 6294 6293
f 6174 6175 6295
f 6174 6295 6294
f 6175 6176 6296
f 6175 6296 6295
f 6176 6177 6297
f 6176 6297 6296
f 6177 6178 6298
f 6177 6298 6297
f 6178 6179 6299
f 6178 6299 6298
f 6179 6180 6300
f 6179 6300 6299
f 6180 6181 6301
f 6180 6301 6300
f 6181 6182 6302
f 6181 6302 6301
f 6182 6183 6303
f 6182 6303 6302
f 6183 6184 6304
f 6183 6304 6303
f 6184 6185 6305
f 6184 6305 6304
f 6185 6186 6306
f 6185 6306 6305
f 6186 6187 6307
f 6186 6307 6306
f 6187 6188 6308
f 6187 6308 6307
f 6188 6189 6309
f 6188 6309 6308
f 6189 6190 6310
f 6189 6310 6309
f 6190 6191 6311
f 6190 6311 6310
f 6191 6192 6312
f 6191 6312 6311
f 6192 6193 6313
f 6192 6313 6312
f 6193 6194 6314
f 6193 6314 6313
f 6194 6195 6315
f 6194 6315 6314
f 6195 6196 6316
f 6195 6316 6315
f 6196 6197 6317
f 6196 6317 6316
f 6197 6198 6318
f 6197 6318 6317
f 6198 6199 6319
f 6198 6319 6318
f 6199 6200 6320
f 6199 6320 6319
f 6200 6201 6321
f 6200 6321 6320
f 6201 6202 6322
f 6201 6322 6321
f 6202 6203 6323
f 6202 6323 6322
f 6203 6204 6324
f 6203 6324 6323
f 6204 6205 6325
f 6204 6325 6324
f 6205 6206 6326
f 6205 6326 6325
f 6206 6207 6327
f 6206 6327 6326
f 6207 6208 6328
f 6207 6328 6327
f 6208 6209 6329
f 6208 6329 6328
f 6209 6210 6330
f 6209 6330 6329
f 6210 6211 6331
f 6210 6331 6330
f 6211 6212 6332
f 6211 6332 6331
f 6212 6213 6333
f 6212 6333 6332
f 6213 6214 6334
f 6213 6334 6333
f 6214 6215 6335
f 6214 6335 6334
f 6215 6216 6336
f 6215 6336 6335
f 6216 6217 6337
f 6216 6337 6336
f 6217 6218 6338
f 6217 6338 6337
f 6218 6219 6339
f 6218 6339 6338
f 6219 6220 6340
f 6219 6340 6339
f 6220 6221 6341
f 6220 6341 6340
f 6221 6222 6342
f 6221 6342 6341
f 6222 6223 6343
f 6222 6343 6342
f 6223 6224 6344
f 6223 6344 6343
f 6224 6225 6345
f 6224 6345 6344
f 6225 6226 6346
f 6225 6346 6345
f 6226 6227 6347
f 6226 6347 6346
f 6227 6228 6348
f 6227 6348 6347
f 6228 6229 6349
f 6228 6349 6348
f 6229 6230 6350
f 6229 6350 6349
f 6230 6231 6351
f 6230 6351 6350
f 6231 6232 6352
f 6231 6352 6351
f 6232 6233 6353
f 6232 6353 6352
f 6233 6234 6354
f 6233 6354 6353
f 6234 6235 6355
f 6234 6355 6354
f 6235 6236 6356
f 6235 6356 6355
f 6236 6237 6357
f 6236 6357 6356
f 6237 6238 6358
f 6237 6358 6357
f 6238 6239 6359
f 6238 6359 6358
f 6239 6240 6360
f 6239 6360 6359
f 6240 6241 6361
f 6240 6361 6360
f 6241 6122 6242
f 6241 6242 6361
f 6242 6243 6363
f 6242 6363 6362
f 6243 6244 6364
f 6243 6364 6363
f 6244 6245 6365
f 6244 6365 6364
f 6245 6246 6366
f 6245 6366 6365
f 6246 6247 6367
f 6246 6367 6366
f 6247 6248 6368
f 6247 6368 6367
f 6248 6249 6369
f 6248 6369 6368
f 6249 6250 6370
f 6249 6370 6369
f 6250 6251 6371
f 6250 6371 6370
f 6251 6252 6372
f 6251 6372 6371
f 6252 6253 6373
f 6252 6373 6372
f 6253 6254 6374
f 6253 6374 6373
f 6254 6255 6375
f 6254 6375 6374
f 6255 6256 6376
f 6255 6376 6375
f 6256 6257 6377
f 6256 6377 6376
f 6257 6258 6378
f 6257 6378 6377
f 6258 6259 6379
f 6258 6379 6378
f 6259 6260 6380
f 6259 6380 6379
f 6260 6261 6381
f 6260 6381 6380
f 6261 6262 6382
f 6261 6382 6381
f 6262 6263 6383
f 6262 6383 6382
f 6263 6264 6384
f 6263 6384 6383
f 6264 6265 6385
f 6264 6385 6384
f 6265 6266 6386
f 6265 6386 6385
f 6266 6267 6387
f 6266 6387 6386
f 6267 6268 6388
f 6267 6388 6387
f 6268 6269 6389
f 6268 6389 6388
f 6269 6270 6390
f 6269 6390 6389
f 6270 6271 6391
f 6270 6391 6390
f 6271 6272 6392
f 6271 6392 6391
f 6272 6273 6393
f 6272 6393 6392
f 6273 6274 6394
f 6273 6394 6393
f 6274 6275 6395
f 6274 6395 6394
f 6275 6276 6396
f 6275 6396 6395
f 6276 6277 6397
f 6276 6397 6396
f 6277 6278 6398
f 6277 6398 6397
f 6278 6279 6399
f 6278 6399 6398
f 6279 6280 6400
f 6279 6400 6399
f 6280 6281 6401
f 6280 6401 6400
f 6281 6282 6402
f 6281 6402 6401
f 6282 6283 6403
f 6282 6403 6402
f 6283 6284 6404
f 6283 6404 6403
f 6284 6285 6405
f 6284 6405 6404
f 6285 6286 6406
f 6285 6406 6405
f 6286 6287 6407
f 6286 6407 6406
f 6287 6288 6408
f 6287 6408 6407
f 6288 6289 6409
f 6288 6409 6408
f 6289 6290 6410
f 6289 6410 6409
f 6290 6291 6411
f 6290 6411 6410
f 6291 6292 6412
f 6291 6412 6411
f 6292 6293 6413
f 6292 6413 6412
f 6293 6294 6414
f 6293 6414 6413
f 6294 6295 6415
f 6294 6415 6414
f 6295 6296 6416
f 6295 6416 6415
f 6296 6297 6417
f 6296 6417 6416
f 6297 6298 6418
f 6297 6418 6417
f 6298 6299 6419
f 6298 6419 6418
f 6299 6300 6420
f 6299 6420 6419
f 6300 6301 6421
f 6300 6421 6420
f 6301 6302 6422
f 6301 6422 6421
f 6302 6303 6423
f 6302 6423 6422
f 6303 6304 6424
f 6303 6424 6423
f 6304 6305 6425
f 6304 6425 6424
f 6305 6306 6426
f 6305 6426 6425
f 6306 6307 6427
f 6306 6427 6426
f 6307 6308 6428
f 6307 6428 6427
f 6308 6309 6429
f 6308 6429 6428
f 6309 6310 6430
f 6309 6430 6429
f 6310 6311 6431
f 6310 6431 6430
f 6311 6312 6432
f 6311 6432 6431
f 6312 6313 6433
f 6312 6433 6432
f 6313 6314 6434
f 6313 6434 6433
f 6314 6315 6435
f 6314 6435 6434
f 6315 6316 6436
f 6315 6436 6435
f 6316 6317 6437
f 6316 6437 6436
f 6317 6318 6438
f 6317 6438 6437
f 6318 6319 6439
f 6318 6439 6438
f 6319 6320 6440
f 6319 6440 6439
f 6320 6321 6441
f 6320 6441 6440
f 6321 6322 6442
f 6321 6442 6441
f 6322 6323 6443
f 6322 6443 6442
f 6323 6324 6444
f 6323 6444 6443
f 6324 6325 6445
f 6324 6445 6444
f 6325 6326 6446
f 6325 6446 6445
f 6326 6327 6447
f 6326 6447 6446
f 6327 6328 6448
f 6327 6448 6447
f 6328 6329 6449
f 6328 6449 6448
f 6329 6330 6450
f 6329 6450 6449
f 6330 6331 6451
f 6330 6451 6450
f 6331 6332 6452
f 6331 6452 6451
f 6332 6333 6453
f 6332 6453 6452
f 6333 6334 6454
f 6333 6454 6453
f 6334 6335 6455
f 6334 6455 6454
f 6335 6336 6456
f 6335 6456 6455
f 6336 6337 6457
f 6336 6457 6456
f 6337 6338 6458
f 6337 6458 6457
f 6338 6339 6459
f 6338 6459 6458
f 6339 6340 6460
f 6339 6460 6459
f 6340 6341 6461
f 6340 6461 6460
f 6341 6342 6462
f 6341 6462 6461
f 6342 6343 6463
f 6342 6463 6462
f 6343 6344 6464
f 6343 6464 6463
f 6344 6345 6465
f 6344 6465 6464
f 6345 6346 6466
f 6345 6466 6465
f 6346 6347 6467
f 6346 6467 6466
f 6347 6348 6468
f 6347 6468 6467
f 6348 6349 6469
f 6348 6469 6468
f 6349 6350 6470
f 6349 6470 6469
f 6350 6351 6471
f 6350 6471 6470
f 6351 6352 6472
f 6351 6472 6471
f 6352 6353 6473
f 6352 6473 6472
f 6353 6354 6474
f 6353 6474 6473
f 6354 6355 6475
f 6354 6475 6474
f 6355 6356 6476
f 6355 6476 6475
f 6356 6357 6477
f 6356 6477 6476
f 6357 6358 6478
f 6357 6478 6477
f 6358 6359 6479
f 6358 6479 6478
f 6359 6360 6480
f 6359 6480 6479
f 6360 6361 6481
f 6360 6481 6480
f 6361 6242 6362
f 6361 6362 6481
f 6362 6363 6483
f 6362 6483 6482
f 6363 6364 6484
f 6363 6484 6483
f 6364 6365 6485
f 6364 6485 6484
f 6365 6366 6486
f 6365 6486 6485
f 6366 6367 6487
f 6366 6487 6486
f 6367 6368 6488
f 6367 6488 6487
f 6368 6369 6489
f 6368 6489 6488
f 6369 6370 6490
f 6369 6490 6489
f 6370 6371 6491
f 6370 6491 6490
f 6371 6372 6492
f 6371 6492 6491
f 6372 6373 6493
f 6372 6493 6492
f 6373 6374 6494
f 6373 6494 6493
f 6374 6375 6495
f 6374 6495 6494
f 6375 6376 6496
f 6375 6496 6495
f 6376 6377 6497
f 6376 6497 6496
f 6377 6378 6498
f 6377 6498 6497
f 6378 6379 6499
f 6378 6499 6498
f 6379 6380 6500
f 6379 6500 6499
f 6380 6381 6501
f 6380 6501 6500
f 6381 6382 6502
f 6381 6502 6501
f 6382 6383 6503
f 6382 6503 6502
f 6383 6384 6504
f 6383 6504 6503
f 6384 6385 6505
f 6384 6505 6504
f 6385 6386 6506
f 6385 6506 6505
f 6386 6387 6507
f 6386 6507 6506
f 6387 6388 6508
f 6387 6508 6507
f 6388 6389 6509
f 6388 6509 6508
f 6389 6390 6510
f 6389 6510 6509
f 6390 6391 6511
f 6390 6511 6510
f 6391 6392 6512
f 6391 6512 6511
f 6392 6393 6513
f 6392 6513 6512
f 6393 6394 6514
f 6393 6514 6513
f 6394 6395 6515
f 6394 6515 6514
f 6395 6396 6516
f 6395 6516 6515
f 6396 6397 6517
f 6396 6517 6516
f 6397 6398 6518
f 6397 6518 6517
f 6398 6399 6519
f 6398 6519 6518
f 6399 6400 6520
f 6399 6520 6519
f 6400 6401 6521
f 6400 6521 6520
f 6401 6402 6522
f 6401 6522 6521
f 6402 6403 6523
f 6402 6523 6522
f 6403 6404 6524
f 6403 6524 6523
f 6404 6405 6525
f 6404 6525 6524
f 6405 6406 6526
f 6405 6526 6525
f 6406 6407 6527
f 6406 6527 6526
f 6407 6408 6528
f 6407 6528 6527
f 6408 6409 6529
f 6408 6529 6528
f 6409 6410 6530
f 6409 6530 6529
f 6410 6411 6531
f 6410 6531 6530
f 6411 6412 6532
f 6411 6532 6531
f 6412 6413 6533
f 6412 6533 6532
f 6413 6414 6534
f 6413 6534 6533
f 6414 6415 6535
f 6414 6535 6534
f 6415 6416 6536
f 6415 6536 6535
f 6416 6417 6537
f 6416 6537 6536
f 6417 6418 6538
f 6417 6538 6537
f 6418 6419 6539
f 6418 6539 6538
f 6419 6420 6540
f 6419 6540 6539
f 6420 6421 6541
f 6420 6541 6540
f 6421 6422 6542
f 6421 6542 6541
f 6422 6423 6543
f 6422 6543 6542
f 6423 6424 6544
f 6423 6544 6543
f 6424 6425 6545
f 6424 6545 6544
f 6425 6426 6546
f 6425 6546 6545
f 6426 6427 6547
f 6426 6547 6546
f 6427 6428 6548
f 6427 6548 6547
f 6428 6429 6549
f 6428 6549 6548
f 6429 6430 6550
f 6429 6550 6549
f 6430 6431 6551
f 6430 6551 6550
f 6431 6432 6552
f 6431 6552 6551
f 6432 6433 6553
f 6432 6553 6552
f 6433 6434 6554
f 6433 6554 6553
f 6434 6435 6555
f 6434 6555 6554
f 6435 6436 6556
f 6435 6556 6555
f 6436 6437 6557
f 6436 6557 6556
f 6437 6438 6558
f 6437 6558 6557
f 6438 6439 6559
f 6438 6559 6558
f 6439 6440 6560
f 6439 6560 6559
f 6440 6441 6561
f 6440 6561 6560
f 6441 6442 6562
f 6441 6562 6561
f 6442 6443 6563
f 6442 6563 6562
f 6443 6444 6564
f 6443 6564 6563
f 6444 6445 6565
f 6444 6565 6564
f 6445 6446 6566
f 6445 6566 6565
f 6446 6447 6567
f 6446 6567 6566
f 6447 6448 6568
f 6447 6568 6567
f 6448 6449 6569
f 6448 6569 6568
f 6449 6450 6570
f 6449 6570 6569
f 6450 6451 6571
f 6450 6571 6570
f 6451 6452 6572
f 6451 6572 6571
f 6452 6453 6573
f 6452 6573 6572
f 6453 6454 6574
f 6453 6574 6573
f 6454 6455 6575
f 6454 6575 6574
f 6455 6456 6576
f 6455 6576 6575
f 6456 6457 6577
f 6456 6577 6576
f 6457 6458 6578
f 6457 6578 6577
f 6458 6459 6579
f 6458 6579 6578
f 6459 6460 6580
f 6459 6580 6579
f 6460 6461 6581
f 6460 6581 6580
f 6461 6462 6582
f 6461 6582 6581
f 6462 6463 6583
f 6462 6583 6582
f 6463 6464 6584
f 6463 6584 6583
f 6464 6465 6585
f 6464 6585 6584
f 6465 6466 6586
f 6465 6586 6585
f 6466 6467 6587
f 6466 6587 6586
f 6467 6468 6588
f 6467 6588 6587
f 6468 6469 6589
f 6468 6589 6588
f 6469 6470 6590
f 6469 6590 6589
f 6470 6471 6591
f 6470 6591 6590
f 6471 6472 6592
f 6471 6592 6591
f 6472 6473 6593
f 6472 6593 6592
f 6473 6474 6594
f 6473 6594 6593
f 6474 6475 6595
f 6474 6595 6594
f 6475 6476 6596
f 6475 6596 6595
f 6476 6477 6597
f 6476 6597 6596
f 6477 6478 6598
f 6477 6598 6597
f 6478 6479 6599
f 6478 6599 6598
f 6479 6480 6600
f 6479 6600 6599
f 6480 6481 6601
f 6480 6601 6600
f 6481 6362 6482
f 6481 6482 6601
f 6482 6483 6603
f 6482 6603 6602
f 6483 6484 6604
f 6483 6604 6603
f 6484 6485 6605
f 6484 6605 6604
f 6485 6486 6606
f 6485 6606 6605
f 6486 6487 6607
f 6486 6607 6606
f 6487 6488 6608
f 6487 6608 6607
f 6488 6489 6609
f 6488 6609 6608
f 6489 6490 6610
f 6489 6610 6609
f 6490 6491 6611
f 6490 6611 6610
f 6491 6492 6612
f 6491 6612 6611
f 6492 6493 6613
f 6492 6613 6612
f 6493 6494 6614
f 6493 6614 6613
f 6494 6495 6615
f 6494 6615 6614
f 6495 6496 6616
f 6495 6616 6615
f 6496 6497 6617
f 6496 6617 6616
f 6497 6498 6618
f 6497 6618 6617
f 6498 6499 6619
f 6498 6619 6618
f 6499 6500 6620
f 6499 6620 6619
f 6500 6501 6621
f 6500 6621 6620
f 6501 6502 6622
f 6501 6622 6621
f 6502 6503 6623
f 6502 6623 6622
f 6503 6504 6624
f 6503 6624 6623
f 6504 6505 6625
f 6504 6625 6624
f 6505 6506 6626
f 6505 6626 6625
f 6506 6507 6627
f 6506 6627 6626
f 6507 6508 6628
f 6507 6628 6627
f 6508 6509 6629
f 6508 6629 6628
f 6509 6510 6630
f 6509 6630 6629
f 6510 6511 6631
f 6510 6631 6630
f 6511 6512 6632
f 6511 6632 6631
f 6512 6513 6633
f 6512 6633 6632
f 6513 6514 6634
f 6513 6634 6633
f 6514 6515 6635
f 6514 6635 6634
f 6515 6516 6636
f 6515 6636 6635
f 6516 6517 6637
f 6516 6637 6636
f 6517 6518 6638
f 6517 6638 6637
f 6518 6519 6639
f 6518 6639 6638
f 6519 6520 6640
f 6519 6640 6639
f 6520 6521 6641
f 6520 6641 6640
f 6521 6522 6642
f 6521 6642 6641
f 6522 6523 6643
f 6522 6643 6642
f 6523 6524 6644
f 6523 6644 6643
f 6524 6525 6645
f 6524 6645 6644
f 6525 6526 6646
f 6525 6646 6645
f 6526 6527 6647
f 6526 6647 6646
f 6527 6528 6648
f 6527 6648 6647
f 6528 6529 6649
f 6528 6649 6648
f 6529 6530 6650
f 6529 6650 6649
f 6530 6531 6651
f 6530 6651 6650
f 6531 6532 6652
f 6531 6652 6651
f 6532 6533 6653
f 6532 6653 6652
f 6533 6534 6654
f 6533 6654 6653
f 6534 6535 6655
f 6534 6655 6654
f 6535 6536 6656
f 6535 6656 6655
f 6536 6537 6657
f 6536 6657 6656
f 6537 6538 6658
f 6537 6658 6657
f 6538 6539 6659
f 6538 6659 6658
f 6539 6540 6660
f 6539 6660 6659
f 6540 6541 6661
f 6540 6661 6660
f 6541 6542 6662
f 6541 6662 6661
f 6542 6543 6663
f 6542 6663 6662
f 6543 6544 6664
f 6543 6664 6663
f 6544 6545 6665
f 6544 6665 6664
f 6545 6546 6666
f 6545 6666 6665
f 6546 6547 6667
f 6546 6667 6666
f 6547 6548 6668
f 6547 6668 6667
f 6548 6549 6669
f 6548 6669 6668
f 6549 6550 6670
f 6549 6670 6669
f 6550 6551 6671
f 6550 6671 6670
f 6551 6552 6672
f 6551 6672 6671
f 6552 6553 6673
f 6552 6673 6672
f 6553 6554 6674
f 6553 6674 6673
f 6554 6555 6675
f 6554 6675 6674
f 6555 6556 6676
f 6555 6676 6675
f 6556 6557 6677
f 6556 6677 6676
f 6557 6558 6678
f 6557 6678 6677
f 6558 6559 6679
f 6558 6679 6678
f 6559 6560 6680
f 6559 6680 6679
f 6560 6561 6681
f 6560 6681 6680
f 6561 6562 6682
f 6561 6682 6681
f 6562 6563 6683
f 6562 6683 6682
f 6563 6564 6684
f 6563 6684 6683
f 6564 6565 6685
f 6564 6685 6684
f 6565 6566 6686
f 6565 6686 6685
f 6566 6567 6687
f 6566 6687 6686
f 6567 6568 6688
f 6567 6688 6687
f 6568 6569 6689
f 6568 6689 6688
f 6569 6570 6690
f 6569 6690 6689
f 6570 6571 6691
f 6570 6691 6690
f 6571 6572 6692
f 6571 6692 6691
f 6572 6573 6693
f 6572 6693 6692
f 6573 6574 6694
f 6573 6694 6693
f 6574 6575 6695
f 6574 6695 6694
f 6575 6576 6696
f 6575 6696 6695
f 6576 6577 6697
f 6576 6697 6696
f 6577 6578 6698
f 6577 6698 6697
f 6578 6579 6699
f 6578 6699 6698
f 6579 6580 6700
f 6579 6700 6699
f 6580 6581 6701
f 6580 6701 6700
f 6581 6582 6702
f 6581 6702 6701
f 6582 6583 6703
f 6582 6703 6702
f 6583 6584 6704
f 6583 6704 6703
f 6584 6585 6705
f 6584 6705 6704
f 6585 6586 6706
f 6585 6706 6705
f 6586 6587 6707
f 6586 6707 6706
f 6587 6588 6708
f 6587 6708 6707
f 6588 6589 6709
f 6588 6709 6708
f 6589 6590 6710
f 6589 6710 6709
f 6590 6591 6711
f 6590 6711 6710
f 6591 6592 6712
f 6591 6712 6711
f 6592 6593 6713
f 6592 6713 6712
f 6593 6594 6714
f 6593 6714 6713
f 6594 6595 6715
f 6594 6715 6714
f 6595 6596 6716
f 6595 6716 6715
f 6596 6597 6717
f 6596 6717 6716
f 6597 6598 6718
f 6597 6718 6717
f 6598 6599 6719
f 6598 6719 6718
f 6599 6600 6720
f 6599 6720 6719
f 6600 6601 6721
f 6600 6721 6720
f 6601 6482 6602
f 6601 6602 6721
f 6602 6603 6723
f 6602 6723 6722
f 6603 6604 6724
f 6603 6724 6723
f 6604 6605 6725
f 6604 6725 6724
f 6605 6606 6726
f 6605 6726 6725
f 6606 6607 6727
f 6606 6727 6726
f 6607 6608 6728
f 6607 6728 6727
f 6608 6609 6729
f 6608 6729 6728
f 6609 6610 6730
f 6609 6730 6729
f 6610 6611 6731
f 6610 6731 6730
f 6611 6612 6732
f 6611 6732 6731
f 6612 6613 6733
f 6612 6733 6732
f 6613 6614 6734
f 6613 6734 6733
f 6614 6615 6735
f 6614 6735 6734
f 6615 6616 6736
f 6615 6736 6735
f 6616 6617 6737
f 6616 6737 6736
f 6617 6618 6738
f 6617 6738 6737
f 6618 6619 6739
f 6618 6739 6738
f 6619 6620 6740
f 6619 6740 6739
f 6620 6621 6741
f 6620 6741 6740
f 6621 6622 6742
f 6621 6742 6741
f 6622 6623 6743
f 6622 6743 6742
f 6623 6624 6744
f 6623 6744 6743
f 6624 6625 6745
f 6624 6745 6744
f 6625 6626 6746
f 6625 6746 6745
f 6626 6627 6747
f 6626 6747 6746
f 6627 6628 6748
f 6627 6748 6747
f 6628 6629 6749
f 6628 6749 6748
f 6629 6630 6750
f 6629 6750 6749
f 6630 6631 6751
f 6630 6751 6750
f 6631 6632 6752
f 6631 6752 6751
f 6632 6633 6753
f 6632 6753 6752
f 6633 6634 6754
f 6633 6754 6753
f 6634 6635 6755
f 6634 6755 6754
f 6635 6636 6756
f 6635 6756 6755
f 6636 6637 6757
f 6636 6757 6756
f 6637 6638 6758
f 6637 6758 6757
f 6638 6639 6759
f 6638 6759 6758
f 6639 6640 6760
f 6639 6760 6759
f 6640 6641 6761
f 6640 6761 6760
f 6641 6642 6762
f 6641 6762 6761
f 6642 6643 6763
f 6642 6763 6762
f 6643 6644 6764
f 6643 6764 6763
f 6644 6645 6765
f 6644 6765 6764
f 6645 6646 6766
f 6645 6766 6765
f 6646 6647 6767
f 6646 6767 6766
f 6647 6648 6768
f 6647 6768 6767
f 6648 6649 6769
f 6648 6769 6768
f 6649 6650 6770
f 6649 6770 6769
f 6650 6651 6771
f 6650 6771 6770
f 6651 6652 6772
f 6651 6772 6771
f 6652 6653 6773
f 6652 6773 6772
f 6653 6654 6774
f 6653 6774 6773
f 6654 6655 6775
f 6654 6775 6774
f 6655 6656 6776
f 6655 6776 6775
f 6656 6657 6777
f 6656 6777 6776
f 6657 6658 6778
f 6657 6778 6777
f 6658 6659 6779
f 6658 6779 6778
f 6659 6660 6780
f 6659 6780 6779
f 6660 6661 6781
f 6660 6781 6780
f 6661 6662 6782
f 6661 6782 6781
f 6662 6663 6783
f 6662 6783 6782
f 6663 6664 6784
f 6663 6784 6783
f 6664 6665 6785
f 6664 6785 6784
f 6665 6666 6786
f 6665 6786 6785
f 6666 6667 6787
f 6666 6787 6786
f 6667 6668 6788
f 6667 6788 6787
f 6668 6669 6789
f 6668 6789 6788
f 6669 6670 6790
f 6669 6790 6789
f 6670 6671 6791
f 6670 6791 6790
f 6671 6672 6792
f 6671 6792 6791
f 6672 6673 6793
f 6672 6793 6792
f 6673 6674 6794
f 6673 6794 6793
f 6674 6675 6795
f 6674 6795 6794
f 6675 6676 6796
f 6675 6796 6795
f 6676 6677 6797
f 6676 6797 6796
f 6677 6678 6798
f 6677 6798 6797
f 6678 6679 6799
f 6678 6799 6798
f 6679 6680 6800
f 6679 6800 6799
f 6680 6681 6801
f 6680 6801 6800
f 6681 6682 6802
f 6681 6802 6801
f 6682 6683 6803
f 6682 6803 6802
f 6683 6684 6804
f 6683 6804 6803
f 6684 6685 6805
f 6684 6805 6804
f 6685 6686 6806
f 6685 6806 6805
f 6686 6687 6807
f 6686 6807 6806
f 6687 6688 6808
f 6687 6808 6807
f 6688 6689 6809
f 6688 6809 6808
f 6689 6690 6810
f 6689 6810 6809
f 6690 6691 6811
f 6690 6811 6810
f 6691 6692 6812
f 6691 6812 6811
f 6692 6693 6813
f 6692 6813 6812
f 6693 6694 6814
f 6693 6814 6813
f 6694 6695 6815
f 6694 6815 6814
f 6695 6696 6816
f 6695 6816 6815
f 6696 6697 6817
f 6696 6817 6816
f 6697 6698 6818
f 6697 6818 6817
f 6698 6699 6819
f 6698 6819 6818
f 6699 6700 6820
f 6699 6820 6819
f 6700 6701 6821
f 6700 6821 6820
f 6701 6702 6822
f 6701 6822 6821
f 6702 6703 6823
f 6702 6823 6822
f 6703 6704 6824
f 6703 6824 6823
f 6704 6705 6825
f 6704 6825 6824
f 6705 6706 6826
f 6705 6826 6825
f 6706 6707 6827
f 6706 6827 6826
f 6707 6708 6828
f 6707 6828 6827
f 6708 6709 6829
f 6708 6829 6828
f 6709 6710 6830
f 6709 6830 6829
f 6710 6711 6831
f 6710 6831 6830
f 6711 6712 6832
f 6711 6832 6831
f 6712 6713 6833
f 6712 6833 6832
f 6713 6714 6834
f 6713 6834 6833
f 6714 6715 6835
f 6714 6835 6834
f 6715 6716 6836
f 6715 6836 6835
f 6716 6717 6837
f 6716 6837 6836
f 6717 6718 6838
f 6717 6838 6837
f 6718 6719 6839
f 6718 6839 6838
f 6719 6720 6840
f 6719 6840 6839
f 6720 6721 6841
f 6720 6841 6840
f 6721 6602 6722
f 6721 6722 6841
f 6722 6723 6843
f 6722 6843 6842
f 6723 6724 6844
f 6723 6844 6843
f 6724 6725 6845
f 6724 6845 6844
f 6725 6726 6846
f 6725 6846 6845
f 6726 6727 6847
f 6726 6847 6846
f 6727 6728 6848
f 6727 6848 6847
f 6728 6729 6849
f 6728 6849 6848
f 6729 6730 6850
f 6729 6850 6849
f 6730 6731 6851
f 6730 6851 6850
f 6731 6732 6852
f 6731 6852 6851
f 6732 6733 6853
f 6732 6853 6852
f 6733 6734 6854
f 6733 6854 6853
f 6734 6735 6855
f 6734 6855 6854
f 6735 6736 6856
f 6735 6856 6855
f 6736 6737 6857
f 6736 6857 6856
f 6737 6738 6858
f 6737 6858 6857
f 6738 6739 6859
f 6738 6859 6858
f 6739 6740 6860
f 6739 6860 6859
f 6740 6741 6861
f 6740 6861 6860
f 6741 6742 6862
f 6741 6862 6861
f 6742 6743 6863
f 6742 6863 6862
f 6743 6744 6864
f 6743 6864 6863
f 6744 6745 6865
f 6744 6865 6864
f 6745 6746 6866
f 6745 6866 6865
f 6746 6747 6867
f 6746 6867 6866
f 6747 6748 6868
f 6747 6868 6867
f 6748 6749 6869
f 6748 6869 6868
f 6749 6750 6870
f 6749 6870 6869
f 6750 6751 6871
f 6750 6871 6870
f 6751 6752 6872
f 6751 6872 6871
f 6752 6753 6873
f 6752 6873 6872
f 6753 6754 6874
f 6753 6874 6873
f 6754 6755 6875
f 6754 6875 6874
f 6755 6756 6876
f 6755 6876 6875
f 6756 6757 6877
f 6756 6877 6876
f 6757 6758 6878
f 6757 6878 6877
f 6758 6759 6879
f 6758 6879 6878
f 6759 6760 6880
f 6759 6880 6879
f 6760 6761 6881
f 6760 6881 6880
f 6761 6762 6882
f 6761 6882 6881
f 6762 6763 6883
f 6762 6883 6882
f 6763 6764 6884
f 6763 6884 6883
f 6764 6765 6885
f 6764 6885 6884
f 6765 6766 6886
f 6765 6886 6885
f 6766 6767 6887
f 6766 6887 6886
f 6767 6768 6888
f 6767 6888 6887
f 6768 6769 6889
f 6768 6889 6888
f 6769 6770 6890
f 6769 6890 6889
f 6770 6771 6891
f 6770 6891 6890
f 6771 6772 6892
f 6771 6892 6891
f 6772 6773 6893
f 6772 6893 6892
f 6773 6774 6894
f 6773 6894 6893
f 6774 6775 6895
f 6774 6895 6894
f 6775 6776 6896
f 6775 6896 6895
f 6776 6777 6897
f 6776 6897 6896
f 6777 6778 6898
f 6777 6898 6897
f 6778 6779 6899
f 6778 6899 6898
f 6779 6780 6900
f 6779 6900 6899
f 6780 6781 6901
f 6780 6901 6900
f 6781 6782 6902
f 6781 6902 6901
f 6782 6783 6903
f 6782 6903 6902
f 6783 6784 6904
f 6783 6904 6903
f 6784 6785 6905
f 6784 6905 6904
f 6785 6786 6906
f 6785 6906 6905
f 6786 6787 6907
f 6786 6907 6906
f 6787 6788 6908
f 6787 6908 6907
f 6788 6789 6909
f 6788 6909 6908
f 6789 6790 6910
f 6789 6910 6909
f 6790 6791 6911
f 6790 6911 6910
f 6791 6792 6912
f 6791 6912 6911
f 6792 6793 6913
f 6792 6913 6912
f 6793 6794 6914
f 6793 6914 6913
f 6794 6795 6915
f 6794 6915 6914
f 6795 6796 6916
f 6795 6916 6915
f 6796 6797 6917
f 6796 6917 6916
f 6797 6798 6918
f 6797 6918 6917
f 6798 6799 6919
f 6798 6919 6918
f 6799 6800 6920
f 6799 6920 6919
f 6800 6801 6921
f 6800 6921 6920
f 6801 6802 6922
f 6801 6922 6921
f 6802 6803 6923
f 6802 6923 6922
f 6803 6804 6924
f 6803 6924 6923
f 6804 6805 6925
f 6804 6925 6924
f 6805 6806 6926
f 6805 6926 6925
f 6806 6807 6927
f 6806 6927 6926
f 6807 6808 6928
f 6807 6928 6927
f 6808 6809 6929
f 6808 6929 6928
f 6809 6810 6930
f 6809 6930 6929
f 6810 6811 6931
f 6810 6931 6930
f 6811 6812 6932
f 6811 6932 6931
f 6812 6813 6933
f 6812 6933 6932
f 6813 6814 6934
f 6813 6934 6933
f 6814 6815 6935
f 6814 6935 6934
f 6815 6816 6936
f 6815 6936 6935
f 6816 6817 6937
f 6816 6937 6936
f 6817 6818 6938
f 6817 6938 6937
f 6818 6819 6939
f 6818 6939 6938
f 6819 6820 6940
f 6819 6940 6939
f 6820 6821 6941
f 6820 6941 6940
f 6821 6822 6942
f 6821 6942 6941
f 6822 6823 6943
f 6822 6943 6942
f 6823 6824 6944
f 6823 6944 6943
f 6824 6825 6945
f 6824 6945 6944
f 6825 6826 6946
f 6825 6946 6945
f 6826 6827 6947
f 6826 6947 6946
f 6827 6828 6948
f 6827 6948 6947
f 6828 6829 6949
f 6828 6949 6948
f 6829 6830 6950
f 6829 6950 6949
f 6830 6831 6951
f 6830 6951 6950
f 6831 6832 6952
f 6831 6952 6951
f 6832 6833 6953
f 6832 6953 6952
f 6833 6834 6954
f 6833 6954 6953
f 6834 6835 6955
f 6834 6955 6954
f 6835 6836 6956
f 6835 6956 6955
f 6836 6837 6957
f 6836 6957 6956
f 6837 6838 6958
f 6837 6958 6957
f 6838 6839 6959
f 6838 6959 6958
f 6839 6840 6960
f 6839 6960 6959
f 6840 6841 6961
f 6840 6961 6960
f 6841 6722 6842
f 6841 6842 6961
f 6842 6843 6963
f 6842 6963 6962
f 6843 6844 6964
f 6843 6964 6963
f 6844 6845 6965
f 6844 6965 6964
f 6845 6846 6966
f 6845 6966 6965
f 6846 6847 6967
f 6846 6967 6966
f 6847 6848 6968
f 6847 6968 6967
f 6848 6849 6969
f 6848 6969 6968
f 6849 6850 6970
f 6849 6970 6969
f 6850 6851 6971
f 6850 6971 6970
f 6851 6852 6972
f 6851 6972 6971
f 6852 6853 6973
f 6852 6973 6972
f 6853 6854 6974
f 6853 6974 6973
f 6854 6855 6975
f 6854 6975 6974
f 6855 6856 6976
f 6855 6976 6975
f 6856 6857 6977
f 6856 6977 6976
f 6857 6858 6978
f 6857 6978 6977
f 6858 6859 6979
f 6858 6979 6978
f 6859 6860 6980
f 6859 6980 6979
f 6860 6861 6981
f 6860 6981 6980
f 6861 6862 6982
f 6861 6982 6981
f 6862 6863 6983
f 6862 6983 6982
f 6863 6864 6984
f 6863 6984 6983
f 6864 6865 6985
f 6864 6985 6984
f 6865 6866 6986
f 6865 6986 6985
f 6866 6867 6987
f 6866 6987 6986
f 6867 6868 6988
f 6867 6988 6987
f 6868 6869 6989
f 6868 6989 6988
f 6869 6870 6990
f 6869 6990 6989
f 6870 6871 6991
f 6870 6991 6990
f 6871 6872 6992
f 6871 6992 6991
f 6872 6873 6993
f 6872 6993 6992
f 6873 6874 6994
f 6873 6994 6993
f 6874 6875 6995
f 6874 6995 6994
f 6875 6876 6996
f 6875 6996 6995
f 6876 6877 6997
f 6876 6997 6996
f 6877 6878 6998
f 6877 6998 6997
f 6878 6879 6999
f 6878 6999 6998
f 6879 6880 7000
f 6879 7000 6999
f 6880 6881 7001
f 6880 7001 7000
f 6881 6882 7002
f 6881 7002 7001
f 6882 6883 7003
f 6882 7003 7002
f 6883 6884 7004
f 6883 7004 7003
f 6884 6885 7005
f 6884 7005 7004
f 6885 6886 7006
f 6885 7006 7005
f 6886 6887 7007
f 6886 7007 7006
f 6887 6888 7008
f 6887 7008 7007
f 6888 6889 7009
f 6888 7009 7008
f 6889 6890 7010
f 6889 7010 7009
f 6890 6891 7011
f 6890 7011 7010
f 6891 6892 7012
f 6891 7012 7011
f 6892 6893 7013
f 6892 7013 7012
f 6893 6894 7014
f 6893 7014 7013
f 6894 6895 7015
f 6894 7015 7014
f 6895 6896 7016
f 6895 7016 7015
f 6896 6897 7017
f 6896 7017 7016
f 6897 6898 7018
f 6897 7018 7017
f 6898 6899 7019
f 6898 7019 7018
f 6899 6900 7020
f 6899 7020 7019
f 6900 6901 7021
f 6900 7021 7020
f 6901 6902 7022
f 6901 7022 7021
f 6902 6903 7023
f 6902 7023 7022
f 6903 6904 7024
f 6903 7024 7023
f 6904 6905 7025
f 6904 7025 7024
f 6905 6906 7026
f 6905 7026 7025
f 6906 6907 7027
f 6906 7027 7026
f 6907 6908 7028
f 6907 7028 7027
f 6908 6909 7029
f 6908 7029 7028
f 6909 6910 7030
f 6909 7030 7029
f 6910 6911 7031
f 6910 7031 7030
f 6911 6912 7032
f 6911 7032 7031
f 6912 6913 7033
f 6912 7033 7032
f 6913 6914 7034
f 6913 7034 7033
f 6914 6915 7035
f 6914 7035 7034
f 6915 6916 7036
f 6915 7036 7035
f 6916 6917 7037
f 6916 7037 7036
f 6917 6918 7038
f 6917 7038 7037
f 6918 6919 7039
f 6918 7039 7038
f 6919 6920 7040
f 6919 7040 7039
f 6920 6921 7041
f 6920 7041 7040
f 6921 6922 7042
f 6921 7042 7041
f 6922 6923 7043
f 6922 7043 7042
f 6923 6924 7044
f 6923 7044 7043
f 6924 6925 7045
f 6924 7045 7044
f 6925 6926 7046
f 6925 7046 7045
f 6926 6927 7047
f 6926 7047 7046
f 6927 6928 7048
f 6927 7048 7047
f 6928 6929 7049
f 6928 7049 7048
f 6929 6930 7050
f 6929 7050 7049
f 6930 6931 7051
f 6930 7051 7050
f 6931 6932 7052
f 6931 7052 7051
f 6932 6933 7053
f 6932 7053 7052
f 6933 6934 7054
f 6933 7054 7053
f 6934 6935 7055
f 6934 7055 7054
f 6935 6936 7056
f 6935 7056 7055
f 6936 6937 7057
f 6936 7057 7056
f 6937 6938 7058
f 6937 7058 7057
f 6938 6939 7059
f 6938 7059 7058
f 6939 6940 7060
f 6939 7060 7059
f 6940 6941 7061
f 6940 7061 7060
f 6941 6942 7062
f 6941 7062 7061
f 6942 6943 7063
f 6942 7063 7062
f 6943 6944 7064
f 6943 7064 7063
f 6944 6945 7065
f 6944 7065 7064
f 6945 6946 7066
f 6945 7066 7065
f 6946 6947 7067
f 6946 7067 7066
f 6947 6948 7068
f 6947 7068 7067
f 6948 6949 7069
f 6948 7069 7068
f 6949 6950 7070
f 6949 7070 7069
f 6950 6951 7071
f 6950 7071 7070
f 6951 6952 7072
f 6951 7072 7071
f 6952 6953 7073
f 6952 7073 7072
f 6953 6954 7074
f 6953 7074 7073
f 6954 6955 7075
f 6954 7075 7074
f 6955 6956 7076
f 6955 7076 7075
f 6956 6957 7077
f 6956 7077 7076
f 6957 6958 7078
f 6957 7078 7077
f 6958 6959 7079
f 6958 7079 7078
f 6959 6960 7080
f 6959 7080 7079
f 6960 6961 7081
f 6960 7081 7080
f 6961 6842 6962
f 6961 6962 7081
f 6962 6963 7083
f 6962 7083 7082
f 6963 6964 7084
f 6963 7084 7083
f 6964 6965 7085
f 6964 7085 7084
f 6965 6966 7086
f 6965 7086 7085
f 6966 6967 7087
f 6966 7087 7086
f 6967 6968 7088
f 6967 7088 7087
f 6968 6969 7089
f 6968 7089 7088
f 6969 6970 7090
f 6969 7090 7089
f 6970 6971 7091
f 6970 7091 7090
f 6971 6972 7092
f 6971 7092 7091
f 6972 6973 7093
f 6972 7093 7092
f 6973 6974 7094
f 6973 7094 7093
f 6974 6975 7095
f 6974 7095 7094
f 6975 6976 7096
f 6975 7096 7095
f 6976 6977 7097
f 6976 7097 7096
f 6977 6978 7098
f 6977 7098 7097
f 6978 6979 7099
f 6978 7099 7098
f 6979 6980 7100
f 6979 7100 7099
f 6980 6981 7101
f 6980 7101 7100
f 6981 6982 7102
f 6981 7102 7101
f 6982 6983 7103
f 6982 7103 7102
f 6983 6984 7104
f 6983 7104 7103
f 6984 6985 7105
f 6984 7105 7104
f 6985 6986 7106
f 6985 7106 7105
f 6986 6987 7107
f 6986 7107 7106
f 6987 6988 7108
f 6987 7108 7107
f 6988 6989 7109
f 6988 7109 7108
f 6989 6990 7110
f 6989 7110 7109
f 6990 6991 7111
f 6990 7111 7110
f 6991 6992 7112
f 6991 7112 7111
f 6992 6993 7113
f 6992 7113 7112
f 6993 6994 7114
f 6993 7114 7113
f 6994 6995 7115
f 6994 7115 7114
f 6995 6996 7116
f 6995 7116 7115
f 6996 6997 7117
f 6996 7117 7116
f 6997 6998 7118
f 6997 7118 7117
f 6998 6999 7119
f 6998 7119 7118
f 6999 7000 7120
f 6999 7120 7119
f 7000 7001 7121
f 7000 7121 7120
f 7001 7002 7122
f 7001 7122 7121
f 7002 7003 7123
f 7002 7123 7122
f 7003 7004 7124
f 7003 7124 7123
f 7004 7005 7125
f 7004 7125 7124
f 7005 7006 7126
f 7005 7126 7125
f 7006 7007 7127
f 7006 7127 7126
f 7007 7008 7128
f 7007 7128 7127
f 7008 7009 7129
f 7008 7129 7128
f 7009 7010 7130
f 7009 7130 7129
f 7010 7011 7131
f 7010 7131 7130
f 7011 7012 7132
f 7011 7132 7131
f 7012 7013 7133
f 7012 7133 7132
f 7013 7014 7134
f 7013 7134 7133
f 7014 7015 7135
f 7014 7135 7134
f 7015 7016 7136
f 7015 7136 7135
f 7016 7017 7137
f 7016 7137 7136
f 7017 7018 7138
f 7017 7138 7137
f 7018 7019 7139
f 7018 7139 7138
f 7019 7020 7140
f 7019 7140 7139
f 7020 7021 7141
f 7020 7141 7140
f 7021 7022 7142
f 7021 7142 7141
f 7022 7023 7143
f 7022 7143 7142
f 7023 7024 7144
f 7023 7144 7143
f 7024 7025 7145
f 7024 7145 7144
f 7025 7026 7146
f 7025 7146 7145
f 7026 7027 7147
f 7026 7147 7146
f 7027 7028 7148
f 7027 7148 7147
f 7028 7029 7149
f 7028 7149 7148
f 7029 7030 7150
f 7029 7150 7149
f 7030 7031 7151
f 7030 7151 7150
f 7031 7032 7152
f 7031 7152 7151
f 7032 7033 7153
f 7032 7153 7152
f 7033 7034 7154
f 7033 7154 7153
f 7034 7035 7155
f 7034 7155 7154
f 7035 7036 7156
f 7035 7156 7155
f 7036 7037 7157
f 7036 7157 7156
f 7037 7038 7158
f 7037 7158 7157
f 7038 7039 7159
f 7038 7159 7158
f 7039 7040 7160
f 7039 7160 7159
f 7040 7041 7161
f 7040 7161 7160
f 7041 7042 7162
f 7041 7162 7161
f 7042 7043 7163
f 7042 7163 7162
f 7043 7044 7164
f 7043 7164 7163
f 7044 7045 7165
f 7044 7165 7164
f 7045 7046 7166
f 7045 7166 7165
f 7046 7047 7167
f 7046 7167 7166
f 7047 7048 7168
f 7047 7168 7167
f 7048 7049 7169
f 7048 7169 7168
f 7049 7050 7170
f 7049 7170 7169
f 7050 7051 7171
f 7050 7171 7170
f 7051 7052 7172
f 7051 7172 7171
f 7052 7053 7173
f 7052 7173 7172
f 7053 7054 7174
f 7053 7174 7173
f 7054 7055 7175
f 7054 7175 7174
f 7055 7056 7176
f 7055 7176 7175
f 7056 7057 7177
f 7056 7177 7176
f 7057 7058 7178
f 7057 7178 7177
f 7058 7059 7179
f 7058 7179 7178
f 7059 7060 7180
f 7059 7180 7179
f 7060 7061 7181
f 7060 7181 7180
f 7061 7062 7182
f 7061 7182 7181
f 7062 7063 7183
f 7062 7183 7182
f 7063 7064 7184
f 7063 7184 7183
f 7064 7065 7185
f 7064 7185 7184
f 7065 7066 7186
f 7065 7186 7185
f 7066 7067 7187
f 7066 7187 7186
f 7067 7068 7188
f 7067 7188 7187
f 7068 7069 7189
f 7068 7189 7188
f 7069 7070 7190
f 7069 7190 7189
f 7070 7071 7191
f 7070 7191 7190
f 7071 7072 7192
f 7071 7192 7191
f 7072 7073 7193
f 7072 7193 7192
f 7073 7074 7194
f 7073 7194 7193
f 7074 7075 7195
f 7074 7195 7194
f 7075 7076 7196
f 7075 7196 7195
f 7076 7077 7197
f 7076 7197 7196
f 7077 7078 7198
f 7077 7198 7197
f 7078 7079 7199
f 7078 7199 7198
f 7079 7080 7200
f 7079 7200 7199
f 7080 7081 7201
f 7080 7201 7200
f 7081 6962 7082
f 7081 7082 7201
f 7082 7083 7203
f 7082 7203 7202
f 7083 7084 7204
f 7083 7204 7203
f 7084 7085 7205
f 7084 7205 7204
f 7085 7086 7206
f 7085 7206 7205
f 7086 7087 7207
f 7086 7207 7206
f 7087 7088 7208
f 7087 7208 7207
f 7088 7089 7209
f 7088 7209 7208
f 7089 7090 7210
f 7089 7210 7209
f 7090 7091 7211
f 7090 7211 7210
f 7091 7092 7212
f 7091 7212 7211
f 7092 7093 7213
f 7092 7213 7212
f 7093 7094 7214
f 7093 7214 7213
f 7094 7095 7215
f 7094 7215 7214
f 7095 7096 7216
f 7095 7216 7215
f 7096 7097 7217
f 7096 7217 7216
f 7097 7098 7218
f 7097 7218 7217
f 7098 7099 7219
f 7098 7219 7218
f 7099 7100 7220
f 7099 7220 7219
f 7100 7101 7221
f 7100 7221 7220
f 7101 7102 7222
f 7101 7222 7221
f 7102 7103 7223
f 7102 7223 7222
f 7103 7104 7224
f 7103 7224 7223
f 7104 7105 7225
f 7104 7225 7224
f 7105 7106 7226
f 7105 7226 7225
f 7106 7107 7227
f 7106 7227 7226
f 7107 7108 7228
f 7107 7228 7227
f 7108 7109 7229
f 7108 7229 7228
f 7109 7110 7230
f 7109 7230 7229
f 7110 7111 7231
f 7110 7231 7230
f 7111 7112 7232
f 7111 7232 7231
f 7112 7113 7233
f 7112 7233 7232
f 7113 7114 7234
f 7113 7234 7233
f 7114 7115 7235
f 7114 7235 7234
f 7115 7116 7236
f 7115 7236 7235
f 7116 7117 7237
f 7116 7237 7236
f 7117 7118 7238
f 7117 7238 7237
f 7118 7119 7239
f 7118 7239 7238
f 7119 7120 7240
f 7119 7240 7239
f 7120 7121 7241
f 7120 7241 7240
f 7121 7122 7242
f 7121 7242 7241
f 7122 7123 7243
f 7122 7243 7242
f 7123 7124 7244
f 7123 7244 7243
f 7124 7125 7245
f 7124 7245 7244
f 7125 7126 7246
f 7125 7246 7245
f 7126 7127 7247
f 7126 7247 7246
f 7127 7128 7248
f 7127 7248 7247
f 7128 7129 7249
f 7128 7249 7248
f 7129 7130 7250
f 7129 7250 7249
f 7130 7131 7251
f 7130 7251 7250
f 7131 7132 7252
f 7131 7252 7251
f 7132 7133 7253
f 7132 7253 7252
f 7133 7134 7254
f 7133 7254 7253
f 7134 7135 7255
f 7134 7255 7254
f 7135 7136 7256
f 7135 7256 7255
f 7136 7137 7257
f 7136 7257 7256
f 7137 7138 7258
f 7137 7258 7257
f 7138 7139 7259
f 7138 7259 7258
f 7139 7140 7260
f 7139 7260 7259
f 7140 7141 7261
f 7140 7261 7260
f 7141 7142 7262
f 7141 7262 7261
f 7142 7143 7263
f 7142 7263 7262
f 7143 7144 7264
f 7143 7264 7263
f 7144 7145 7265
f 7144 7265 7264
f 7145 7146 7266
f 7145 7266 7265
f 7146 7147 7267
f 7146 7267 7266
f 7147 7148 7268
f 7147 7268 7267
f 7148 7149 7269
f 7148 7269 7268
f 7149 7150 7270
f 7149 7270 7269
f 7150 7151 7271
f 7150 7271 7270
f 7151 7152 7272
f 7151 7272 7271
f 7152 7153 7273
f 7152 7273 7272
f 7153 7154 7274
f 7153 7274 7273
f 7154 7155 7275
f 7154 7275 7274
f 7155 7156 7276
f 7155 7276 7275
f 7156 7157 7277
f 7156 7277 7276
f 7157 7158 7278
f 7157 7278 7277
f 7158 7159 7279
f 7158 7279 7278
f 7159 7160 7280
f 7159 7280 7279
f 7160 7161 7281
f 7160 7281 7280
f 7161 7162 7282
f 7161 7282 7281
f 7162 7163 7283
f 7162 7283 7282
f 7163 7164 7284
f 7163 7284 7283
f 7164 7165 7285
f 7164 7285 7284
f 7165 7166 7286
f 7165 7286 7285
f 7166 7167 7287
f 7166 7287 7286
f 7167 7168 7288
f 7167 7288 7287
f 7168 7169 7289
f 7168 7289 7288
f 7169 7170 7290
f 7169 7290 7289
f 7170 7171 7291
f 7170 7291 7290
f 7171 7172 7292
f 7171 7292 7291
f 7172 7173 7293
f 7172 7293 7292
f 7173 7174 7294
f 7173 7294 7293
f 7174 7175 7295
f 7174 7295 7294
f 7175 7176 7296
f 7175 7296 7295
f 7176 7177 7297
f 7176 7297 7296
f 7177 7178 7298
f 7177 7298 7297
f 7178 7179 7299
f 7178 7299 7298
f 7179 7180 7300
f 7179 7300 7299
f 7180 7181 7301
f 7180 7301 7300
f 7181 7182 7302
f 7181 7302 7301
f 7182 7183 7303
f 7182 7303 7302
f 7183 7184 7304
f 7183 7304 7303
f 7184 7185 7305
f 7184 7305 7304
f 7185 7186 7306
f 7185 7306 7305
f 7186 7187 7307
f 7186 7307 7306
f 7187 7188 7308
f 7187 7308 7307
f 7188 7189 7309
f 7188 7309 7308
f 7189 7190 7310
f 7189 7310 7309
f 7190 7191 7311
f 7190 7311 7310
f 7191 7192 7312
f 7191 7312 7311
f 7192 7193 7313
f 7192 7313 7312
f 7193 7194 7314
f 7193 7314 7313
f 7194 7195 7315
f 7194 7315 7314
f 7195 7196 7316
f 7195 7316 7315
f 7196 7197 7317
f 7196 7317 7316
f 7197 7198 7318
f 7197 7318 7317
f 7198 7199 7319
f 7198 7319 7318
f 7199 7200 7320
f 7199 7320 7319
f 7200 7201 7321
f 7200 7321 7320
f 7201 7082 7202
f 7201 7202 7321
f 7202 7203 7323
f 7202 7323 7322
f 7203 7204 7324
f 7203 7324 7323
f 7204 7205 7325
f 7204 7325 7324
f 7205 7206 7326
f 7205 7326 7325
f 7206 7207 7327
f 7206 7327 7326
f 7207 7208 7328
f 7207 7328 7327
f 7208 7209 7329
f 7208 7329 7328
f 7209 7210 7330
f 7209 7330 7329
f 7210 7211 7331
f 7210 7331 7330
f 7211 7212 7332
f 7211 7332 7331
f 7212 7213 7333
f 7212 7333 7332
f 7213 7214 7334
f 7213 7334 7333
f 7214 7215 7335
f 7214 7335 7334
f 7215 7216 7336
f 7215 7336 7335
f 7216 7217 7337
f 7216 7337 7336
f 7217 7218 7338
f 7217 7338 7337
f 7218 7219 7339
f 7218 7339 7338
f 7219 7220 7340
f 7219 7340 7339
f 7220 7221 7341
f 7220 7341 7340
f 7221 7222 7342
f 7221 7342 7341
f 7222 7223 7343
f 7222 7343 7342
f 7223 7224 7344
f 7223 7344 7343
f 7224 7225 7345
f 7224 7345 7344
f 7225 7226 7346
f 7225 7346 7345
f 7226 7227 7347
f 7226 7347 7346
f 7227 7228 7348
f 7227 7348 7347
f 7228 7229 7349
f 7228 7349 7348
f 7229 7230 7350
f 7229 7350 7349
f 7230 7231 7351
f 7230 7351 7350
f 7231 7232 7352
f 7231 7352 7351
f 7232 7233 7353
f 7232 7353 7352
f 7233 7234 7354
f 7233 7354 7353
f 7234 7235 7355
f 7234 7355 7354
f 7235 7236 7356
f 7235 7356 7355
f 7236 7237 7357
f 7236 7357 7356
f 7237 7238 7358
f 7237 7358 7357
f 7238 7239 7359
f 7238 7359 7358
f 7239 7240 7360
f 7239 7360 7359
f 7240 7241 7361
f 7240 7361 7360
f 7241 7242 7362
f 7241 7362 7361
f 7242 7243 7363
f 7242 7363 7362
f 7243 7244 7364
f 7243 7364 7363
f 7244 7245 7365
f 7244 7365 7364
f 7245 7246 7366
f 7245 7366 7365
f 7246 7247 7367
f 7246 7367 7366
f 7247 7248 7368
f 7247 7368 7367
f 7248 7249 7369
f 7248 7369 7368
f 7249 7250 7370
f 7249 7370 7369
f 7250 7251 7371
f 7250 7371 7370
f 7251 7252 7372
f 7251 7372 7371
f 7252 7253 7373
f 7252 7373 7372
f 7253 7254 7374
f 7253 7374 7373
f 7254 7255 7375
f 7254 7375 7374
f 7255 7256 7376
f 7255 7376 7375
f 7256 7257 7377
f 7256 7377 7376
f 7257 7258 7378
f 7257 7378 7377
f 7258 7259 7379
f 7258 7379 7378
f 7259 7260 7380
f 7259 7380 7379
f 7260 7261 7381
f 7260 7381 7380
f 7261 7262 7382
f 7261 7382 7381
f 7262 7263 7383
f 7262 7383 7382
f 7263 7264 7384
f 7263 7384 7383
f 7264 7265 7385
f 7264 7385 7384
f 7265 7266 7386
f 7265 7386 7385
f 7266 7267 7387
f 7266 7387 7386
f 7267 7268 7388
f 7267 7388 7387
f 7268 7269 7389
f 7268 7389 7388
f 7269 7270 7390
f 7269 7390 7389
f 7270 7271 7391
f 7270 7391 7390
f 7271 7272 7392
f 7271 7392 7391
f 7272 7273 7393
f 7272 7393 7392
f 7273 7274 7394
f 7273 7394 7393
f 7274 7275 7395
f 7274 7395 7394
f 7275 7276 7396
f 7275 7396 7395
f 7276 7277 7397
f 7276 7397 7396
f 7277 7278 7398
f 7277 7398 7397
f 7278 7279 7399
f 7278 7399 7398
f 7279 7280 7400
f 7279 7400 7399
f 7280 7281 7401
f 7280 7401 7400
f 7281 7282 7402
f 7281 7402 7401
f 7282 7283 7403
f 7282 7403 7402
f 7283 7284 7404
f 7283 7404 7403
f 7284 7285 7405
f 7284 7405 7404
f 7285 7286 7406
f 7285 7406 7405
f 7286 7287 7407
f 7286 7407 7406
f 7287 7288 7408
f 7287 7408 7407
f 7288 7289 7409
f 7288 7409 7408
f 7289 7290 7410
f 7289 7410 7409
f 7290 7291 7411
f 7290 7411 7410
f 7291 7292 7412
f 7291 7412 7411
f 7292 7293 7413
f 7292 7413 7412
f 7293 7294 7414
f 7293 7414 7413
f 7294 7295 7415
f 7294 7415 7414
f 7295 7296 7416
f 7295 7416 7415
f 7296 7297 7417
f 7296 7417 7416
f 7297 7298 7418
f 7297 7418 7417
f 7298 7299 7419
f 7298 7419 7418
f 7299 7300 7420
f 7299 7420 7419
f 7300 7301 7421
f 7300 7421 7420
f 7301 7302 7422
f 7301 7422 7421
f 7302 7303 7423
f 7302 7423 7422
f 7303 7304 7424
f 7303 7424 7423
f 7304 7305 7425
f 7304 7425 7424
f 7305 7306 7426
f 7305 7426 7425
f 7306 7307 7427
f 7306 7427 7426
f 7307 7308 7428
f 7307 7428 7427
f 7308 7309 7429
f 7308 7429 7428
f 7309 7310 7430
f 7309 7430 7429
f 7310 7311 7431
f 7310 7431 7430
f 7311 7312 7432
f 7311 7432 7431
f 7312 7313 7433
f 7312 7433 7432
f 7313 7314 7434
f 7313 7434 7433
f 7314 7315 7435
f 7314 7435 7434
f 7315 7316 7436
f 7315 7436 7435
f 7316 7317 7437
f 7316 7437 7436
f 7317 7318 7438
f 7317 7438 7437
f 7318 7319 7439
f 7318 7439 7438
f 7319 7320 7440
f 7319 7440 7439
f 7320 7321 7441
f 7320 7441 7440
f 7321 7202 7322
f 7321 7322 7441
f 7322 7323 7443
f 7322 7443 7442
f 7323 7324 7444
f 7323 7444 7443
f 7324 7325 7445
f 7324 7445 7444
f 7325 7326 7446
f 7325 7446 7445
f 7326 7327 7447
f 7326 7447 7446
f 7327 7328 7448
f 7327 7448 7447
f 7328 7329 7449
f 7328 7449 7448
f 7329 7330 7450
f 7329 7450 7449
f 7330 7331 7451
f 7330 7451 7450
f 7331 7332 7452
f 7331 7452 7451
f 7332 7333 7453
f 7332 7453 7452
f 7333 7334 7454
f 7333 7454 7453
f 7334 7335 7455
f 7334 7455 7454
f 7335 7336 7456
f 7335 7456 7455
f 7336 7337 7457
f 7336 7457 7456
f 7337 7338 7458
f 7337 7458 7457
f 7338 7339 7459
f 7338 7459 7458
f 7339 7340 7460
f 7339 7460 7459
f 7340 7341 7461
f 7340 7461 7460
f 7341 7342 7462
f 7341 7462 7461
f 7342 7343 7463
f 7342 7463 7462
f 7343 7344 7464
f 7343 7464 7463
f 7344 7345 7465
f 7344 7465 7464
f 7345 7346 7466
f 7345 7466 7465
f 7346 7347 7467
f 7346 7467 7466
f 7347 7348 7468
f 7347 7468 7467
f 7348 7349 7469
f 7348 7469 7468
f 7349 7350 7470
f 7349 7470 7469
f 7350 7351 7471
f 7350 7471 7470
f 7351 7352 7472
f 7351 7472 7471
f 7352 7353 7473
f 7352 7473 7472
f 7353 7354 7474
f 7353 7474 7473
f 7354 7355 7475
f 7354 7475 7474
f 7355 7356 7476
f 7355 7476 7475
f 7356 7357 7477
f 7356 7477 7476
f 7357 7358 7478
f 7357 7478 7477
f 7358 7359 7479
f 7358 7479 7478
f 7359 7360 7480
f 7359 7480 7479
f 7360 7361 7481
f 7360 7481 7480
f 7361 7362 7482
f 7361 7482 7481
f 7362 7363 7483
f 7362 7483 7482
f 7363 7364 7484
f 7363 7484 7483
f 7364 7365 7485
f 7364 7485 7484
f 7365 7366 7486
f 7365 7486 7485
f 7366 7367 7487
f 7366 7487 7486
f 7367 7368 7488
f 7367 7488 7487
f 7368 7369 7489
f 7368 7489 7488
f 7369 7370 7490
f 7369 7490 7489
f 7370 7371 7491
f 7370 7491 7490
f 7371 7372 7492
f 7371 7492 7491
f 7372 7373 7493
f 7372 7493 7492
f 7373 7374 7494
f 7373 7494 7493
f 7374 7375 7495
f 7374 7495 7494
f 7375 7376 7496
f 7375 7496 7495
f 7376 7377 7497
f 7376 7497 7496
f 7377 7378 7498
f 7377 7498 7497
f 7378 7379 7499
f 7378 7499 7498
f 7379 7380 7500
f 7379 7500 7499
f 7380 7381 7501
f 7380 7501 7500
f 7381 7382 7502
f 7381 7502 7501
f 7382 7383 7503
f 7382 7503 7502
f 7383 7384 7504
f 7383 7504 7503
f 7384 7385 7505
f 7384 7505 7504
f 7385 7386 7506
f 7385 7506 7505
f 7386 7387 7507
f 7386 7507 7506
f 7387 7388 7508
f 7387 7508 7507
f 7388 7389 7509
f 7388 7509 7508
f 7389 7390 7510
f 7389 7510 7509
f 7390 7391 7511
f 7390 7511 7510
f 7391 7392 7512
f 7391 7512 7511
f 7392 7393 7513
f 7392 7513 7512
f 7393 7394 7514
f 7393 7514 7513
f 7394 7395 7515
f 7394 7515 7514
f 7395 7396 7516
f 7395 7516 7515
f 7396 7397 7517
f 7396 7517 7516
f 7397 7398 7518
f 7397 7518 7517
f 7398 7399 7519
f 7398 7519 7518
f 7399 7400 7520
f 7399 7520 7519
f 7400 7401 7521
f 7400 7521 7520
f 7401 7402 7522
f 7401 7522 7521
f 7402 7403 7523
f 7402 7523 7522
f 7403 7404 7524
f 7403 7524 7523
f 7404 7405 7525
f 7404 7525 7524
f 7405 7406 7526
f 7405 7526 7525
f 7406 7407 7527
f 7406 7527 7526
f 7407 7408 7528
f 7407 7528 7527
f 7408 7409 7529
f 7408 7529 7528
f 7409 7410 7530
f 7409 7530 7529
f 7410 7411 7531
f 7410 7531 7530
f 7411 7412 7532
f 7411 7532 7531
f 7412 7413 7533
f 7412 7533 7532
f 7413 7414 7534
f 7413 7534 7533
f 7414 7415 7535
f 7414 7535 7534
f 7415 7416 7536
f 7415 7536 7535
f 7416 7417 7537
f 7416 7537 7536
f 7417 7418 7538
f 7417 7538 7537
f 7418 7419 7539
f 7418 7539 7538
f 7419 7420 7540
f 7419 7540 7539
f 7420 7421 7541
f 7420 7541 7540
f 7421 7422 7542
f 7421 7542 7541
f 7422 7423 7543
f 7422 7543 7542
f 7423 7424 7544
f 7423 7544 7543
f 7424 7425 7545
f 7424 7545 7544
f 7425 7426 7546
f 7425 7546 7545
f 7426 7427 7547
f 7426 7547 7546
f 7427 7428 7548
f 7427 7548 7547
f 7428 7429 7549
f 7428 7549 7548
f 7429 7430 7550
f 7429 7550 7549
f 7430 7431 7551
f 7430 7551 7550
f 7431 7432 7552
f 7431 7552 7551
f 7432 7433 7553
f 7432 7553 7552
f 7433 7434 7554
f 7433 7554 7553
f 7434 7435 7555
f 7434 7555 7554
f 7435 7436 7556
f 7435 7556 7555
f 7436 7437 7557
f 7436 7557 7556
f 7437 7438 7558
f 7437 7558 7557
f 7438 7439 7559
f 7438 7559 7558
f 7439 7440 7560
f 7439 7560 7559
f 7440 7441 7561
f 7440 7561 7560
f 7441 7322 7442
f 7441 7442 7561
f 7442 7443 7563
f 7442 7563 7562
f 7443 7444 7564
f 7443 7564 7563
f 7444 7445 7565
f 7444 7565 7564
f 7445 7446 7566
f 7445 7566 7565
f 7446 7447 7567
f 7446 7567 7566
f 7447 7448 7568
f 7447 7568 7567
f 7448 7449 7569
f 7448 7569 7568
f 7449 7450 7570
f 7449 7570 7569
f 7450 7451 7571
f 7450 7571 7570
f 7451 7452 7572
f 7451 7572 7571
f 7452 7453 7573
f 7452 7573 7572
f 7453 7454 7574
f 7453 7574 7573
f 7454 7455 7575
f 7454 7575 7574
f 7455 7456 7576
f 7455 7576 7575
f 7456 7457 7577
f 7456 7577 7576
f 7457 7458 7578
f 7457 7578 7577
f 7458 7459 7579
f 7458 7579 7578
f 7459 7460 7580
f 7459 7580 7579
f 7460 7461 7581
f 7460 7581 7580
f 7461 7462 7582
f 7461 7582 7581
f 7462 7463 7583
f 7462 7583 7582
f 7463 7464 7584
f 7463 7584 7583
f 7464 7465 7585
f 7464 7585 7584
f 7465 7466 7586
f 7465 7586 7585
f 7466 7467 7587
f 7466 7587 7586
f 7467 7468 7588
f 7467 7588 7587
f 7468 7469 7589
f 7468 7589 7588
f 7469 7470 7590
f 7469 7590 7589
f 7470 7471 7591
f 7470 7591 7590
f 7471 7472 7592
f 7471 7592 7591
f 7472 7473 7593
f 7472 7593 7592
f 7473 7474 7594
f 7473 7594 7593
f 7474 7475 7595
f 7474 7595 7594
f 7475 7476 7596
f 7475 7596 7595
f 7476 7477 7597
f 7476 7597 7596
f 7477 7478 7598
f 7477 7598 7597
f 7478 7479 7599
f 7478 7599 7598
f 7479 7480 7600
f 7479 7600 7599
f 7480 7481 7601
f 7480 7601 7600
f 7481 7482 7602
f 7481 7602 7601
f 7482 7483 7603
f 7482 7603 7602
f 7483 7484 7604
f 7483 7604 7603
f 7484 7485 7605
f 7484 7605 7604
f 7485 7486 7606
f 7485 7606 7605
f 7486 7487 7607
f 7486 7607 7606
f 7487 7488 7608
f 7487 7608 7607
f 7488 7489 7609
f 7488 7609 7608
f 7489 7490 7610
f 7489 7610 7609
f 7490 7491 7611
f 7490 7611 7610
f 7491 7492 7612
f 7491 7612 7611
f 7492 7493 7613
f 7492 7613 7612
f 7493 7494 7614
f 7493 7614 7613
f 7494 7495 7615
f 7494 7615 7614
f 7495 7496 7616
f 7495 7616 7615
f 7496 7497 7617
f 7496 7617 7616
f 7497 7498 7618
f 7497 7618 7617
f 7498 7499 7619
f 7498 7619 7618
f 7499 7500 7620
f 7499 7620 7619
f 7500 7501 7621
f 7500 7621 7620
f 7501 7502 7622
f 7501 7622 7621
f 7502 7503 7623
f 7502 7623 7622
f 7503 7504 7624
f 7503 7624 7623
f 7504 7505 7625
f 7504 7625 7624
f 7505 7506 7626
f 7505 7626 7625
f 7506 7507 7627
f 7506 7627 7626
f 7507 7508 7628
f 7507 7628 7627
f 7508 7509 7629
f 7508 7629 7628
f 7509 7510 7630
f 7509 7630 7629
f 7510 7511 7631
f 7510 7631 7630
f 7511 7512 7632
f 7511 7632 7631
f 7512 7513 7633
f 7512 7633 7632
f 7513 7514 7634
f 7513 7634 7633
f 7514 7515 7635
f 7514 7635 7634
f 7515 7516 7636
f 7515 7636 7635
f 7516 7517 7637
f 7516 7637 7636
f 7517 7518 7638
f 7517 7638 7637
f 7518 7519 7639
f 7518 7639 7638
f 7519 7520 7640
f 7519 7640 7639
f 7520 7521 7641
f 7520 7641 7640
f 7521 7522 7642
f 7521 7642 7641
f 7522 7523 7643
f 7522 7643 7642
f 7523 7524 7644
f 7523 7644 7643
f 7524 7525 7645
f 7524 7645 7644
f 7525 7526 7646
f 7525 7646 7645
f 7526 7527 7647
f 7526 7647 7646
f 7527 7528 7648
f 7527 7648 7647
f 7528 7529 7649
f 7528 7649 7648
f 7529 7530 7650
f 7529 7650 7649
f 7530 7531 7651
f 7530 7651 7650
f 7531 7532 7652
f 7531 7652 7651
f 7532 7533 7653
f 7532 7653 7652
f 7533 7534 7654
f 7533 7654 7653
f 7534 7535 7655
f 7534 7655 7654
f 7535 7536 7656
f 7535 7656 7655
f 7536 7537 7657
f 7536 7657 7656
f 7537 7538 7658
f 7537 7658 7657
f 7538 7539 7659
f 7538 7659 7658
f 7539 7540 7660
f 7539 7660 7659
f 7540 7541 7661
f 7540 7661 7660
f 7541 7542 7662
f 7541 7662 7661
f 7542 7543 7663
f 7542 7663 7662
f 7543 7544 7664
f 7543 7664 7663
f 7544 7545 7665
f 7544 7665 7664
f 7545 7546 7666
f 7545 7666 7665
f 7546 7547 7667
f 7546 7667 7666
f 7547 7548 7668
f 7547 7668 7667
f 7548 7549 7669
f 7548 7669 7668
f 7549 7550 7670
f 7549 7670 7669
f 7550 7551 7671
f 7550 7671 7670
f 7551 7552 7672
f 7551 7672 7671
f 7552 7553 7673
f 7552 7673 7672
f 7553 7554 7674
f 7553 7674 7673
f 7554 7555 7675
f 7554 7675 7674
f 7555 7556 7676
f 7555 7676 7675
f 7556 7557 7677
f 7556 7677 7676
f 7557 7558 7678
f 7557 7678 7677
f 7558 7559 7679
f 7558 7679 7678
f 7559 7560 7680
f 7559 7680 7679
f 7560 7561 7681
f 7560 7681 7680
f 7561 7442 7562
f 7561 7562 7681
f 7562 7563 7683
f 7562 7683 7682
f 7563 7564 7684
f 7563 7684 7683
f 7564 7565 7685
f 7564 7685 7684
f 7565 7566 7686
f 7565 7686 7685
f 7566 7567 7687
f 7566 7687 7686
f 7567 7568 7688
f 7567 7688 7687
f 7568 7569 7689
f 7568 7689 7688
f 7569 7570 7690
f 7569 7690 7689
f 7570 7571 7691
f 7570 7691 7690
f 7571 7572 7692
f 7571 7692 7691
f 7572 7573 7693
f 7572 7693 7692
f 7573 7574 7694
f 7573 7694 7693
f 7574 7575 7695
f 7574 7695 7694
f 7575 7576 7696
f 7575 7696 7695
f 7576 7577 7697
f 7576 7697 7696
f 7577 7578 7698
f 7577 7698 7697
f 7578 7579 7699
f 7578 7699 7698
f 7579 7580 7700
f 7579 7700 7699
f 7580 7581 7701
f 7580 7701 7700
f 7581 7582 7702
f 7581 7702 7701
f 7582 7583 7703
f 7582 7703 7702
f 7583 7584 7704
f 7583 7704 7703
f 7584 7585 7705
f 7584 7705 7704
f 7585 7586 7706
f 7585 7706 7705
f 7586 7587 7707
f 7586 7707 7706
f 7587 7588 7708
f 7587 7708 7707
f 7588 7589 7709
f 7588 7709 7708
f 7589 7590 7710
f 7589 7710 7709
f 7590 7591 7711
f 7590 7711 7710
f 7591 7592 7712
f 7591 7712 7711
f 7592 7593 7713
f 7592 7713 7712
f 7593 7594 7714
f 7593 7714 7713
f 7594 7595 7715
f 7594 7715 7714
f 7595 7596 7716
f 7595 7716 7715
f 7596 7597 7717
f 7596 7717 7716
f 7597 7598 7718
f 7597 7718 7717
f 7598 7599 7719
f 7598 7719 7718
f 7599 7600 7720
f 7599 7720 7719
f 7600 7601 7721
f 7600 7721 7720
f 7601 7602 7722
f 7601 7722 7721
f 7602 7603 7723
f 7602 7723 7722
f 7603 7604 7724
f 7603 7724 7723
f 7604 7605 7725
f 7604 7725 7724
f 7605 7606 7726
f 7605 7726 7725
f 7606 7607 7727
f 7606 7727 7726
f 7607 7608 7728
f 7607 7728 7727
f 7608 7609 7729
f 7608 7729 7728
f 7609 7610 7730
f 7609 7730 7729
f 7610 7611 7731
f 7610 7731 7730
f 7611 7612 7732
f 7611 7732 7731
f 7612 7613 7733
f 7612 7733 7732
f 7613 7614 7734
f 7613 7734 7733
f 7614 7615 7735
f 7614 7735 7734
f 7615 7616 7736
f 7615 7736 7735
f 7616 7617 7737
f 7616 7737 7736
f 7617 7618 7738
f 7617 7738 7737
f 7618 7619 7739
f 7618 7739 7738
f 7619 7620 7740
f 7619 7740 7739
f 7620 7621 7741
f 7620 7741 7740
f 7621 7622 7742
f 7621 7742 7741
f 7622 7623 7743
f 7622 7743 7742
f 7623 7624 7744
f 7623 7744 7743
f 7624 7625 7745
f 7624 7745 7744
f 7625 7626 7746
f 7625 7746 7745
f 7626 7627 7747
f 7626 7747 7746
f 7627 7628 7748
f 7627 7748 7747
f 7628 7629 7749
f 7628 7749 7748
f 7629 7630 7750
f 7629 7750 7749
f 7630 7631 7751
f 7630 7751 7750
f 7631 7632 7752
f 7631 7752 7751
f 7632 7633 7753
f 7632 7753 7752
f 7633 7634 7754
f 7633 7754 7753
f 7634 7635 7755
f 7634 7755 7754
f 7635 7636 7756
f 7635 7756 7755
f 7636 7637 7757
f 7636 7757 7756
f 7637 7638 7758
f 7637 7758 7757
f 7638 7639 7759
f 7638 7759 7758
f 7639 7640 7760
f 7639 7760 7759
f 7640 7641 7761
f 7640 7761 7760
f 7641 7642 7762
f 7641 7762 7761
f 7642 7643 7763
f 7642 7763 7762
f 7643 7644 7764
f 7643 7764 7763
f 7644 7645 7765
f 7644 7765 7764
f 7645 7646 7766
f 7645 7766 7765
f 7646 7647 7767
f 7646 7767 7766
f 7647 7648 7768
f 7647 7768 7767
f 7648 7649 7769
f 7648 7769 7768
f 7649 7650 7770
f 7649 7770 7769
f 7650 7651 7771
f 7650 7771 7770
f 7651 7652 7772
f 7651 7772 7771
f 7652 7653 7773
f 7652 7773 7772
f 7653 7654 7774
f 7653 7774 7773
f 7654 7655 7775
f 7654 7775 7774
f 7655 7656 7776
f 7655 7776 7775
f 7656 7657 7777
f 7656 7777 7776
f 7657 7658 7778
f 7657 7778 7777
f 7658 7659 7779
f 7658 7779 7778
f 7659 7660 7780
f 7659 7780 7779
f 7660 7661 7781
f 7660 7781 7780
f 7661 7662 7782
f 7661 7782 7781
f 7662 7663 7783
f 7662 7783 7782
f 7663 7664 7784
f 7663 7784 7783
f 7664 7665 7785
f 7664 7785 7784
f 7665 7666 7786
f 7665 7786 7785
f 7666 7667 7787
f 7666 7787 7786
f 7667 7668 7788
f 7667 7788 7787
f 7668 7669 7789
f 7668 7789 7788
f 7669 7670 7790
f 7669 7790 7789
f 7670 7671 7791
f 7670 7791 7790
f 7671 7672 7792
f 7671 7792 7791
f 7672 7673 7793
f 7672 7793 7792
f 7673 7674 7794
f 7673 7794 7793
f 7674 7675 7795
f 7674 7795 7794
f 7675 7676 7796
f 7675 7796 7795
f 7676 7677 7797
f 7676 7797 7796
f 7677 7678 7798
f 7677 7798 7797
f 7678 7679 7799
f 7678 7799 7798
f 7679 7680 7800
f 7679 7800 7799
f 7680 7681 7801
f 7680 7801 7800
f 7681 7562 7682
f 7681 7682 7801
f 7682 7683 7803
f 7682 7803 7802
f 7683 7684 7804
f 7683 7804 7803
f 7684 7685 7805
f 7684 7805 7804
f 7685 7686 7806
f 7685 7806 7805
f 7686 7687 7807
f 7686 7807 7806
f 7687 7688 7808
f 7687 7808 7807
f 7688 7689 7809
f 7688 7809 7808
f 7689 7690 7810
f 7689 7810 7809
f 7690 7691 7811
f 7690 7811 7810
f 7691 7692 7812
f 7691 7812 7811
f 7692 7693 7813
f 7692 7813 7812
f 7693 7694 7814
f 7693 7814 7813
f 7694 7695 7815
f 7694 7815 7814
f 7695 7696 7816
f 7695 7816 7815
f 7696 7697 7817
f 7696 7817 7816
f 7697 7698 7818
f 7697 7818 7817
f 7698 7699 7819
f 7698 7819 7818
f 7699 7700 7820
f 7699 7820 7819
f 7700 7701 7821
f 7700 7821 7820
f 7701 7702 7822
f 7701 7822 7821
f 7702 7703 7823
f 7702 7823 7822
f 7703 7704 7824
f 7703 7824 7823
f 7704 7705 7825
f 7704 7825 7824
f 7705 7706 7826
f 7705 7826 7825
f 7706 7707 7827
f 7706 7827 7826
f 7707 7708 7828
f 7707 7828 7827
f 7708 7709 7829
f 7708 7829 7828
f 7709 7710 7830
f 7709 7830 7829
f 7710 7711 7831
f 7710 7831 7830
f 7711 7712 7832
f 7711 7832 7831
f 7712 7713 7833
f 7712 7833 7832
f 7713 7714 7834
f 7713 7834 7833
f 7714 7715 7835
f 7714 7835 7834
f 7715 7716 7836
f 7715 7836 7835
f 7716 7717 7837
f 7716 7837 7836
f 7717 7718 7838
f 7717 7838 7837
f 7718 7719 7839
f 7718 7839 7838
f 7719 7720 7840
f 7719 7840 7839
f 7720 7721 7841
f 7720 7841 7840
f 7721 7722 7842
f 7721 7842 7841
f 7722 7723 7843
f 7722 7843 7842
f 7723 7724 7844
f 7723 7844 7843
f 7724 7725 7845
f 7724 7845 7844
f 7725 7726 7846
f 7725 7846 7845
f 7726 7727 7847
f 7726 7847 7846
f 7727 7728 7848
f 7727 7848 7847
f 7728 7729 7849
f 7728 7849 7848
f 7729 7730 7850
f 7729 7850 7849
f 7730 7731 7851
f 7730 7851 7850
f 7731 7732 7852
f 7731 7852 7851
f 7732 7733 7853
f 7732 7853 7852
f 7733 7734 7854
f 7733 7854 7853
f 7734 7735 7855
f 7734 7855 7854
f 7735 7736 7856
f 7735 7856 7855
f 7736 7737 7857
f 7736 7857 7856
f 7737 7738 7858
f 7737 7858 7857
f 7738 7739 7859
f 7738 7859 7858
f 7739 7740 7860
f 7739 7860 7859
f 7740 7741 7861
f 7740 7861 7860
f 7741 7742 7862
f 7741 7862 7861
f 7742 7743 7863
f 7742 7863 7862
f 7743 7744 7864
f 7743 7864 7863
f 7744 7745 7865
f 7744 7865 7864
f 7745 7746 7866
f 7745 7866 7865
f 7746 7747 7867
f 7746 7867 7866
f 7747 7748 7868
f 7747 7868 7867
f 7748 7749 7869
f 7748 7869 7868
f 7749 7750 7870
f 7749 7870 7869
f 7750 7751 7871
f 7750 7871 7870
f 7751 7752 7872
f 7751 7872 7871
f 7752 7753 7873
f 7752 7873 7872
f 7753 7754 7874
f 7753 7874 7873
f 7754 7755 7875
f 7754 7875 7874
f 7755 7756 7876
f 7755 7876 7875
f 7756 7757 7877
f 7756 7877 7876
f 7757 7758 7878
f 7757 7878 7877
f 7758 7759 7879
f 7758 7879 7878
f 7759 7760 7880
f 7759 7880 7879
f 7760 7761 7881
f 7760 7881 7880
f 7761 7762 7882
f 7761 7882 7881
f 7762 7763 7883
f 7762 7883 7882
f 7763 7764 7884
f 7763 7884 7883
f 7764 7765 7885
f 7764 7885 7884
f 7765 7766 7886
f 7765 7886 7885
f 7766 7767 7887
f 7766 7887 7886
f 7767 7768 7888
f 7767 7888 7887
f 7768 7769 7889
f 7768 7889 7888
f 7769 7770 7890
f 7769 7890 7889
f 7770 7771 7891
f 7770 7891 7890
f 7771 7772 7892
f 7771 7892 7891
f 7772 7773 7893
f 7772 7893 7892
f 7773 7774 7894
f 7773 7894 7893
f 7774 7775 7895
f 7774 7895 7894
f 7775 7776 7896
f 7775 7896 7895
f 7776 7777 7897
f 7776 7897 7896
f 7777 7778 7898
f 7777 7898 7897
f 7778 7779 7899
f 7778 7899 7898
f 7779 7780 7900
f 7779 7900 7899
f 7780 7781 7901
f 7780 7901 7900
f 7781 7782 7902
f 7781 7902 7901
f 7782 7783 7903
f 7782 7903 7902
f 7783 7784 7904
f 7783 7904 7903
f 7784 7785 7905
f 7784 7905 7904
f 7785 7786 7906
f 7785 7906 7905
f 7786 7787 7907
f 7786 7907 7906
f 7787 7788 7908
f 7787 7908 7907
f 7788 7789 7909
f 7788 7909 7908
f 7789 7790 7910
f 7789 7910 7909
f 7790 7791 7911
f 7790 7911 7910
f 7791 7792 7912
f 7791 7912 7911
f 7792 7793 7913
f 7792 7913 7912
f 7793 7794 7914
f 7793 7914 7913
f 7794 7795 7915
f 7794 7915 7914
f 7795 7796 7916
f 7795 7916 7915
f 7796 7797 7917
f 7796 7917 7916
f 7797 7798 7918
f 7797 7918 7917
f 7798 7799 7919
f 7798 7919 7918
f 7799 7800 7920
f 7799 7920 7919
f 7800 7801 7921
f 7800 7921 7920
f 7801 7682 7802
f 7801 7802 7921
f 7802 7803 7923
f 7802 7923 7922
f 7803 7804 7924
f 7803 7924 7923
f 7804 7805 7925
f 7804 7925 7924
f 7805 7806 7926
f 7805 7926 7925
f 7806 7807 7927
f 7806 7927 7926
f 7807 7808 7928
f 7807 7928 7927
f 7808 7809 7929
f 7808 7929 7928
f 7809 7810 7930
f 7809 7930 7929
f 7810 7811 7931
f 7810 7931 7930
f 7811 7812 7932
f 7811 7932 7931
f 7812 7813 7933
f 7812 7933 7932
f 7813 7814 7934
f 7813 7934 7933
f 7814 7815 7935
f 7814 7935 7934
f 7815 7816 7936
f 7815 7936 7935
f 7816 7817 7937
f 7816 7937 7936
f 7817 7818 7938
f 7817 7938 7937
f 7818 7819 7939
f 7818 7939 7938
f 7819 7820 7940
f 7819 7940 7939
f 7820 7821 7941
f 7820 7941 7940
f 7821 7822 7942
f 7821 7942 7941
f 7822 7823 7943
f 7822 7943 7942
f 7823 7824 7944
f 7823 7944 7943
f 7824 7825 7945
f 7824 7945 7944
f 7825 7826 7946
f 7825 7946 7945
f 7826 7827 7947
f 7826 7947 7946
f 7827 7828 7948
f 7827 7948 7947
f 7828 7829 7949
f 7828 7949 7948
f 7829 7830 7950
f 7829 7950 7949
f 7830 7831 7951
f 7830 7951 7950
f 7831 7832 7952
f 7831 7952 7951
f 7832 7833 7953
f 7832 7953 7952
f 7833 7834 7954
f 7833 7954 7953
f 7834 7835 7955
f 7834 7955 7954
f 7835 7836 7956
f 7835 7956 7955
f 7836 7837 7957
f 7836 7957 7956
f 7837 7838 7958
f 7837 7958 7957
f 7838 7839 7959
f 7838 7959 7958
f 7839 7840 7960
f 7839 7960 7959
f 7840 7841 7961
f 7840 7961 7960
f 7841 7842 7962
f 7841 7962 7961
f 7842 7843 7963
f 7842 7963 7962
f 7843 7844 7964
f 7843 7964 7963
f 7844 7845 7965
f 7844 7965 7964
f 7845 7846 7966
f 7845 7966 7965
f 7846 7847 7967
f 7846 7967 7966
f 7847 7848 7968
f 7847 7968 7967
f 7848 7849 7969
f 7848 7969 7968
f 7849 7850 7970
f 7849 7970 7969
f 7850 7851 7971
f 7850 7971 7970
f 7851 7852 7972
f 7851 7972 7971
f 7852 7853 7973
f 7852 7973 7972
f 7853 7854 7974
f 7853 7974 7973
f 7854 7855 7975
f 7854 7975 7974
f 7855 7856 7976
f 7855 7976 7975
f 7856 7857 7977
f 7856 7977 7976
f 7857 7858 7978
f 7857 7978 7977
f 7858 7859 7979
f 7858 7979 7978
f 7859 7860 7980
f 7859 7980 7979
f 7860 7861 7981
f 7860 7981 7980
f 7861 7862 7982
f 7861 7982 7981
f 7862 7863 7983
f 7862 7983 7982
f 7863 7864 7984
f 7863 7984 7983
f 7864 7865 7985
f 7864 7985 7984
f 7865 7866 7986
f 7865 7986 7985
f 7866 7867 7987
f 7866 7987 7986
f 7867 7868 7988
f 7867 7988 7987
f 7868 7869 7989
f 7868 7989 7988
f 7869 7870 7990
f 7869 7990 7989
f 7870 7871 7991
f 7870 7991 7990
f 7871 7872 7992
f 7871 7992 7991
f 7872 7873 7993
f 7872 7993 7992
f 7873 7874 7994
f 7873 7994 7993
f 7874 7875 7995
f 7874 7995 7994
f 7875 7876 7996
f 7875 7996 7995
f 7876 7877 7997
f 7876 7997 7996
f 7877 7878 7998
f 7877 7998 7997
f 7878 7879 7999
f 7878 7999 7998
f 7879 7880 8000
f 7879 8000 7999
f 7880 7881 8001
f 7880 8001 8000
f 7881 7882 8002
f 7881 8002 8001
f 7882 7883 8003
f 7882 8003 8002
f 7883 7884 8004
f 7883 8004 8003
f 7884 7885 8005
f 7884 8005 8004
f 7885 7886 8006
f 7885 8006 8005
f 7886 7887 8007
f 7886 8007 8006
f 7887 7888 8008
f 7887 8008 8007
f 7888 7889 8009
f 7888 8009 8008
f 7889 7890 8010
f 7889 8010 8009
f 7890 7891 8011
f 7890 8011 8010
f 7891 7892 8012
f 7891 8012 8011
f 7892 7893 8013
f 7892 8013 8012
f 7893 7894 8014
f 7893 8014 8013
f 7894 7895 8015
f 7894 8015 8014
f 7895 7896 8016
f 7895 8016 8015
f 7896 7897 8017
f 7896 8017 8016
f 7897 7898 8018
f 7897 8018 8017
f 7898 7899 8019
f 7898 8019 8018
f 7899 7900 8020
f 7899 8020 8019
f 7900 7901 8021
f 7900 8021 8020
f 7901 7902 8022
f 7901 8022 8021
f 7902 7903 8023
f 7902 8023 8022
f 7903 7904 8024
f 7903 8024 8023
f 7904 7905 8025
f 7904 8025 8024
f 7905 7906 8026
f 7905 8026 8025
f 7906 7907 8027
f 7906 8027 8026
f 7907 7908 8028
f 7907 8028 8027
f 7908 7909 8029
f 7908 8029 8028
f 7909 7910 8030
f 7909 8030 8029
f 7910 7911 8031
f 7910 8031 8030
f 7911 7912 8032
f 7911 8032 8031
f 7912 7913 8033
f 7912 8033 8032
f 7913 7914 8034
f 7913 8034 8033
f 7914 7915 8035
f 7914 8035 8034
f 7915 7916 8036
f 7915 8036 8035
f 7916 7917 8037
f 7916 8037 8036
f 7917 7918 8038
f 7917 8038 8037
f 7918 7919 8039
f 7918 8039 8038
f 7919 7920 8040
f 7919 8040 8039
f 7920 7921 8041
f 7920 8041 8040
f 7921 7802 7922
f 7921 7922 8041
f 7922 7923 8043
f 7922 8043 8042
f 7923 7924 8044
f 7923 8044 8043
f 7924 7925 8045
f 7924 8045 8044
f 7925 7926 8046
f 7925 8046 8045
f 7926 7927 8047
f 7926 8047 8046
f 7927 7928 8048
f 7927 8048 8047
f 7928 7929 8049
f 7928 8049 8048
f 7929 7930 8050
f 7929 8050 8049
f 7930 7931 8051
f 7930 8051 8050
f 7931 7932 8052
f 7931 8052 8051
f 7932 7933 8053
f 7932 8053 8052
f 7933 7934 8054
f 7933 8054 8053
f 7934 7935 8055
f 7934 8055 8054
f 7935 7936 8056
f 7935 8056 8055
f 7936 7937 8057
f 7936 8057 8056
f 7937 7938 8058
f 7937 8058 8057
f 7938 7939 8059
f 7938 8059 8058
f 7939 7940 8060
f 7939 8060 8059
f 7940 7941 8061
f 7940 8061 8060
f 7941 7942 8062
f 7941 8062 8061
f 7942 7943 8063
f 7942 8063 8062
f 7943 7944 8064
f 7943 8064 8063
f 7944 7945 8065
f 7944 8065 8064
f 7945 7946 8066
f 7945 8066 8065
f 7946 7947 8067
f 7946 8067 8066
f 7947 7948 8068
f 7947 8068 8067
f 7948 7949 8069
f 7948 8069 8068
f 7949 7950 8070
f 7949 8070 8069
f 7950 7951 8071
f 7950 8071 8070
f 7951 7952 8072
f 7951 8072 8071
f 7952 7953 8073
f 7952 8073 8072
f 7953 7954 8074
f 7953 8074 8073
f 7954 7955 8075
f 7954 8075 8074
f 7955 7956 8076
f 7955 8076 8075
f 7956 7957 8077
f 7956 8077 8076
f 7957 7958 8078
f 7957 8078 8077
f 7958 7959 8079
f 7958 8079 8078
f 7959 7960 8080
f 7959 8080 8079
f 7960 7961 8081
f 7960 8081 8080
f 7961 7962 8082
f 7961 8082 8081
f 7962 7963 8083
f 7962 8083 8082
f 7963 7964 8084
f 7963 8084 8083
f 7964 7965 8085
f 7964 8085 8084
f 7965 7966 8086
f 7965 8086 8085
f 7966 7967 8087
f 7966 8087 8086
f 7967 7968 8088
f 7967 8088 8087
f 7968 7969 8089
f 7968 8089 8088
f 7969 7970 8090
f 7969 8090 8089
f 7970 7971 8091
f 7970 8091 8090
f 7971 7972 8092
f 7971 8092 8091
f 7972 7973 8093
f 7972 8093 8092
f 7973 7974 8094
f 7973 8094 8093
f 7974 7975 8095
f 7974 8095 8094
f 7975 7976 8096
f 7975 8096 8095
f 7976 7977 8097
f 7976 8097 8096
f 7977 7978 8098
f 7977 8098 8097
f 7978 7979 8099
f 7978 8099 8098
f 7979 7980 8100
f 7979 8100 8099
f 7980 7981 8101
f 7980 8101 8100
f 7981 7982 8102
f 7981 8102 8101
f 7982 7983 8103
f 7982 8103 8102
f 7983 7984 8104
f 7983 8104 8103
f 7984 7985 8105
f 7984 8105 8104
f 7985 7986 8106
f 7985 8106 8105
f 7986 7987 8107
f 7986 8107 8106
f 7987 7988 8108
f 7987 8108 8107
f 7988 7989 8109
f 7988 8109 8108
f 7989 7990 8110
f 7989 8110 8109
f 7990 7991 8111
f 7990 8111 8110
f 7991 7992 8112
f 7991 8112 8111
f 7992 7993 8113
f 7992 8113 8112
f 7993 7994 8114
f 7993 8114 8113
f 7994 7995 8115
f 7994 8115 8114
f 7995 7996 8116
f 7995 8116 8115
f 7996 7997 8117
f 7996 8117 8116
f 7997 7998 8118
f 7997 8118 8117
f 7998 7999 8119
f 7998 8119 8118
f 7999 8000 8120
f 7999 8120 8119
f 8000 8001 8121
f 8000 8121 8120
f 8001 8002 8122
f 8001 8122 8121
f 8002 8003 8123
f 8002 8123 8122
f 8003 8004 8124
f 8003 8124 8123
f 8004 8005 8125
f 8004 8125 8124
f 8005 8006 8126
f 8005 8126 8125
f 8006 8007 8127
f 8006 8127 8126
f 8007 8008 8128
f 8007 8128 8127
f 8008 8009 8129
f 8008 8129 8128
f 8009 8010 8130
f 8009 8130 8129
f 8010 8011 8131
f 8010 8131 8130
f 8011 8012 8132
f 8011 8132 8131
f 8012 8013 8133
f 8012 8133 8132
f 8013 8014 8134
f 8013 8134 8133
f 8014 8015 8135
f 8014 8135 8134
f 8015 8016 8136
f 8015 8136 8135
f 8016 8017 8137
f 8016 8137 8136
f 8017 8018 8138
f 8017 8138 8137
f 8018 8019 8139
f 8018 8139 8138
f 8019 8020 8140
f 8019 8140 8139
f 8020 8021 8141
f 8020 8141 8140
f 8021 8022 8142
f 8021 8142 8141
f 8022 8023 8143
f 8022 8143 8142
f 8023 8024 8144
f 8023 8144 8143
f 8024 8025 8145
f 8024 8145 8144
f 8025 8026 8146
f 8025 8146 8145
f 8026 8027 8147
f 8026 8147 8146
f 8027 8028 8148
f 8027 8148 8147
f 8028 8029 8149
f 8028 8149 8148
f 8029 8030 8150
f 8029 8150 8149
f 8030 8031 8151
f 8030 8151 8150
f 8031 8032 8152
f 8031 8152 8151
f 8032 8033 8153
f 8032 8153 8152
f 8033 8034 8154
f 8033 8154 8153
f 8034 8035 8155
f 8034 8155 8154
f 8035 8036 8156
f 8035 8156 8155
f 8036 8037 8157
f 8036 8157 8156
f 8037 8038 8158
f 8037 8158 8157
f 8038 8039 8159
f 8038 8159 8158
f 8039 8040 8160
f 8039 8160 8159
f 8040 8041 8161
f 8040 8161 8160
f 8041 7922 8042
f 8041 8042 8161
f 8042 8043 8163
f 8042 8163 8162
f 8043 8044 8164
f 8043 8164 8163
f 8044 8045 8165
f 8044 8165 8164
f 8045 8046 8166
f 8045 8166 8165
f 8046 8047 8167
f 8046 8167 8166
f 8047 8048 8168
f 8047 8168 8167
f 8048 8049 8169
f 8048 8169 8168
f 8049 8050 8170
f 8049 8170 8169
f 8050 8051 8171
f 8050 8171 8170
f 8051 8052 8172
f 8051 8172 8171
f 8052 8053 8173
f 8052 8173 8172
f 8053 8054 8174
f 8053 8174 8173
f 8054 8055 8175
f 8054 8175 8174
f 8055 8056 8176
f 8055 8176 8175
f 8056 8057 8177
f 8056 8177 8176
f 8057 8058 8178
f 8057 8178 8177
f 8058 8059 8179
f 8058 8179 8178
f 8059 8060 8180
f 8059 8180 8179
f 8060 8061 8181
f 8060 8181 8180
f 8061 8062 8182
f 8061 8182 8181
f 8062 8063 8183
f 8062 8183 8182
f 8063 8064 8184
f 8063 8184 8183
f 8064 8065 8185
f 8064 8185 8184
f 8065 8066 8186
f 8065 8186 8185
f 8066 8067 8187
f 8066 8187 8186
f 8067 8068 8188
f 8067 8188 8187
f 8068 8069 8189
f 8068 8189 8188
f 8069 8070 8190
f 8069 8190 8189
f 8070 8071 8191
f 8070 8191 8190
f 8071 8072 8192
f 8071 8192 8191
f 8072 8073 8193
f 8072 8193 8192
f 8073 8074 8194
f 8073 8194 8193
f 8074 8075 8195
f 8074 8195 8194
f 8075 8076 8196
f 8075 8196 8195
f 8076 8077 8197
f 8076 8197 8196
f 8077 8078 8198
f 8077 8198 8197
f 8078 8079 8199
f 8078 8199 8198
f 8079 8080 8200
f 8079 8200 8199
f 8080 8081 8201
f 8080 8201 8200
f 8081 8082 8202
f 8081 8202 8201
f 8082 8083 8203
f 8082 8203 8202
f 8083 8084 8204
f 8083 8204 8203
f 8084 8085 8205
f 8084 8205 8204
f 8085 8086 8206
f 8085 8206 8205
f 8086 8087 8207
f 8086 8207 8206
f 8087 8088 8208
f 8087 8208 8207
f 8088 8089 8209
f 8088 8209 8208
f 8089 8090 8210
f 8089 8210 8209
f 8090 8091 8211
f 8090 8211 8210
f 8091 8092 8212
f 8091 8212 8211
f 8092 8093 8213
f 8092 8213 8212
f 8093 8094 8214
f 8093 8214 8213
f 8094 8095 8215
f 8094 8215 8214
f 8095 8096 8216
f 8095 8216 8215
f 8096 8097 8217
f 8096 8217 8216
f 8097 8098 8218
f 8097 8218 8217
f 8098 8099 8219
f 8098 8219 8218
f 8099 8100 8220
f 8099 8220 8219
f 8100 8101 8221
f 8100 8221 8220
f 8101 8102 8222
f 8101 8222 8221
f 8102 8103 8223
f 8102 8223 8222
f 8103 8104 8224
f 8103 8224 8223
f 8104 8105 8225
f 8104 8225 8224
f 8105 8106 8226
f 8105 8226 8225
f 8106 8107 8227
f 8106 8227 8226
f 8107 8108 8228
f 8107 8228 8227
f 8108 8109 8229
f 8108 8229 8228
f 8109 8110 8230
f 8109 8230 8229
f 8110 8111 8231
f 8110 8231 8230
f 8111 8112 8232
f 8111 8232 8231
f 8112 8113 8233
f 8112 8233 8232
f 8113 8114 8234
f 8113 8234 8233
f 8114 8115 8235
f 8114 8235 8234
f 8115 8116 8236
f 8115 8236 8235
f 8116 8117 8237
f 8116 8237 8236
f 8117 8118 8238
f 8117 8238 8237
f 8118 8119 8239
f 8118 8239 8238
f 8119 8120 8240
f 8119 8240 8239
f 8120 8121 8241
f 8120 8241 8240
f 8121 8122 8242
f 8121 8242 8241
f 8122 8123 8243
f 8122 8243 8242
f 8123 8124 8244
f 8123 8244 8243
f 8124 8125 8245
f 8124 8245 8244
f 8125 8126 8246
f 8125 8246 8245
f 8126 8127 8247
f 8126 8247 8246
f 8127 8128 8248
f 8127 8248 8247
f 8128 8129 8249
f 8128 8249 8248
f 8129 8130 8250
f 8129 8250 8249
f 8130 8131 8251
f 8130 8251 8250
f 8131 8132 8252
f 8131 8252 8251
f 8132 8133 8253
f 8132 8253 8252
f 8133 8134 8254
f 8133 8254 8253
f 8134 8135 8255
f 8134 8255 8254
f 8135 8136 8256
f 8135 8256 8255
f 8136 8137 8257
f 8136 8257 8256
f 8137 8138 8258
f 8137 8258 8257
f 8138 8139 8259
f 8138 8259 8258
f 8139 8140 8260
f 8139 8260 8259
f 8140 8141 8261
f 8140 8261 8260
f 8141 8142 8262
f 8141 8262 8261
f 8142 8143 8263
f 8142 8263 8262
f 8143 8144 8264
f 8143 8264 8263
f 8144 8145 8265
f 8144 8265 8264
f 8145 8146 8266
f 8145 8266 8265
f 8146 8147 8267
f 8146 8267 8266
f 8147 8148 8268
f 8147 8268 8267
f 8148 8149 8269
f 8148 8269 8268
f 8149 8150 8270
f 8149 8270 8269
f 8150 8151 8271
f 8150 8271 8270
f 8151 8152 8272
f 8151 8272 8271
f 8152 8153 8273
f 8152 8273 8272
f 8153 8154 8274
f 8153 8274 8273
f 8154 8155 8275
f 8154 8275 8274
f 8155 8156 8276
f 8155 8276 8275
f 8156 8157 8277
f 8156 8277 8276
f 8157 8158 8278
f 8157 8278 8277
f 8158 8159 8279
f 8158 8279 8278
f 8159 8160 8280
f 8159 8280 8279
f 8160 8161 8281
f 8160 8281 8280
f 8161 8042 8162
f 8161 8162 8281
f 8162 8163 8283
f 8162 8283 8282
f 8163 8164 8284
f 8163 8284 8283
f 8164 8165 8285
f 8164 8285 8284
f 8165 8166 8286
f 8165 8286 8285
f 8166 8167 8287
f 8166 8287 8286
f 8167 8168 8288
f 8167 8288 8287
f 8168 8169 8289
f 8168 8289 8288
f 8169 8170 8290
f 8169 8290 8289
f 8170 8171 8291
f 8170 8291 8290
f 8171 8172 8292
f 8171 8292 8291
f 8172 8173 8293
f 8172 8293 8292
f 8173 8174 8294
f 8173 8294 8293
f 8174 8175 8295
f 8174 8295 8294
f 8175 8176 8296
f 8175 8296 8295
f 8176 8177 8297
f 8176 8297 8296
f 8177 8178 8298
f 8177 8298 8297
f 8178 8179 8299
f 8178 8299 8298
f 8179 8180 8300
f 8179 8300 8299
f 8180 8181 8301
f 8180 8301 8300
f 8181 8182 8302
f 8181 8302 8301
f 8182 8183 8303
f 8182 8303 8302
f 8183 8184 8304
f 8183 8304 8303
f 8184 8185 8305
f 8184 8305 8304
f 8185 8186 8306
f 8185 8306 8305
f 8186 8187 8307
f 8186 8307 8306
f 8187 8188 8308
f 8187 8308 8307
f 8188 8189 8309
f 8188 8309 8308
f 8189 8190 8310
f 8189 8310 8309
f 8190 8191 8311
f 8190 8311 8310
f 8191 8192 8312
f 8191 8312 8311
f 8192 8193 8313
f 8192 8313 8312
f 8193 8194 8314
f 8193 8314 8313
f 8194 8195 8315
f 8194 8315 8314
f 8195 8196 8316
f 8195 8316 8315
f 8196 8197 8317
f 8196 8317 8316
f 8197 8198 8318
f 8197 8318 8317
f 8198 8199 8319
f 8198 8319 8318
f 8199 8200 8320
f 8199 8320 8319
f 8200 8201 8321
f 8200 8321 8320
f 8201 8202 8322
f 8201 8322 8321
f 8202 8203 8323
f 8202 8323 8322
f 8203 8204 8324
f 8203 8324 8323
f 8204 8205 8325
f 8204 8325 8324
f 8205 8206 8326
f 8205 8326 8325
f 8206 8207 8327
f 8206 8327 8326
f 8207 8208 8328
f 8207 8328 8327
f 8208 8209 8329
f 8208 8329 8328
f 8209 8210 8330
f 8209 8330 8329
f 8210 8211 8331
f 8210 8331 8330
f 8211 8212 8332
f 8211 8332 8331
f 8212 8213 8333
f 8212 8333 8332
f 8213 8214 8334
f 8213 8334 8333
f 8214 8215 8335
f 8214 8335 8334
f 8215 8216 8336
f 8215 8336 8335
f 8216 8217 8337
f 8216 8337 8336
f 8217 8218 8338
f 8217 8338 8337
f 8218 8219 8339
f 8218 8339 8338
f 8219 8220 8340
f 8219 8340 8339
f 8220 8221 8341
f 8220 8341 8340
f 8221 8222 8342
f 8221 8342 8341
f 8222 8223 8343
f 8222 8343 8342
f 8223 8224 8344
f 8223 8344 8343
f 8224 8225 8345
f 8224 8345 8344
f 8225 8226 8346
f 8225 8346 8345
f 8226 8227 8347
f 8226 8347 8346
f 8227 8228 8348
f 8227 8348 8347
f 8228 8229 8349
f 8228 8349 8348
f 8229 8230 8350
f 8229 8350 8349
f 8230 8231 8351
f 8230 8351 8350
f 8231 8232 8352
f 8231 8352 8351
f 8232 8233 8353
f 8232 8353 8352
f 8233 8234 8354
f 8233 8354 8353
f 8234 8235 8355
f 8234 8355 8354
f 8235 8236 8356
f 8235 8356 8355
f 8236 8237 8357
f 8236 8357 8356
f 8237 8238 8358
f 8237 8358 8357
f 8238 8239 8359
f 8238 8359 8358
f 8239 8240 8360
f 8239 8360 8359
f 8240 8241 8361
f 8240 8361 8360
f 8241 8242 8362
f 8241 8362 8361
f 8242 8243 8363
f 8242 8363 8362
f 8243 8244 8364
f 8243 8364 8363
f 8244 8245 8365
f 8244 8365 8364
f 8245 8246 8366
f 8245 8366 8365
f 8246 8247 8367
f 8246 8367 8366
f 8247 8248 8368
f 8247 8368 8367
f 8248 8249 8369
f 8248 8369 8368
f 8249 8250 8370
f 8249 8370 8369
f 8250 8251 8371
f 8250 8371 8370
f 8251 8252 8372
f 8251 8372 8371
f 8252 8253 8373
f 8252 8373 8372
f 8253 8254 8374
f 8253 8374 8373
f 8254 8255 8375
f 8254 8375 8374
f 8255 8256 8376
f 8255 8376 8375
f 8256 8257 8377
f 8256 8377 8376
f 8257 8258 8378
f 8257 8378 8377
f 8258 8259 8379
f 8258 8379 8378
f 8259 8260 8380
f 8259 8380 8379
f 8260 8261 8381
f 8260 8381 8380
f 8261 8262 8382
f 8261 8382 8381
f 8262 8263 8383
f 8262 8383 8382
f 8263 8264 8384
f 8263 8384 8383
f 8264 8265 8385
f 8264 8385 8384
f 8265 8266 8386
f 8265 8386 8385
f 8266 8267 8387
f 8266 8387 8386
f 8267 8268 8388
f 8267 8388 8387
f 8268 8269 8389
f 8268 8389 8388
f 8269 8270 8390
f 8269 8390 8389
f 8270 8271 8391
f 8270 8391 8390
f 8271 8272 8392
f 8271 8392 8391
f 8272 8273 8393
f 8272 8393 8392
f 8273 8274 8394
f 8273 8394 8393
f 8274 8275 8395
f 8274 8395 8394
f 8275 8276 8396
f 8275 8396 8395
f 8276 8277 8397
f 8276 8397 8396
f 8277 8278 8398
f 8277 8398 8397
f 8278 8279 8399
f 8278 8399 8398
f 8279 8280 8400
f 8279 8400 8399
f 8280 8281 8401
f 8280 8401 8400
f 8281 8162 8282
f 8281 8282 8401
f 8282 8283 8403
f 8282 8403 8402
f 8283 8284 8404
f 8283 8404 8403
f 8284 8285 8405
f 8284 8405 8404
f 8285 8286 8406
f 8285 8406 8405
f 8286 8287 8407
f 8286 8407 8406
f 8287 8288 8408
f 8287 8408 8407
f 8288 8289 8409
f 8288 8409 8408
f 8289 8290 8410
f 8289 8410 8409
f 8290 8291 8411
f 8290 8411 8410
f 8291 8292 8412
f 8291 8412 8411
f 8292 8293 8413
f 8292 8413 8412
f 8293 8294 8414
f 8293 8414 8413
f 8294 8295 8415
f 8294 8415 8414
f 8295 8296 8416
f 8295 8416 8415
f 8296 8297 8417
f 8296 8417 8416
f 8297 8298 8418
f 8297 8418 8417
f 8298 8299 8419
f 8298 8419 8418
f 8299 8300 8420
f 8299 8420 8419
f 8300 8301 8421
f 8300 8421 8420
f 8301 8302 8422
f 8301 8422 8421
f 8302 8303 8423
f 8302 8423 8422
f 8303 8304 8424
f 8303 8424 8423
f 8304 8305 8425
f 8304 8425 8424
f 8305 8306 8426
f 8305 8426 8425
f 8306 8307 8427
f 8306 8427 8426
f 8307 8308 8428
f 8307 8428 8427
f 8308 8309 8429
f 8308 8429 8428
f 8309 8310 8430
f 8309 8430 8429
f 8310 8311 8431
f 8310 8431 8430
f 8311 8312 8432
f 8311 8432 8431
f 8312 8313 8433
f 8312 8433 8432
f 8313 8314 8434
f 8313 8434 8433
f 8314 8315 8435
f 8314 8435 8434
f 8315 8316 8436
f 8315 8436 8435
f 8316 8317 8437
f 8316 8437 8436
f 8317 8318 8438
f 8317 8438 8437
f 8318 8319 8439
f 8318 8439 8438
f 8319 8320 8440
f 8319 8440 8439
f 8320 8321 8441
f 8320 8441 8440
f 8321 8322 8442
f 8321 8442 8441
f 8322 8323 8443
f 8322 8443 8442
f 8323 8324 8444
f 8323 8444 8443
f 8324 8325 8445
f 8324 8445 8444
f 8325 8326 8446
f 8325 8446 8445
f 8326 8327 8447
f 8326 8447 8446
f 8327 8328 8448
f 8327 8448 8447
f 8328 8329 8449
f 8328 8449 8448
f 8329 8330 8450
f 8329 8450 8449
f 8330 8331 8451
f 8330 8451 8450
f 8331 8332 8452
f 8331 8452 8451
f 8332 8333 8453
f 8332 8453 8452
f 8333 8334 8454
f 8333 8454 8453
f 8334 8335 8455
f 8334 8455 8454
f 8335 8336 8456
f 8335 8456 8455
f 8336 8337 8457
f 8336 8457 8456
f 8337 8338 8458
f 8337 8458 8457
f 8338 8339 8459
f 8338 8459 8458
f 8339 8340 8460
f 8339 8460 8459
f 8340 8341 8461
f 8340 8461 8460
f 8341 8342 8462
f 8341 8462 8461
f 8342 8343 8463
f 8342 8463 8462
f 8343 8344 8464
f 8343 8464 8463
f 8344 8345 8465
f 8344 8465 8464
f 8345 8346 8466
f 8345 8466 8465
f 8346 8347 8467
f 8346 8467 8466
f 8347 8348 8468
f 8347 8468 8467
f 8348 8349 8469
f 8348 8469 8468
f 8349 8350 8470
f 8349 8470 8469
f 8350 8351 8471
f 8350 8471 8470
f 8351 8352 8472
f 8351 8472 8471
f 8352 8353 8473
f 8352 8473 8472
f 8353 8354 8474
f 8353 8474 8473
f 8354 8355 8475
f 8354 8475 8474
f 8355 8356 8476
f 8355 8476 8475
f 8356 8357 8477
f 8356 8477 8476
f 8357 8358 8478
f 8357 8478 8477
f 8358 8359 8479
f 8358 8479 8478
f 8359 8360 8480
f 8359 8480 8479
f 8360 8361 8481
f 8360 8481 8480
f 8361 8362 8482
f 8361 8482 8481
f 8362 8363 8483
f 8362 8483 8482
f 8363 8364 8484
f 8363 8484 8483
f 8364 8365 8485
f 8364 8485 8484
f 8365 8366 8486
f 8365 8486 8485
f 8366 8367 8487
f 8366 8487 8486
f 8367 8368 8488
f 8367 8488 8487
f 8368 8369 8489
f 8368 8489 8488
f 8369 8370 8490
f 8369 8490 8489
f 8370 8371 8491
f 8370 8491 8490
f 8371 8372 8492
f 8371 8492 8491
f 8372 8373 8493
f 8372 8493 8492
f 8373 8374 8494
f 8373 8494 8493
f 8374 8375 8495
f 8374 8495 8494
f 8375 8376 8496
f 8375 8496 8495
f 8376 8377 8497
f 8376 8497 8496
f 8377 8378 8498
f 8377 8498 8497
f 8378 8379 8499
f 8378 8499 8498
f 8379 8380 8500
f 8379 8500 8499
f 8380 8381 8501
f 8380 8501 8500
f 8381 8382 8502
f 8381 8502 8501
f 8382 8383 8503
f 8382 8503 8502
f 8383 8384 8504
f 8383 8504 8503
f 8384 8385 8505
f 8384 8505 8504
f 8385 8386 8506
f 8385 8506 8505
f 8386 8387 8507
f 8386 8507 8506
f 8387 8388 8508
f 8387 8508 8507
f 8388 8389 8509
f 8388 8509 8508
f 8389 8390 8510
f 8389 8510 8509
f 8390 8391 8511
f 8390 8511 8510
f 8391 8392 8512
f 8391 8512 8511
f 8392 8393 8513
f 8392 8513 8512
f 8393 8394 8514
f 8393 8514 8513
f 8394 8395 8515
f 8394 8515 8514
f 8395 8396 8516
f 8395 8516 8515
f 8396 8397 8517
f 8396 8517 8516
f 8397 8398 8518
f 8397 8518 8517
f 8398 8399 8519
f 8398 8519 8518
f 8399 8400 8520
f 8399 8520 8519
f 8400 8401 8521
f 8400 8521 8520
f 8401 8282 8402
f 8401 8402 8521
f 8402 8403 8523
f 8402 8523 8522
f 8403 8404 8524
f 8403 8524 8523
f 8404 8405 8525
f 8404 8525 8524
f 8405 8406 8526
f 8405 8526 8525
f 8406 8407 8527
f 8406 8527 8526
f 8407 8408 8528
f 8407 8528 8527
f 8408 8409 8529
f 8408 8529 8528
f 8409 8410 8530
f 8409 8530 8529
f 8410 8411 8531
f 8410 8531 8530
f 8411 8412 8532
f 8411 8532 8531
f 8412 8413 8533
f 8412 8533 8532
f 8413 8414 8534
f 8413 8534 8533
f 8414 8415 8535
f 8414 8535 8534
f 8415 8416 8536
f 8415 8536 8535
f 8416 8417 8537
f 8416 8537 8536
f 8417 8418 8538
f 8417 8538 8537
f 8418 8419 8539
f 8418 8539 8538
f 8419 8420 8540
f 8419 8540 8539
f 8420 8421 8541
f 8420 8541 8540
f 8421 8422 8542
f 8421 8542 8541
f 8422 8423 8543
f 8422 8543 8542
f 8423 8424 8544
f 8423 8544 8543
f 8424 8425 8545
f 8424 8545 8544
f 8425 8426 8546
f 8425 8546 8545
f 8426 8427 8547
f 8426 8547 8546
f 8427 8428 8548
f 8427 8548 8547
f 8428 8429 8549
f 8428 8549 8548
f 8429 8430 8550
f 8429 8550 8549
f 8430 8431 8551
f 8430 8551 8550
f 8431 8432 8552
f 8431 8552 8551
f 8432 8433 8553
f 8432 8553 8552
f 8433 8434 8554
f 8433 8554 8553
f 8434 8435 8555
f 8434 8555 8554
f 8435 8436 8556
f 8435 8556 8555
f 8436 8437 8557
f 8436 8557 8556
f 8437 8438 8558
f 8437 8558 8557
f 8438 8439 8559
f 8438 8559 8558
f 8439 8440 8560
f 8439 8560 8559
f 8440 8441 8561
f 8440 8561 8560
f 8441 8442 8562
f 8441 8562 8561
f 8442 8443 8563
f 8442 8563 8562
f 8443 8444 8564
f 8443 8564 8563
f 8444 8445 8565
f 8444 8565 8564
f 8445 8446 8566
f 8445 8566 8565
f 8446 8447 8567
f 8446 8567 8566
f 8447 8448 8568
f 8447 8568 8567
f 8448 8449 8569
f 8448 8569 8568
f 8449 8450 8570
f 8449 8570 8569
f 8450 8451 8571
f 8450 8571 8570
f 8451 8452 8572
f 8451 8572 8571
f 8452 8453 8573
f 8452 8573 8572
f 8453 8454 8574
f 8453 8574 8573
f 8454 8455 8575
f 8454 8575 8574
f 8455 8456 8576
f 8455 8576 8575
f 8456 8457 8577
f 8456 8577 8576
f 8457 8458 8578
f 8457 8578 8577
f 8458 8459 8579
f 8458 8579 8578
f 8459 8460 8580
f 8459 8580 8579
f 8460 8461 8581
f 8460 8581 8580
f 8461 8462 8582
f 8461 8582 8581
f 8462 8463 8583
f 8462 8583 8582
f 8463 8464 8584
f 8463 8584 8583
f 8464 8465 8585
f 8464 8585 8584
f 8465 8466 8586
f 8465 8586 8585
f 8466 8467 8587
f 8466 8587 8586
f 8467 8468 8588
f 8467 8588 8587
f 8468 8469 8589
f 8468 8589 8588
f 8469 8470 8590
f 8469 8590 8589
f 8470 8471 8591
f 8470 8591 8590
f 8471 8472 8592
f 8471 8592 8591
f 8472 8473 8593
f 8472 8593 8592
f 8473 8474 8594
f 8473 8594 8593
f 8474 8475 8595
f 8474 8595 8594
f 8475 8476 8596
f 8475 8596 8595
f 8476 8477 8597
f 8476 8597 8596
f 8477 8478 8598
f 8477 8598 8597
f 8478 8479 8599
f 8478 8599 8598
f 8479 8480 8600
f 8479 8600 8599
f 8480 8481 8601
f 8480 8601 8600
f 8481 8482 8602
f 8481 8602 8601
f 8482 8483 8603
f 8482 8603 8602
f 8483 8484 8604
f 8483 8604 8603
f 8484 8485 8605
f 8484 8605 8604
f 8485 8486 8606
f 8485 8606 8605
f 8486 8487 8607
f 8486 8607 8606
f 8487 8488 8608
f 8487 8608 8607
f 8488 8489 8609
f 8488 8609 8608
f 8489 8490 8610
f 8489 8610 8609
f 8490 8491 8611
f 8490 8611 8610
f 8491 8492 8612
f 8491 8612 8611
f 8492 8493 8613
f 8492 8613 8612
f 8493 8494 8614
f 8493 8614 8613
f 8494 8495 8615
f 8494 8615 8614
f 8495 8496 8616
f 8495 8616 8615
f 8496 8497 8617
f 8496 8617 8616
f 8497 8498 8618
f 8497 8618 8617
f 8498 8499 8619
f 8498 8619 8618
f 8499 8500 8620
f 8499 8620 8619
f 8500 8501 8621
f 8500 8621 8620
f 8501 8502 8622
f 8501 8622 8621
f 8502 8503 8623
f 8502 8623 8622
f 8503 8504 8624
f 8503 8624 8623
f 8504 8505 8625
f 8504 8625 8624
f 8505 8506 8626
f 8505 8626 8625
f 8506 8507 8627
f 8506 8627 8626
f 8507 8508 8628
f 8507 8628 8627
f 8508 8509 8629
f 8508 8629 8628
f 8509 8510 8630
f 8509 8630 8629
f 8510 8511 8631
f 8510 8631 8630
f 8511 8512 8632
f 8511 8632 8631
f 8512 8513 8633
f 8512 8633 8632
f 8513 8514 8634
f 8513 8634 8633
f 8514 8515 8635
f 8514 8635 8634
f 8515 8516 8636
f 8515 8636 8635
f 8516 8517 8637
f 8516 8637 8636
f 8517 8518 8638
f 8517 8638 8637
f 8518 8519 8639
f 8518 8639 8638
f 8519 8520 8640
f 8519 8640 8639
f 8520 8521 8641
f 8520 8641 8640
f 8521 8402 8522
f 8521 8522 8641
f 8522 8523 8643
f 8522 8643 8642
f 8523 8524 8644
f 8523 8644 8643
f 8524 8525 8645
f 8524 8645 8644
f 8525 8526 8646
f 8525 8646 8645
f 8526 8527 8647
f 8526 8647 8646
f 8527 8528 8648
f 8527 8648 8647
f 8528 8529 8649
f 8528 8649 8648
f 8529 8530 8650
f 8529 8650 8649
f 8530 8531 8651
f 8530 8651 8650
f 8531 8532 8652
f 8531 8652 8651
f 8532 8533 8653
f 8532 8653 8652
f 8533 8534 8654
f 8533 8654 8653
f 8534 8535 8655
f 8534 8655 8654
f 8535 8536 8656
f 8535 8656 8655
f 8536 8537 8657
f 8536 8657 8656
f 8537 8538 8658
f 8537 8658 8657
f 8538 8539 8659
f 8538 8659 8658
f 8539 8540 8660
f 8539 8660 8659
f 8540 8541 8661
f 8540 8661 8660
f 8541 8542 8662
f 8541 8662 8661
f 8542 8543 8663
f 8542 8663 8662
f 8543 8544 8664
f 8543 8664 8663
f 8544 8545 8665
f 8544 8665 8664
f 8545 8546 8666
f 8545 8666 8665
f 8546 8547 8667
f 8546 8667 8666
f 8547 8548 8668
f 8547 8668 8667
f 8548 8549 8669
f 8548 8669 8668
f 8549 8550 8670
f 8549 8670 8669
f 8550 8551 8671
f 8550 8671 8670
f 8551 8552 8672
f 8551 8672 8671
f 8552 8553 8673
f 8552 8673 8672
f 8553 8554 8674
f 8553 8674 8673
f 8554 8555 8675
f 8554 8675 8674
f 8555 8556 8676
f 8555 8676 8675
f 8556 8557 8677
f 8556 8677 8676
f 8557 8558 8678
f 8557 8678 8677
f 8558 8559 8679
f 8558 8679 8678
f 8559 8560 8680
f 8559 8680 8679
f 8560 8561 8681
f 8560 8681 8680
f 8561 8562 8682
f 8561 8682 8681
f 8562 8563 8683
f 8562 8683 8682
f 8563 8564 8684
f 8563 8684 8683
f 8564 8565 8685
f 8564 8685 8684
f 8565 8566 8686
f 8565 8686 8685
f 8566 8567 8687
f 8566 8687 8686
f 8567 8568 8688
f 8567 8688 8687
f 8568 8569 8689
f 8568 8689 8688
f 8569 8570 8690
f 8569 8690 8689
f 8570 8571 8691
f 8570 8691 8690
f 8571 8572 8692
f 8571 8692 8691
f 8572 8573 8693
f 8572 8693 8692
f 8573 8574 8694
f 8573 8694 8693
f 8574 8575 8695
f 8574 8695 8694
f 8575 8576 8696
f 8575 8696 8695
f 8576 8577 8697
f 8576 8697 8696
f 8577 8578 8698
f 8577 8698 8697
f 8578 8579 8699
f 8578 8699 8698
f 8579 8580 8700
f 8579 8700 8699
f 8580 8581 8701
f 8580 8701 8700
f 8581 8582 8702
f 8581 8702 8701
f 8582 8583 8703
f 8582 8703 8702
f 8583 8584 8704
f 8583 8704 8703
f 8584 8585 8705
f 8584 8705 8704
f 8585 8586 8706
f 8585 8706 8705
f 8586 8587 8707
f 8586 8707 8706
f 8587 8588 8708
f 8587 8708 8707
f 8588 8589 8709
f 8588 8709 8708
f 8589 8590 8710
f 8589 8710 8709
f 8590 8591 8711
f 8590 8711 8710
f 8591 8592 8712
f 8591 8712 8711
f 8592 8593 8713
f 8592 8713 8712
f 8593 8594 8714
f 8593 8714 8713
f 8594 8595 8715
f 8594 8715 8714
f 8595 8596 8716
f 8595 8716 8715
f 8596 8597 8717
f 8596 8717 8716
f 8597 8598 8718
f 8597 8718 8717
f 8598 8599 8719
f 8598 8719 8718
f 8599 8600 8720
f 8599 8720 8719
f 8600 8601 8721
f 8600 8721 8720
f 8601 8602 8722
f 8601 8722 8721
f 8602 8603 8723
f 8602 8723 8722
f 8603 8604 8724
f 8603 8724 8723
f 8604 8605 8725
f 8604 8725 8724
f 8605 8606 8726
f 8605 8726 8725
f 8606 8607 8727
f 8606 8727 8726
f 8607 8608 8728
f 8607 8728 8727
f 8608 8609 8729
f 8608 8729 8728
f 8609 8610 8730
f 8609 8730 8729
f 8610 8611 8731
f 8610 8731 8730
f 8611 8612 8732
f 8611 8732 8731
f 8612 8613 8733
f 8612 8733 8732
f 8613 8614 8734
f 8613 8734 8733
f 8614 8615 8735
f 8614 8735 8734
f 8615 8616 8736
f 8615 8736 8735
f 8616 8617 8737
f 8616 8737 8736
f 8617 8618 8738
f 8617 8738 8737
f 8618 8619 8739
f 8618 8739 8738
f 8619 8620 8740
f 8619 8740 8739
f 8620 8621 8741
f 8620 8741 8740
f 8621 8622 8742
f 8621 8742 8741
f 8622 8623 8743
f 8622 8743 8742
f 8623 8624 8744
f 8623 8744 8743
f 8624 8625 8745
f 8624 8745 8744
f 8625 8626 8746
f 8625 8746 8745
f 8626 8627 8747
f 8626 8747 8746
f 8627 8628 8748
f 8627 8748 8747
f 8628 8629 8749
f 8628 8749 8748
f 8629 8630 8750
f 8629 8750 8749
f 8630 8631 8751
f 8630 8751 8750
f 8631 8632 8752
f 8631 8752 8751
f 8632 8633 8753
f 8632 8753 8752
f 8633 8634 8754
f 8633 8754 8753
f 8634 8635 8755
f 8634 8755 8754
f 8635 8636 8756
f 8635 8756 8755
f 8636 8637 8757
f 8636 8757 8756
f 8637 8638 8758
f 8637 8758 8757
f 8638 8639 8759
f 8638 8759 8758
f 8639 8640 8760
f 8639 8760 8759
f 8640 8641 8761
f 8640 8761 8760
f 8641 8522 8642
f 8641 8642 8761
f 8642 8643 8763
f 8642 8763 8762
f 8643 8644 8764
f 8643 8764 8763
f 8644 8645 8765
f 8644 8765 8764
f 8645 8646 8766
f 8645 8766 8765
f 8646 8647 8767
f 8646 8767 8766
f 8647 8648 8768
f 8647 8768 8767
f 8648 8649 8769
f 8648 8769 8768
f 8649 8650 8770
f 8649 8770 8769
f 8650 8651 8771
f 8650 8771 8770
f 8651 8652 8772
f 8651 8772 8771
f 8652 8653 8773
f 8652 8773 8772
f 8653 8654 8774
f 8653 8774 8773
f 8654 8655 8775
f 8654 8775 8774
f 8655 8656 8776
f 8655 8776 8775
f 8656 8657 8777
f 8656 8777 8776
f 8657 8658 8778
f 8657 8778 8777
f 8658 8659 8779
f 8658 8779 8778
f 8659 8660 8780
f 8659 8780 8779
f 8660 8661 8781
f 8660 8781 8780
f 8661 8662 8782
f 8661 8782 8781
f 8662 8663 8783
f 8662 8783 8782
f 8663 8664 8784
f 8663 8784 8783
f 8664 8665 8785
f 8664 8785 8784
f 8665 8666 8786
f 8665 8786 8785
f 8666 8667 8787
f 8666 8787 8786
f 8667 8668 8788
f 8667 8788 8787
f 8668 8669 8789
f 8668 8789 8788
f 8669 8670 8790
f 8669 8790 8789
f 8670 8671 8791
f 8670 8791 8790
f 8671 8672 8792
f 8671 8792 8791
f 8672 8673 8793
f 8672 8793 8792
f 8673 8674 8794
f 8673 8794 8793
f 8674 8675 8795
f 8674 8795 8794
f 8675 8676 8796
f 8675 8796 8795
f 8676 8677 8797
f 8676 8797 8796
f 8677 8678 8798
f 8677 8798 8797
f 8678 8679 8799
f 8678 8799 8798
f 8679 8680 8800
f 8679 8800 8799
f 8680 8681 8801
f 8680 8801 8800
f 8681 8682 8802
f 8681 8802 8801
f 8682 8683 8803
f 8682 8803 8802
f 8683 8684 8804
f 8683 8804 8803
f 8684 8685 8805
f 8684 8805 8804
f 8685 8686 8806
f 8685 8806 8805
f 8686 8687 8807
f 8686 8807 8806
f 8687 8688 8808
f 8687 8808 8807
f 8688 8689 8809
f 8688 8809 8808
f 8689 8690 8810
f 8689 8810 8809
f 8690 8691 8811
f 8690 8811 8810
f 8691 8692 8812
f 8691 8812 8811
f 8692 8693 8813
f 8692 8813 8812
f 8693 8694 8814
f 8693 8814 8813
f 8694 8695 8815
f 8694 8815 8814
f 8695 8696 8816
f 8695 8816 8815
f 8696 8697 8817
f 8696 8817 8816
f 8697 8698 8818
f 8697 8818 8817
f 8698 8699 8819
f 8698 8819 8818
f 8699 8700 8820
f 8699 8820 8819
f 8700 8701 8821
f 8700 8821 8820
f 8701 8702 8822
f 8701 8822 8821
f 8702 8703 8823
f 8702 8823 8822
f 8703 8704 8824
f 8703 8824 8823
f 8704 8705 8825
f 8704 8825 8824
f 8705 8706 8826
f 8705 8826 8825
f 8706 8707 8827
f 8706 8827 8826
f 8707 8708 8828
f 8707 8828 8827
f 8708 8709 8829
f 8708 8829 8828
f 8709 8710 8830
f 8709 8830 8829
f 8710 8711 8831
f 8710 8831 8830
f 8711 8712 8832
f 8711 8832 8831
f 8712 8713 8833
f 8712 8833 8832
f 8713 8714 8834
f 8713 8834 8833
f 8714 8715 8835
f 8714 8835 8834
f 8715 8716 8836
f 8715 8836 8835
f 8716 8717 8837
f 8716 8837 8836
f 8717 8718 8838
f 8717 8838 8837
f 8718 8719 8839
f 8718 8839 8838
f 8719 8720 8840
f 8719 8840 8839
f 8720 8721 8841
f 8720 8841 8840
f 8721 8722 8842
f 8721 8842 8841
f 8722 8723 8843
f 8722 8843 8842
f 8723 8724 8844
f 8723 8844 8843
f 8724 8725 8845
f 8724 8845 8844
f 8725 8726 8846
f 8725 8846 8845
f 8726 8727 8847
f 8726 8847 8846
f 8727 8728 8848
f 8727 8848 8847
f 8728 8729 8849
f 8728 8849 8848
f 8729 8730 8850
f 8729 8850 8849
f 8730 8731 8851
f 8730 8851 8850
f 8731 8732 8852
f 8731 8852 8851
f 8732 8733 8853
f 8732 8853 8852
f 8733 8734 8854
f 8733 8854 8853
f 8734 8735 8855
f 8734 8855 8854
f 8735 8736 8856
f 8735 8856 8855
f 8736 8737 8857
f 8736 8857 8856
f 8737 8738 8858
f 8737 8858 8857
f 8738 8739 8859
f 8738 8859 8858
f 8739 8740 8860
f 8739 8860 8859
f 8740 8741 8861
f 8740 8861 8860
f 8741 8742 8862
f 8741 8862 8861
f 8742 8743 8863
f 8742 8863 8862
f 8743 8744 8864
f 8743 8864 8863
f 8744 8745 8865
f 8744 8865 8864
f 8745 8746 8866
f 8745 8866 8865
f 8746 8747 8867
f 8746 8867 8866
f 8747 8748 8868
f 8747 8868 8867
f 8748 8749 8869
f 8748 8869 8868
f 8749 8750 8870
f 8749 8870 8869
f 8750 8751 8871
f 8750 8871 8870
f 8751 8752 8872
f 8751 8872 8871
f 8752 8753 8873
f 8752 8873 8872
f 8753 8754 8874
f 8753 8874 8873
f 8754 8755 8875
f 8754 8875 8874
f 8755 8756 8876
f 8755 8876 8875
f 8756 8757 8877
f 8756 8877 8876
f 8757 8758 8878
f 8757 8878 8877
f 8758 8759 8879
f 8758 8879 8878
f 8759 8760 8880
f 8759 8880 8879
f 8760 8761 8881
f 8760 8881 8880
f 8761 8642 8762
f 8761 8762 8881
f 8762 8763 8883
f 8762 8883 8882
f 8763 8764 8884
f 8763 8884 8883
f 8764 8765 8885
f 8764 8885 8884
f 8765 8766 8886
f 8765 8886 8885
f 8766 8767 8887
f 8766 8887 8886
f 8767 8768 8888
f 8767 8888 8887
f 8768 8769 8889
f 8768 8889 8888
f 8769 8770 8890
f 8769 8890 8889
f 8770 8771 8891
f 8770 8891 8890
f 8771 8772 8892
f 8771 8892 8891
f 8772 8773 8893
f 8772 8893 8892
f 8773 8774 8894
f 8773 8894 8893
f 8774 8775 8895
f 8774 8895 8894
f 8775 8776 8896
f 8775 8896 8895
f 8776 8777 8897
f 8776 8897 8896
f 8777 8778 8898
f 8777 8898 8897
f 8778 8779 8899
f 8778 8899 8898
f 8779 8780 8900
f 8779 8900 8899
f 8780 8781 8901
f 8780 8901 8900
f 8781 8782 8902
f 8781 8902 8901
f 8782 8783 8903
f 8782 8903 8902
f 8783 8784 8904
f 8783 8904 8903
f 8784 8785 8905
f 8784 8905 8904
f 8785 8786 8906
f 8785 8906 8905
f 8786 8787 8907
f 8786 8907 8906
f 8787 8788 8908
f 8787 8908 8907
f 8788 8789 8909
f 8788 8909 8908
f 8789 8790 8910
f 8789 8910 8909
f 8790 8791 8911
f 8790 8911 8910
f 8791 8792 8912
f 8791 8912 8911
f 8792 8793 8913
f 8792 8913 8912
f 8793 8794 8914
f 8793 8914 8913
f 8794 8795 8915
f 8794 8915 8914
f 8795 8796 8916
f 8795 8916 8915
f 8796 8797 8917
f 8796 8917 8916
f 8797 8798 8918
f 8797 8918 8917
f 8798 8799 8919
f 8798 8919 8918
f 8799 8800 8920
f 8799 8920 8919
f 8800 8801 8921
f 8800 8921 8920
f 8801 8802 8922
f 8801 8922 8921
f 8802 8803 8923
f 8802 8923 8922
f 8803 8804 8924
f 8803 8924 8923
f 8804 8805 8925
f 8804 8925 8924
f 8805 8806 8926
f 8805 8926 8925
f 8806 8807 8927
f 8806 8927 8926
f 8807 8808 8928
f 8807 8928 8927
f 8808 8809 8929
f 8808 8929 8928
f 8809 8810 8930
f 8809 8930 8929
f 8810 8811 8931
f 8810 8931 8930
f 8811 8812 8932
f 8811 8932 8931
f 8812 8813 8933
f 8812 8933 8932
f 8813 8814 8934
f 8813 8934 8933
f 8814 8815 8935
f 8814 8935 8934
f 8815 8816 8936
f 8815 8936 8935
f 8816 8817 8937
f 8816 8937 8936
f 8817 8818 8938
f 8817 8938 8937
f 8818 8819 8939
f 8818 8939 8938
f 8819 8820 8940
f 8819 8940 8939
f 8820 8821 8941
f 8820 8941 8940
f 8821 8822 8942
f 8821 8942 8941
f 8822 8823 8943
f 8822 8943 8942
f 8823 8824 8944
f 8823 8944 8943
f 8824 8825 8945
f 8824 8945 8944
f 8825 8826 8946
f 8825 8946 8945
f 8826 8827 8947
f 8826 8947 8946
f 8827 8828 8948
f 8827 8948 8947
f 8828 8829 8949
f 8828 8949 8948
f 8829 8830 8950
f 8829 8950 8949
f 8830 8831 8951
f 8830 8951 8950
f 8831 8832 8952
f 8831 8952 8951
f 8832 8833 8953
f 8832 8953 8952
f 8833 8834 8954
f 8833 8954 8953
f 8834 8835 8955
f 8834 8955 8954
f 8835 8836 8956
f 8835 8956 8955
f 8836 8837 8957
f 8836 8957 8956
f 8837 8838 8958
f 8837 8958 8957
f 8838 8839 8959
f 8838 8959 8958
f 8839 8840 8960
f 8839 8960 8959
f 8840 8841 8961
f 8840 8961 8960
f 8841 8842 8962
f 8841 8962 8961
f 8842 8843 8963
f 8842 8963 8962
f 8843 8844 8964
f 8843 8964 8963
f 8844 8845 8965
f 8844 8965 8964
f 8845 8846 8966
f 8845 8966 8965
f 8846 8847 8967
f 8846 8967 8966
f 8847 8848 8968
f 8847 8968 8967
f 8848 8849 8969
f 8848 8969 8968
f 8849 8850 8970
f 8849 8970 8969
f 8850 8851 8971
f 8850 8971 8970
f 8851 8852 8972
f 8851 8972 8971
f 8852 8853 8973
f 8852 8973 8972
f 8853 8854 8974
f 8853 8974 8973
f 8854 8855 8975
f 8854 8975 8974
f 8855 8856 8976
f 8855 8976 8975
f 8856 8857 8977
f 8856 8977 8976
f 8857 8858 8978
f 8857 8978 8977
f 8858 8859 8979
f 8858 8979 8978
f 8859 8860 8980
f 8859 8980 8979
f 8860 8861 8981
f 8860 8981 8980
f 8861 8862 8982
f 8861 8982 8981
f 8862 8863 8983
f 8862 8983 8982
f 8863 8864 8984
f 8863 8984 8983
f 8864 8865 8985
f 8864 8985 8984
f 8865 8866 8986
f 8865 8986 8985
f 8866 8867 8987
f 8866 8987 8986
f 8867 8868 8988
f 8867 8988 8987
f 8868 8869 8989
f 8868 8989 8988
f 8869 8870 8990
f 8869 8990 8989
f 8870 8871 8991
f 8870 8991 8990
f 8871 8872 8992
f 8871 8992 8991
f 8872 8873 8993
f 8872 8993 8992
f 8873 8874 8994
f 8873 8994 8993
f 8874 8875 8995
f 8874 8995 8994
f 8875 8876 8996
f 8875 8996 8995
f 8876 8877 8997
f 8876 8997 8996
f 8877 8878 8998
f 8877 8998 8997
f 8878 8879 8999
f 8878 8999 8998
f 8879 8880 9000
f 8879 9000 8999
f 8880 8881 9001
f 8880 9001 9000
f 8881 8762 8882
f 8881 8882 9001
f 8882 8883 9003
f 8882 9003 9002
f 8883 8884 9004
f 8883 9004 9003
f 8884 8885 9005
f 8884 9005 9004
f 8885 8886 9006
f 8885 9006 9005
f 8886 8887 9007
f 8886 9007 9006
f 8887 8888 9008
f 8887 9008 9007
f 8888 8889 9009
f 8888 9009 9008
f 8889 8890 9010
f 8889 9010 9009
f 8890 8891 9011
f 8890 9011 9010
f 8891 8892 9012
f 8891 9012 9011
f 8892 8893 9013
f 8892 9013 9012
f 8893 8894 9014
f 8893 9014 9013
f 8894 8895 9015
f 8894 9015 9014
f 8895 8896 9016
f 8895 9016 9015
f 8896 8897 9017
f 8896 9017 9016
f 8897 8898 9018
f 8897 9018 9017
f 8898 8899 9019
f 8898 9019 9018
f 8899 8900 9020
f 8899 9020 9019
f 8900 8901 9021
f 8900 9021 9020
f 8901 8902 9022
f 8901 9022 9021
f 8902 8903 9023
f 8902 9023 9022
f 8903 8904 9024
f 8903 9024 9023
f 8904 8905 9025
f 8904 9025 9024
f 8905 8906 9026
f 8905 9026 9025
f 8906 8907 9027
f 8906 9027 9026
f 8907 8908 9028
f 8907 9028 9027
f 8908 8909 9029
f 8908 9029 9028
f 8909 8910 9030
f 8909 9030 9029
f 8910 8911 9031
f 8910 9031 9030
f 8911 8912 9032
f 8911 9032 9031
f 8912 8913 9033
f 8912 9033 9032
f 8913 8914 9034
f 8913 9034 9033
f 8914 8915 9035
f 8914 9035 9034
f 8915 8916 9036
f 8915 9036 9035
f 8916 8917 9037
f 8916 9037 9036
f 8917 8918 9038
f 8917 9038 9037
f 8918 8919 9039
f 8918 9039 9038
f 8919 8920 9040
f 8919 9040 9039
f 8920 8921 9041
f 8920 9041 9040
f 8921 8922 9042
f 8921 9042 9041
f 8922 8923 9043
f 8922 9043 9042
f 8923 8924 9044
f 8923 9044 9043
f 8924 8925 9045
f 8924 9045 9044
f 8925 8926 9046
f 8925 9046 9045
f 8926 8927 9047
f 8926 9047 9046
f 8927 8928 9048
f 8927 9048 9047
f 8928 8929 9049
f 8928 9049 9048
f 8929 8930 9050
f 8929 9050 9049
f 8930 8931 9051
f 8930 9051 9050
f 8931 8932 9052
f 8931 9052 9051
f 8932 8933 9053
f 8932 9053 9052
f 8933 8934 9054
f 8933 9054 9053
f 8934 8935 9055
f 8934 9055 9054
f 8935 8936 9056
f 8935 9056 9055
f 8936 8937 9057
f 8936 9057 9056
f 8937 8938 9058
f 8937 9058 9057
f 8938 8939 9059
f 8938 9059 9058
f 8939 8940 9060
f 8939 9060 9059
f 8940 8941 9061
f 8940 9061 9060
f 8941 8942 9062
f 8941 9062 9061
f 8942 8943 9063
f 8942 9063 9062
f 8943 8944 9064
f 8943 9064 9063
f 8944 8945 9065
f 8944 9065 9064
f 8945 8946 9066
f 8945 9066 9065
f 8946 8947 9067
f 8946 9067 9066
f 8947 8948 9068
f 8947 9068 9067
f 8948 8949 9069
f 8948 9069 9068
f 8949 8950 9070
f 8949 9070 9069
f 8950 8951 9071
f 8950 9071 9070
f 8951 8952 9072
f 8951 9072 9071
f 8952 8953 9073
f 8952 9073 9072
f 8953 8954 9074
f 8953 9074 9073
f 8954 8955 9075
f 8954 9075 9074
f 8955 8956 9076
f 8955 9076 9075
f 8956 8957 9077
f 8956 9077 9076
f 8957 8958 9078
f 8957 9078 9077
f 8958 8959 9079
f 8958 9079 9078
f 8959 8960 9080
f 8959 9080 9079
f 8960 8961 9081
f 8960 9081 9080
f 8961 8962 9082
f 8961 9082 9081
f 8962 8963 9083
f 8962 9083 9082
f 8963 8964 9084
f 8963 9084 9083
f 8964 8965 9085
f 8964 9085 9084
f 8965 8966 9086
f 8965 9086 9085
f 8966 8967 9087
f 8966 9087 9086
f 8967 8968 9088
f 8967 9088 9087
f 8968 8969 9089
f 8968 9089 9088
f 8969 8970 9090
f 8969 9090 9089
f 8970 8971 9091
f 8970 9091 9090
f 8971 8972 9092
f 8971 9092 9091
f 8972 8973 9093
f 8972 9093 9092
f 8973 8974 9094
f 8973 9094 9093
f 8974 8975 9095
f 8974 9095 9094
f 8975 8976 9096
f 8975 9096 9095
f 8976 8977 9097
f 8976 9097 9096
f 8977 8978 9098
f 8977 9098 9097
f 8978 8979 9099
f 8978 9099 9098
f 8979 8980 9100
f 8979 9100 9099
f 8980 8981 9101
f 8980 9101 9100
f 8981 8982 9102
f 8981 9102 9101
f 8982 8983 9103
f 8982 9103 9102
f 8983 8984 9104
f 8983 9104 9103
f 8984 8985 9105
f 8984 9105 9104
f 8985 8986 9106
f 8985 9106 9105
f 8986 8987 9107
f 8986 9107 9106
f 8987 8988 9108
f 8987 9108 9107
f 8988 8989 9109
f 8988 9109 9108
f 8989 8990 9110
f 8989 9110 9109
f 8990 8991 9111
f 8990 9111 9110
f 8991 8992 9112
f 8991 9112 9111
f 8992 8993 9113
f 8992 9113 9112
f 8993 8994 9114
f 8993 9114 9113
f 8994 8995 9115
f 8994 9115 9114
f 8995 8996 9116
f 8995 9116 9115
f 8996 8997 9117
f 8996 9117 9116
f 8997 8998 9118
f 8997 9118 9117
f 8998 8999 9119
f 8998 9119 9118
f 8999 9000 9120
f 8999 9120 9119
f 9000 9001 9121
f 9000 9121 9120
f 9001 8882 9002
f 9001 9002 9121
f 9002 9003 9123
f 9002 9123 9122
f 9003 9004 9124
f 9003 9124 9123
f 9004 9005 9125
f 9004 9125 9124
f 9005 9006 9126
f 9005 9126 9125
f 9006 9007 9127
f 9006 9127 9126
f 9007 9008 9128
f 9007 9128 9127
f 9008 9009 9129
f 9008 9129 9128
f 9009 9010 9130
f 9009 9130 9129
f 9010 9011 9131
f 9010 9131 9130
f 9011 9012 9132
f 9011 9132 9131
f 9012 9013 9133
f 9012 9133 9132
f 9013 9014 9134
f 9013 9134 9133
f 9014 9015 9135
f 9014 9135 9134
f 9015 9016 9136
f 9015 9136 9135
f 9016 9017 9137
f 9016 9137 9136
f 9017 9018 9138
f 9017 9138 9137
f 9018 9019 9139
f 9018 9139 9138
f 9019 9020 9140
f 9019 9140 9139
f 9020 9021 9141
f 9020 9141 9140
f 9021 9022 9142
f 9021 9142 9141
f 9022 9023 9143
f 9022 9143 9142
f 9023 9024 9144
f 9023 9144 9143
f 9024 9025 9145
f 9024 9145 9144
f 9025 9026 9146
f 9025 9146 9145
f 9026 9027 9147
f 9026 9147 9146
f 9027 9028 9148
f 9027 9148 9147
f 9028 9029 9149
f 9028 9149 9148
f 9029 9030 9150
f 9029 9150 9149
f 9030 9031 9151
f 9030 9151 9150
f 9031 9032 9152
f 9031 9152 9151
f 9032 9033 9153
f 9032 9153 9152
f 9033 9034 9154
f 9033 9154 9153
f 9034 9035 9155
f 9034 9155 9154
f 9035 9036 9156
f 9035 9156 9155
f 9036 9037 9157
f 9036 9157 9156
f 9037 9038 9158
f 9037 9158 9157
f 9038 9039 9159
f 9038 9159 9158
f 9039 9040 9160
f 9039 9160 9159
f 9040 9041 9161
f 9040 9161 9160
f 9041 9042 9162
f 9041 9162 9161
f 9042 9043 9163
f 9042 9163 9162
f 9043 9044 9164
f 9043 9164 9163
f 9044 9045 9165
f 9044 9165 9164
f 9045 9046 9166
f 9045 9166 9165
f 9046 9047 9167
f 9046 9167 9166
f 9047 9048 9168
f 9047 9168 9167
f 9048 9049 9169
f 9048 9169 9168
f 9049 9050 9170
f 9049 9170 9169
f 9050 9051 9171
f 9050 9171 9170
f 9051 9052 9172
f 9051 9172 9171
f 9052 9053 9173
f 9052 9173 9172
f 9053 9054 9174
f 9053 9174 9173
f 9054 9055 9175
f 9054 9175 9174
f 9055 9056 9176
f 9055 9176 9175
f 9056 9057 9177
f 9056 9177 9176
f 9057 9058 9178
f 9057 9178 9177
f 9058 9059 9179
f 9058 9179 9178
f 9059 9060 9180
f 9059 9180 9179
f 9060 9061 9181
f 9060 9181 9180
f 9061 9062 9182
f 9061 9182 9181
f 9062 9063 9183
f 9062 9183 9182
f 9063 9064 9184
f 9063 9184 9183
f 9064 9065 9185
f 9064 9185 9184
f 9065 9066 9186
f 9065 9186 9185
f 9066 9067 9187
f 9066 9187 9186
f 9067 9068 9188
f 9067 9188 9187
f 9068 9069 9189
f 9068 9189 9188
f 9069 9070 9190
f 9069 9190 9189
f 9070 9071 9191
f 9070 9191 9190
f 9071 9072 9192
f 9071 9192 9191
f 9072 9073 9193
f 9072 9193 9192
f 9073 9074 9194
f 9073 9194 9193
f 9074 9075 9195
f 9074 9195 9194
f 9075 9076 9196
f 9075 9196 9195
f 9076 9077 9197
f 9076 9197 9196
f 9077 9078 9198
f 9077 9198 9197
f 9078 9079 9199
f 9078 9199 9198
f 9079 9080 9200
f 9079 9200 9199
f 9080 9081 9201
f 9080 9201 9200
f 9081 9082 9202
f 9081 9202 9201
f 9082 9083 9203
f 9082 9203 9202
f 9083 9084 9204
f 9083 9204 9203
f 9084 9085 9205
f 9084 9205 9204
f 9085 9086 9206
f 9085 9206 9205
f 9086 9087 9207
f 9086 9207 9206
f 9087 9088 9208
f 9087 9208 9207
f 9088 9089 9209
f 9088 9209 9208
f 9089 9090 9210
f 9089 9210 9209
f 9090 9091 9211
f 9090 9211 9210
f 9091 9092 9212
f 9091 9212 9211
f 9092 9093 9213
f 9092 9213 9212
f 9093 9094 9214
f 9093 9214 9213
f 9094 9095 9215
f 9094 9215 9214
f 9095 9096 9216
f 9095 9216 9215
f 9096 9097 9217
f 9096 9217 9216
f 9097 9098 9218
f 9097 9218 9217
f 9098 9099 9219
f 9098 9219 9218
f 9099 9100 9220
f 9099 9220 9219
f 9100 9101 9221
f 9100 9221 9220
f 9101 9102 9222
f 9101 9222 9221
f 9102 9103 9223
f 9102 9223 9222
f 9103 9104 9224
f 9103 9224 9223
f 9104 9105 9225
f 9104 9225 9224
f 9105 9106 9226
f 9105 9226 9225
f 9106 9107 9227
f 9106 9227 9226
f 9107 9108 9228
f 9107 9228 9227
f 9108 9109 9229
f 9108 9229 9228
f 9109 9110 9230
f 9109 9230 9229
f 9110 9111 9231
f 9110 9231 9230
f 9111 9112 9232
f 9111 9232 9231
f 9112 9113 9233
f 9112 9233 9232
f 9113 9114 9234
f 9113 9234 9233
f 9114 9115 9235
f 9114 9235 9234
f 9115 9116 9236
f 9115 9236 9235
f 9116 9117 9237
f 9116 9237 9236
f 9117 9118 9238
f 9117 9238 9237
f 9118 9119 9239
f 9118 9239 9238
f 9119 9120 9240
f 9119 9240 9239
f 9120 9121 9241
f 9120 9241 9240
f 9121 9002 9122
f 9121 9122 9241
f 9122 9123 9243
f 9122 9243 9242
f 9123 9124 9244
f 9123 9244 9243
f 9124 9125 9245
f 9124 9245 9244
f 9125 9126 9246
f 9125 9246 9245
f 9126 9127 9247
f 9126 9247 9246
f 9127 9128 9248
f 9127 9248 9247
f 9128 9129 9249
f 9128 9249 9248
f 9129 9130 9250
f 9129 9250 9249
f 9130 9131 9251
f 9130 9251 9250
f 9131 9132 9252
f 9131 9252 9251
f 9132 9133 9253
f 9132 9253 9252
f 9133 9134 9254
f 9133 9254 9253
f 9134 9135 9255
f 9134 9255 9254
f 9135 9136 9256
f 9135 9256 9255
f 9136 9137 9257
f 9136 9257 9256
f 9137 9138 9258
f 9137 9258 9257
f 9138 9139 9259
f 9138 9259 9258
f 9139 9140 9260
f 9139 9260 9259
f 9140 9141 9261
f 9140 9261 9260
f 9141 9142 9262
f 9141 9262 9261
f 9142 9143 9263
f 9142 9263 9262
f 9143 9144 9264
f 9143 9264 9263
f 9144 9145 9265
f 9144 9265 9264
f 9145 9146 9266
f 9145 9266 9265
f 9146 9147 9267
f 9146 9267 9266
f 9147 9148 9268
f 9147 9268 9267
f 9148 9149 9269
f 9148 9269 9268
f 9149 9150 9270
f 9149 9270 9269
f 9150 9151 9271
f 9150 9271 9270
f 9151 9152 9272
f 9151 9272 9271
f 9152 9153 9273
f 9152 9273 9272
f 9153 9154 9274
f 9153 9274 9273
f 9154 9155 9275
f 9154 9275 9274
f 9155 9156 9276
f 9155 9276 9275
f 9156 9157 9277
f 9156 9277 9276
f 9157 9158 9278
f 9157 9278 9277
f 9158 9159 9279
f 9158 9279 9278
f 9159 9160 9280
f 9159 9280 9279
f 9160 9161 9281
f 9160 9281 9280
f 9161 9162 9282
f 9161 9282 9281
f 9162 9163 9283
f 9162 9283 9282
f 9163 9164 9284
f 9163 9284 9283
f 9164 9165 9285
f 9164 9285 9284
f 9165 9166 9286
f 9165 9286 9285
f 9166 9167 9287
f 9166 9287 9286
f 9167 9168 9288
f 9167 9288 9287
f 9168 9169 9289
f 9168 9289 9288
f 9169 9170 9290
f 9169 9290 9289
f 9170 9171 9291
f 9170 9291 9290
f 9171 9172 9292
f 9171 9292 9291
f 9172 9173 9293
f 9172 9293 9292
f 9173 9174 9294
f 9173 9294 9293
f 9174 9175 9295
f 9174 9295 9294
f 9175 9176 9296
f 9175 9296 9295
f 9176 9177 9297
f 9176 9297 9296
f 9177 9178 9298
f 9177 9298 9297
f 9178 9179 9299
f 9178 9299 9298
f 9179 9180 9300
f 9179 9300 9299
f 9180 9181 9301
f 9180 9301 9300
f 9181 9182 9302
f 9181 9302 9301
f 9182 9183 9303
f 9182 9303 9302
f 9183 9184 9304
f 9183 9304 9303
f 9184 9185 9305
f 9184 9305 9304
f 9185 9186 9306
f 9185 9306 9305
f 9186 9187 9307
f 9186 9307 9306
f 9187 9188 9308
f 9187 9308 9307
f 9188 9189 9309
f 9188 9309 9308
f 9189 9190 9310
f 9189 9310 9309
f 9190 9191 9311
f 9190 9311 9310
f 9191 9192 9312
f 9191 9312 9311
f 9192 9193 9313
f 9192 9313 9312
f 9193 9194 9314
f 9193 9314 9313
f 9194 9195 9315
f 9194 9315 9314
f 9195 9196 9316
f 9195 9316 9315
f 9196 9197 9317
f 9196 9317 9316
f 9197 9198 9318
f 9197 9318 9317
f 9198 9199 9319
f 9198 9319 9318
f 9199 9200 9320
f 9199 9320 9319
f 9200 9201 9321
f 9200 9321 9320
f 9201 9202 9322
f 9201 9322 9321
f 9202 9203 9323
f 9202 9323 9322
f 9203 9204 9324
f 9203 9324 9323
f 9204 9205 9325
f 9204 9325 9324
f 9205 9206 9326
f 9205 9326 9325
f 9206 9207 9327
f 9206 9327 9326
f 9207 9208 9328
f 9207 9328 9327
f 9208 9209 9329
f 9208 9329 9328
f 9209 9210 9330
f 9209 9330 9329
f 9210 9211 9331
f 9210 9331 9330
f 9211 9212 9332
f 9211 9332 9331
f 9212 9213 9333
f 9212 9333 9332
f 9213 9214 9334
f 9213 9334 9333
f 9214 9215 9335
f 9214 9335 9334
f 9215 9216 9336
f 9215 9336 9335
f 9216 9217 9337
f 9216 9337 9336
f 9217 9218 9338
f 9217 9338 9337
f 9218 9219 9339
f 9218 9339 9338
f 9219 9220 9340
f 9219 9340 9339
f 9220 9221 9341
f 9220 9341 9340
f 9221 9222 9342
f 9221 9342 9341
f 9222 9223 9343
f 9222 9343 9342
f 9223 9224 9344
f 9223 9344 9343
f 9224 9225 9345
f 9224 9345 9344
f 9225 9226 9346
f 9225 9346 9345
f 9226 9227 9347
f 9226 9347 9346
f 9227 9228 9348
f 9227 9348 9347
f 9228 9229 9349
f 9228 9349 9348
f 9229 9230 9350
f 9229 9350 9349
f 9230 9231 9351
f 9230 9351 9350
f 9231 9232 9352
f 9231 9352 9351
f 9232 9233 9353
f 9232 9353 9352
f 9233 9234 9354
f 9233 9354 9353
f 9234 9235 9355
f 9234 9355 9354
f 9235 9236 9356
f 9235 9356 9355
f 9236 9237 9357
f 9236 9357 9356
f 9237 9238 9358
f 9237 9358 9357
f 9238 9239 9359
f 9238 9359 9358
f 9239 9240 9360
f 9239 9360 9359
f 9240 9241 9361
f 9240 9361 9360
f 9241 9122 9242
f 9241 9242 9361
f 9362 9242 9243
f 9362 9243 9244
f 9362 9244 9245
f 9362 9245 9246
f 9362 9246 9247
f 9362 9247 9248
f 9362 9248 9249
f 9362 9249 9250
f 9362 9250 9251
f 9362 9251 9252
f 9362 9252 9253
f 9362 9253 9254
f 9362 9254 9255
f 9362 9255 9256
f 9362 9256 9257
f 9362 9257 9258
f 9362 9258 9259
f 9362 9259 9260
f 9362 9260 9261
f 9362 9261 9262
f 9362 9262 9263
f 9362 9263 9264
f 9362 9264 9265
f 9362 9265 9266
f 9362 9266 9267
f 9362 9267 9268
f 9362 9268 9269
f 9362 9269 9270
f 9362 9270 9271
f 9362 9271 9272
f 9362 9272 9273
f 9362 9273 9274
f 9362 9274 9275
f 9362 9275 9276
f 9362 9276 9277
f 9362 9277 9278
f 9362 9278 9279
f 9362 9279 9280
f 9362 9280 9281
f 9362 9281 9282
f 9362 9282 9283
f 9362 9283 9284
f 9362 9284 9285
f 9362 9285 9286
f 9362 9286 9287
f 9362 9287 9288
f 9362 9288 9289
f 9362 9289 9290
f 9362 9290 9291
f 9362 9291 9292
f 9362 9292 9293
f 9362 9293 9294
f 9362 9294 9295
f 9362 9295 9296
f 9362 9296 9297
f 9362 9297 9298
f 9362 9298 9299
f 9362 9299 9300
f 9362 9300 9301
f 9362 9301 9302
f 9362 9302 9303
f 9362 9303 9304
f 9362 9304 9305
f 9362 9305 9306
f 9362 9306 9307
f 9362 9307 9308
f 9362 9308 9309
f 9362 9309 9310
f 9362 9310 9311
f 9362 9311 9312
f 9362 9312 9313
f 9362 9313 9314
f 9362 9314 9315
f 9362 9315 9316
f 9362 9316 9317
f 9362 9317 9318
f 9362 9318 9319
f 9362 9319 9320
f 9362 9320 9321
f 9362 9321 9322
f 9362 9322 9323
f 9362 9323 9324
f 9362 9324 9325
f 9362 9325 9326
f 9362 9326 9327
f 9362 9327 9328
f 9362 9328 9329
f 9362 9329 9330
f 9362 9330 9331
f 9362 9331 9332
f 9362 9332 9333
f 9362 9333 9334
f 9362 9334 9335
f 9362 9335 9336
f 9362 9336 9337
f 9362 9337 9338
f 9362 9338 9339
f 9362 9339 9340
f 9362 9340 9341
f 9362 9341 9342
f 9362 9342 9343
f 9362 9343 9344
f 9362 9344 9345
f 9362 9345 9346
f 9362 9346 9347
f 9362 9347 9348
f 9362 9348 9349
f 9362 9349 9350
f 9362 9350 9351
f 9362 9351 9352
f 9362 9352 9353
f 9362 9353 9354
f 9362 9354 9355
f 9362 9355 9356
f 9362 9356 9357
f 9362 9357 9358
f 9362 9358 9359
f 9362 9359 9360
f 9362 9360 9361
f 9362 9361 9242
